ore_ont_10026	121	22	TIMEOUT120
ore_ont_10009	121	20	TIMEOUT120
ore_ont_10058	121	66	TIMEOUT120
ore_ont_10006	121	567	TIMEOUT120
ore_ont_10068	3	343	ok
ore_ont_10073	7	865	ok
ore_ont_10125	16	1707	ok
ore_ont_10109	121	13	TIMEOUT120
ore_ont_10080	121	201	TIMEOUT120
ore_ont_10123	121	56	TIMEOUT120
ore_ont_10127	122	351	TIMEOUT120
ore_ont_10136	121	639	TIMEOUT120
ore_ont_1012	121	1922	TIMEOUT120
ore_ont_10199	1	5	ok
ore_ont_10173	121	67	TIMEOUT120
ore_ont_10197	121	1616	TIMEOUT120
ore_ont_10212	121	94	TIMEOUT120
ore_ont_10230	121	36	TIMEOUT120
ore_ont_10242	121	113	TIMEOUT120
ore_ont_10314	1	6	ok
ore_ont_10270	121	65	TIMEOUT120
ore_ont_10321	52	9	ok
ore_ont_10340	1	3	ok
ore_ont_1034	1	5	ok
ore_ont_10355	1	5	ok
ore_ont_10275	121	45	TIMEOUT120
ore_ont_10285	121	8	TIMEOUT120
ore_ont_10384	1	5	ok
ore_ont_10388	1	5	ok
ore_ont_10320	121	12	TIMEOUT120
ore_ont_10380	14	990	ok
ore_ont_10413	1	3	ok
ore_ont_10362	121	8	TIMEOUT120
ore_ont_10391	122	6564	TIMEOUT120
ore_ont_10409	121	58	TIMEOUT120
ore_ont_1043	2	332	ok
ore_ont_10503	7	12	ok
ore_ont_10423	121	59	TIMEOUT120
ore_ont_10536	1	4	ok
ore_ont_10537	1	4	exit1
ore_ont_10517	30	2497	exit1
ore_ont_10425	121	6045	TIMEOUT120
ore_ont_10481	121	113	TIMEOUT120
ore_ont_10568	121	1353	TIMEOUT120
ore_ont_10571	121	10	TIMEOUT120
ore_ont_10580	121	12	TIMEOUT120
ore_ont_10588	121	65	TIMEOUT120
ore_ont_10594	121	68	TIMEOUT120
ore_ont_1065	1	4	ok
ore_ont_10608	121	43	TIMEOUT120
ore_ont_10621	123	47941	TIMEOUT120
ore_ont_1062	121	68	TIMEOUT120
ore_ont_1066	121	1029	TIMEOUT120
ore_ont_10672	121	59	TIMEOUT120
ore_ont_10681	121	14	TIMEOUT120
ore_ont_10697	121	370	TIMEOUT120
ore_ont_10702	121	20	TIMEOUT120
ore_ont_10776	1	5	ok
ore_ont_10749	121	129	TIMEOUT120
ore_ont_10805	1	5	ok
ore_ont_10750	121	1858	TIMEOUT120
ore_ont_10823	1	5	ok
ore_ont_10833	1	5	ok
ore_ont_10754	121	198	TIMEOUT120
ore_ont_10860	1	5	exit1
ore_ont_10781	121	34	TIMEOUT120
ore_ont_10888	1	4	exit1
ore_ont_10807	121	20	TIMEOUT120
ore_ont_10838	121	467	TIMEOUT120
ore_ont_10906	1	5	exit1
ore_ont_10874	121	98	TIMEOUT120
ore_ont_10892	121	68	TIMEOUT120
ore_ont_10894	121	14	TIMEOUT120
ore_ont_10908	121	14	TIMEOUT120
ore_ont_1091	121	66	TIMEOUT120
ore_ont_10929	121	619	TIMEOUT120
ore_ont_10965	1	5	ok
ore_ont_10949	121	50	TIMEOUT120
ore_ont_10991	1	6	ok
ore_ont_10992	1	5	ok
ore_ont_11004	1	5	exit1
ore_ont_10951	121	212	TIMEOUT120
ore_ont_10952	121	27	TIMEOUT120
ore_ont_10985	121	57	TIMEOUT120
ore_ont_11016	121	12	TIMEOUT120
ore_ont_11110	2	228	ok
ore_ont_11115	1	6	ok
ore_ont_11124	1	4	ok
ore_ont_11037	121	1195	TIMEOUT120
ore_ont_1112	1	4	ok
ore_ont_11053	121	367	TIMEOUT120
ore_ont_11085	122	33734	TIMEOUT120
ore_ont_1115	1	6	ok
ore_ont_1117	1	5	ok
ore_ont_11126	122	8924	TIMEOUT120
ore_ont_11203	1	6	ok
ore_ont_11131	121	39	TIMEOUT120
ore_ont_11157	121	25	TIMEOUT120
ore_ont_11196	121	1007	TIMEOUT120
ore_ont_11207	121	216	TIMEOUT120
ore_ont_1123	121	2037	TIMEOUT120
ore_ont_11270	123	47941	TIMEOUT120
ore_ont_11282	121	554	TIMEOUT120
ore_ont_11305	1	6	exit1
ore_ont_11287	121	439	TIMEOUT120
ore_ont_11315	8	664	ok
ore_ont_11316	13	18	ok
ore_ont_11349	1	6	ok
ore_ont_11362	1	5	ok
ore_ont_11289	121	69	TIMEOUT120
ore_ont_11392	1	5	ok
ore_ont_11296	121	8	TIMEOUT120
ore_ont_11311	121	158	TIMEOUT120
ore_ont_11426	2	278	ok
ore_ont_11457	1	6	exit1
ore_ont_11459	7	455	ok
ore_ont_11464	5	853	ok
ore_ont_11378	121	448	TIMEOUT120
ore_ont_11411	121	1616	TIMEOUT120
ore_ont_11502	1	4	ok
ore_ont_11523	1	4	exit1
ore_ont_11526	1	5	ok
ore_ont_11416	121	16	TIMEOUT120
ore_ont_11477	121	25	TIMEOUT120
ore_ont_11484	121	20	TIMEOUT120
ore_ont_11572	1	5	ok
ore_ont_11577	1	5	ok
ore_ont_11533	121	14	TIMEOUT120
ore_ont_11597	1	5	ok
ore_ont_11626	1	4	ok
ore_ont_11553	121	1145	TIMEOUT120
ore_ont_11564	121	60	TIMEOUT120
ore_ont_11592	121	8	TIMEOUT120
ore_ont_11676	1	4	ok
ore_ont_11694	1	6	ok
ore_ont_11635	121	31	TIMEOUT120
ore_ont_11703	1	5	ok
ore_ont_1172	1	5	ok
ore_ont_11636	121	81	TIMEOUT120
ore_ont_11827	4	356	ok
ore_ont_11647	121	216	TIMEOUT120
ore_ont_11866	1	4	ok
ore_ont_11889	1	4	ok
ore_ont_11895	7	7	ok
ore_ont_11899	9	665	ok
ore_ont_11901	1	5	exit1
ore_ont_11696	121	66	TIMEOUT120
ore_ont_11929	1	4	exit1
ore_ont_11745	121	636	TIMEOUT120
ore_ont_1182	121	562	TIMEOUT120
ore_ont_11972	1	5	exit1
ore_ont_11978	1	4	ok
ore_ont_11910	121	36	TIMEOUT120
ore_ont_11948	121	69	TIMEOUT120
ore_ont_12000	1	5	ok
ore_ont_1194	121	1187	TIMEOUT120
ore_ont_11989	121	59	TIMEOUT120
ore_ont_1199	121	653	TIMEOUT120
ore_ont_12097	1	5	ok
ore_ont_12039	121	67	TIMEOUT120
ore_ont_12101	26	9	ok
ore_ont_12118	1	4	ok
ore_ont_1211	1	6	ok
ore_ont_12043	121	114	TIMEOUT120
ore_ont_1212	1	4	ok
ore_ont_12150	1	5	ok
ore_ont_12084	121	14	TIMEOUT120
ore_ont_12112	121	16	TIMEOUT120
ore_ont_12128	121	1456	TIMEOUT120
ore_ont_12152	121	109	TIMEOUT120
ore_ont_12174	121	1152	TIMEOUT120
ore_ont_12182	121	3010	TIMEOUT120
ore_ont_12191	121	421	TIMEOUT120
ore_ont_12203	121	750	TIMEOUT120
ore_ont_12284	1	4	ok
ore_ont_12219	121	114	TIMEOUT120
ore_ont_12253	121	12	TIMEOUT120
ore_ont_12270	121	14	TIMEOUT120
ore_ont_12323	121	16	TIMEOUT120
ore_ont_12351	17	1832	ok
ore_ont_12325	121	26	TIMEOUT120
ore_ont_12372	1	6	ok
ore_ont_12414	3	424	ok
ore_ont_12415	1	5	ok
ore_ont_12342	121	15	TIMEOUT120
ore_ont_12448	2	269	ok
ore_ont_12360	121	8	TIMEOUT120
ore_ont_12452	1	5	ok
ore_ont_12369	121	19	TIMEOUT120
ore_ont_12418	121	65	TIMEOUT120
ore_ont_12522	1	6	ok
ore_ont_12528	13	966	ok
ore_ont_12451	121	349	TIMEOUT120
ore_ont_12468	121	59	TIMEOUT120
ore_ont_12584	1	3	ok
ore_ont_12474	121	60	TIMEOUT120
ore_ont_12665	1	3	ok
ore_ont_12567	23	1842	ok
ore_ont_12651	7	448	ok
ore_ont_12721	1	5	ok
ore_ont_12792	1	3	ok
ore_ont_12566	121	11	TIMEOUT120
ore_ont_12698	121	265	TIMEOUT120
ore_ont_1270	121	286	TIMEOUT120
ore_ont_12892	1	5	ok
ore_ont_12801	121	33	TIMEOUT120
ore_ont_12836	121	55	TIMEOUT120
ore_ont_12898	53	7454	ok
ore_ont_12884	121	59	TIMEOUT120
ore_ont_12932	1	4	ok
ore_ont_12901	121	529	TIMEOUT120
ore_ont_12916	121	32	TIMEOUT120
ore_ont_12965	1	5	ok
ore_ont_12992	1	4	ok
ore_ont_12925	121	15	TIMEOUT120
ore_ont_12948	121	11	TIMEOUT120
ore_ont_13066	1	4	ok
ore_ont_12955	121	19	TIMEOUT120
ore_ont_13035	121	15	TIMEOUT120
ore_ont_13052	122	6410	TIMEOUT120
ore_ont_1306	121	2006	TIMEOUT120
ore_ont_13097	1	5	ok
ore_ont_13077	121	9	TIMEOUT120
ore_ont_13112	1	5	ok
ore_ont_13106	3	583	ok
ore_ont_13124	1	5	ok
ore_ont_13078	121	148	TIMEOUT120
ore_ont_13082	121	1151	TIMEOUT120
ore_ont_13113	121	23	TIMEOUT120
ore_ont_13129	121	12	TIMEOUT120
ore_ont_13132	121	11	TIMEOUT120
ore_ont_13136	121	172	TIMEOUT120
ore_ont_13139	121	37	TIMEOUT120
ore_ont_13150	121	60	TIMEOUT120
ore_ont_13153	121	26	TIMEOUT120
ore_ont_13178	121	114	TIMEOUT120
ore_ont_1325	1	4	ok
ore_ont_13219	121	31	TIMEOUT120
ore_ont_13230	121	1026	TIMEOUT120
ore_ont_1330	3	286	ok
ore_ont_13233	121	162	TIMEOUT120
ore_ont_13359	1	6	ok
ore_ont_13299	121	34	TIMEOUT120
ore_ont_13398	1	5	ok
ore_ont_13336	121	57	TIMEOUT120
ore_ont_13337	121	58	TIMEOUT120
ore_ont_13383	121	12	TIMEOUT120
ore_ont_13413	1	3	ok
ore_ont_13404	121	18	TIMEOUT120
ore_ont_13423	7	455	ok
ore_ont_13430	1	7	ok
ore_ont_13460	1	4	ok
ore_ont_1346	1	5	ok
ore_ont_13474	1	5	ok
ore_ont_13405	94	78	ok
ore_ont_1340	121	54	TIMEOUT120
ore_ont_13503	1	4	ok
ore_ont_13524	1	5	ok
ore_ont_1342	121	12	TIMEOUT120
ore_ont_13482	122	2271	TIMEOUT120
ore_ont_13483	121	8	TIMEOUT120
ore_ont_13591	2	496	ok
ore_ont_13526	122	6563	TIMEOUT120
ore_ont_13545	121	34	TIMEOUT120
ore_ont_13584	121	13	TIMEOUT120
ore_ont_13621	121	109	TIMEOUT120
ore_ont_13646	121	17	TIMEOUT120
ore_ont_13680	1	5	exit1
ore_ont_13684	2	595	ok
ore_ont_13647	122	1985	TIMEOUT120
ore_ont_13674	121	59	TIMEOUT120
ore_ont_13679	121	61	TIMEOUT120
ore_ont_13708	1	5	exit1
ore_ont_1370	6	503	ok
ore_ont_13690	121	106	TIMEOUT120
ore_ont_13755	1	5	ok
ore_ont_13700	121	2442	TIMEOUT120
ore_ont_13772	1	5	ok
ore_ont_13704	121	9	TIMEOUT120
ore_ont_13737	121	9	TIMEOUT120
ore_ont_13762	121	13	TIMEOUT120
ore_ont_13833	1	5	ok
ore_ont_13776	121	60	TIMEOUT120
ore_ont_13799	121	16	TIMEOUT120
ore_ont_13805	121	12	TIMEOUT120
ore_ont_13837	121	53	TIMEOUT120
ore_ont_13852	1	4	ok
ore_ont_13840	121	41	TIMEOUT120
ore_ont_13846	121	1210	TIMEOUT120
ore_ont_13872	1	5	ok
ore_ont_13880	1	5	exit1
ore_ont_13851	121	67	TIMEOUT120
ore_ont_13887	1	5	ok
ore_ont_13857	121	57	TIMEOUT120
ore_ont_13859	121	40	TIMEOUT120
ore_ont_13919	1	4	ok
ore_ont_13885	121	12	TIMEOUT120
ore_ont_13898	121	12	TIMEOUT120
ore_ont_13912	121	47	TIMEOUT120
ore_ont_13949	1	6	ok
ore_ont_13928	121	326	TIMEOUT120
ore_ont_13937	121	632	TIMEOUT120
ore_ont_13969	7	448	ok
ore_ont_13941	121	60	TIMEOUT120
ore_ont_13954	121	20	TIMEOUT120
ore_ont_1397	121	88	TIMEOUT120
ore_ont_13991	121	299	TIMEOUT120
ore_ont_14175	1	5	ok
ore_ont_14012	121	172	TIMEOUT120
ore_ont_14185	1	6	ok
ore_ont_14134	122	59	TIMEOUT120
ore_ont_14154	121	299	TIMEOUT120
ore_ont_14183	121	68	TIMEOUT120
ore_ont_14191	121	130	TIMEOUT120
ore_ont_14194	121	115	TIMEOUT120
ore_ont_14216	121	752	TIMEOUT120
ore_ont_14221	121	396	TIMEOUT120
ore_ont_14223	121	138	TIMEOUT120
ore_ont_14258	1	7	ok
ore_ont_14273	1	5	ok
ore_ont_14285	1	5	exit1
ore_ont_14286	1	6	ok
ore_ont_1422	121	316	TIMEOUT120
ore_ont_14308	12	965	ok
ore_ont_14237	121	68	TIMEOUT120
ore_ont_14255	121	59	TIMEOUT120
ore_ont_14294	121	60	TIMEOUT120
ore_ont_1430	121	14	TIMEOUT120
ore_ont_14321	121	11	TIMEOUT120
ore_ont_14331	121	60	TIMEOUT120
ore_ont_14334	121	195	TIMEOUT120
ore_ont_14353	1	5	ok
ore_ont_14341	121	9	TIMEOUT120
ore_ont_14348	121	9	TIMEOUT120
ore_ont_14370	1	6	ok
ore_ont_14351	121	814	TIMEOUT120
ore_ont_14355	121	498	TIMEOUT120
ore_ont_14367	121	97	TIMEOUT120
ore_ont_14375	121	619	TIMEOUT120
ore_ont_14379	121	31	TIMEOUT120
ore_ont_14380	121	299	TIMEOUT120
ore_ont_14517	1	4	ok
ore_ont_14543	2	266	ok
ore_ont_14388	121	10	TIMEOUT120
ore_ont_14450	121	55	TIMEOUT120
ore_ont_14452	121	65	TIMEOUT120
ore_ont_14551	121	119	TIMEOUT120
ore_ont_14556	121	606	TIMEOUT120
ore_ont_14588	121	16	TIMEOUT120
ore_ont_14667	1	4	ok
ore_ont_14593	121	56	TIMEOUT120
ore_ont_14601	121	256	TIMEOUT120
ore_ont_1461	121	16	TIMEOUT120
ore_ont_1469	121	114	TIMEOUT120
ore_ont_14742	121	769	TIMEOUT120
ore_ont_14766	121	66	TIMEOUT120
ore_ont_14816	1	4	ok
ore_ont_14767	121	69	TIMEOUT120
ore_ont_1478	122	88	TIMEOUT120
ore_ont_14800	121	19	TIMEOUT120
ore_ont_14831	1	5	ok
ore_ont_14848	1	5	exit1
ore_ont_14861	5	530	ok
ore_ont_14863	1	4	ok
ore_ont_14818	121	35	TIMEOUT120
ore_ont_1481	121	264	TIMEOUT120
ore_ont_14860	121	2475	TIMEOUT120
ore_ont_14878	121	67	TIMEOUT120
ore_ont_14881	121	379	TIMEOUT120
ore_ont_14883	121	17	TIMEOUT120
ore_ont_14896	121	67	TIMEOUT120
ore_ont_14909	1	6	ok
ore_ont_14912	1	6	ok
ore_ont_14897	121	120	TIMEOUT120
ore_ont_14924	41	9	ok
ore_ont_148	121	66	TIMEOUT120
ore_ont_14906	121	83	TIMEOUT120
ore_ont_15010	15	9	ok
ore_ont_15013	1	6	ok
ore_ont_14919	121	60	TIMEOUT120
ore_ont_14931	121	9	TIMEOUT120
ore_ont_14981	121	13	TIMEOUT120
ore_ont_15030	121	41	TIMEOUT120
ore_ont_15068	1	6	ok
ore_ont_15058	121	9	TIMEOUT120
ore_ont_15063	121	144	TIMEOUT120
ore_ont_15066	121	87	TIMEOUT120
ore_ont_15074	121	68	TIMEOUT120
ore_ont_15133	4	356	ok
ore_ont_15172	2	242	ok
ore_ont_15098	121	33	TIMEOUT120
ore_ont_1509	121	46	TIMEOUT120
ore_ont_15210	2	7	ok
ore_ont_15231	1	5	ok
ore_ont_15103	121	15	TIMEOUT120
ore_ont_1517	121	59	TIMEOUT120
ore_ont_1526	1	5	ok
ore_ont_15184	121	58	TIMEOUT120
ore_ont_15288	1	7	exit1
ore_ont_15237	121	670	TIMEOUT120
ore_ont_1524	121	18	TIMEOUT120
ore_ont_15301	1	4	ok
ore_ont_15280	121	2138	TIMEOUT120
ore_ont_15291	121	10	TIMEOUT120
ore_ont_15297	121	25	TIMEOUT120
ore_ont_1533	121	115	TIMEOUT120
ore_ont_15355	1	5	ok
ore_ont_15363	1	4	ok
ore_ont_1537	1	5	ok
ore_ont_15341	121	38	TIMEOUT120
ore_ont_15352	121	59	TIMEOUT120
ore_ont_15372	121	2356	TIMEOUT120
ore_ont_1539	121	58	TIMEOUT120
ore_ont_153	121	60	TIMEOUT120
ore_ont_15413	121	13	TIMEOUT120
ore_ont_15461	30	20	ok
ore_ont_15421	121	9	TIMEOUT120
ore_ont_15516	1	6	exit1
ore_ont_15450	121	58	TIMEOUT120
ore_ont_15475	121	117	TIMEOUT120
ore_ont_15557	4	501	ok
ore_ont_15514	121	51	TIMEOUT120
ore_ont_15536	121	513	TIMEOUT120
ore_ont_15544	121	59	TIMEOUT120
ore_ont_15583	1	5	ok
ore_ont_1555	121	1729	TIMEOUT120
ore_ont_15612	1	4	ok
ore_ont_15575	121	13	TIMEOUT120
ore_ont_15596	121	10	TIMEOUT120
ore_ont_155	121	19	TIMEOUT120
ore_ont_15652	1	5	exit1
ore_ont_15615	121	129	TIMEOUT120
ore_ont_15621	121	337	TIMEOUT120
ore_ont_15667	23	6	ok
ore_ont_15635	122	8845	TIMEOUT120
ore_ont_15655	121	6759	TIMEOUT120
ore_ont_15685	1	5	ok
ore_ont_15672	121	9	TIMEOUT120
ore_ont_15680	121	685	TIMEOUT120
ore_ont_15682	121	15	TIMEOUT120
ore_ont_15687	121	2038	TIMEOUT120
ore_ont_15692	121	67	TIMEOUT120
ore_ont_15737	1	3	ok
ore_ont_15741	1	6	ok
ore_ont_15695	121	1482	TIMEOUT120
ore_ont_15725	121	444	TIMEOUT120
ore_ont_15733	121	118	TIMEOUT120
ore_ont_15753	121	11	TIMEOUT120
ore_ont_15791	121	114	TIMEOUT120
ore_ont_15796	121	66	TIMEOUT120
ore_ont_15860	1	6	ok
ore_ont_1579	121	698	TIMEOUT120
ore_ont_15803	121	2117	TIMEOUT120
ore_ont_15921	1	12	ok
ore_ont_15971	1	1	ok
ore_ont_15846	121	625	TIMEOUT120
ore_ont_15993	1	5	ok
ore_ont_15871	121	38	TIMEOUT120
ore_ont_15917	121	39	TIMEOUT120
ore_ont_16033	1	4	ok
ore_ont_16054	1	5	ok
ore_ont_16105	1	7	ok
ore_ont_16115	59	10	ok
ore_ont_15991	122	596	TIMEOUT120
ore_ont_16017	121	68	TIMEOUT120
ore_ont_16056	121	14	TIMEOUT120
ore_ont_16188	1	4	ok
ore_ont_16120	121	59	TIMEOUT120
ore_ont_16124	121	112	TIMEOUT120
ore_ont_16235	4	434	ok
ore_ont_16184	121	329	TIMEOUT120
ore_ont_16267	1	5	ok
ore_ont_16191	121	12	TIMEOUT120
ore_ont_16197	121	8	TIMEOUT120
ore_ont_16289	2	5	exit1
ore_ont_16255	121	16	TIMEOUT120
ore_ont_16274	121	21	TIMEOUT120
ore_ont_16321	1	5	exit1
ore_ont_16286	121	353	TIMEOUT120
ore_ont_16359	1	4	exit1
ore_ont_16303	121	106	TIMEOUT120
ore_ont_16315	121	270	TIMEOUT120
ore_ont_1634	121	172	TIMEOUT120
ore_ont_16371	121	39	TIMEOUT120
ore_ont_16425	1	4	ok
ore_ont_16453	1	5	ok
ore_ont_16372	121	55	TIMEOUT120
ore_ont_16414	121	1002	TIMEOUT120
ore_ont_16420	121	196	TIMEOUT120
ore_ont_16457	121	1312	TIMEOUT120
ore_ont_16481	121	118	TIMEOUT120
ore_ont_16509	121	36	TIMEOUT120
ore_ont_16547	1	5	ok
ore_ont_16511	121	195	TIMEOUT120
ore_ont_16535	121	14	TIMEOUT120
ore_ont_1662	1	6	ok
ore_ont_16542	122	14158	TIMEOUT120
ore_ont_16565	121	59	TIMEOUT120
ore_ont_16617	121	60	TIMEOUT120
ore_ont_16630	121	12	TIMEOUT120
ore_ont_16632	122	9209	TIMEOUT120
ore_ont_16642	121	70	TIMEOUT120
ore_ont_16703	1	9	ok
ore_ont_16708	1	5	ok
ore_ont_16666	121	182	TIMEOUT120
ore_ont_16670	121	15	TIMEOUT120
ore_ont_16701	121	552	TIMEOUT120
ore_ont_16723	121	9	TIMEOUT120
ore_ont_1672	121	276	TIMEOUT120
ore_ont_16767	2	279	ok
ore_ont_16777	1	5	ok
ore_ont_16738	121	59	TIMEOUT120
ore_ont_16750	121	95	TIMEOUT120
ore_ont_16759	121	121	TIMEOUT120
ore_ont_16827	1	0	ok
ore_ont_16800	121	167	TIMEOUT120
ore_ont_16855	1	5	exit1
ore_ont_16814	121	8	TIMEOUT120
ore_ont_1705	1	5	exit1
ore_ont_1743	1	4	ok
ore_ont_1767	1	6	ok
ore_ont_16822	121	83	TIMEOUT120
ore_ont_16853	122	2546	TIMEOUT120
ore_ont_1685	122	15018	TIMEOUT120
ore_ont_1821	3	567	ok
ore_ont_1784	121	13	TIMEOUT120
ore_ont_178	121	13	TIMEOUT120
ore_ont_1840	1	5	ok
ore_ont_1790	121	60	TIMEOUT120
ore_ont_1823	121	9	TIMEOUT120
ore_ont_1833	122	19341	TIMEOUT120
ore_ont_1869	1	6	ok
ore_ont_1853	121	8	TIMEOUT120
ore_ont_185	121	11	TIMEOUT120
ore_ont_1866	121	15	TIMEOUT120
ore_ont_1902	1	5	exit1
ore_ont_191	2	228	ok
ore_ont_1870	121	60	TIMEOUT120
ore_ont_1886	121	375	TIMEOUT120
ore_ont_1944	1	4	exit1
ore_ont_1954	1	4	ok
ore_ont_1898	121	15	TIMEOUT120
ore_ont_1931	121	18	TIMEOUT120
ore_ont_1938	121	735	TIMEOUT120
ore_ont_1988	5	7	ok
ore_ont_202	1	5	exit1
ore_ont_2036	1	5	ok
ore_ont_2038	1	5	ok
ore_ont_1958	121	29	TIMEOUT120
ore_ont_1965	121	108	TIMEOUT120
ore_ont_2066	1	5	ok
ore_ont_1966	121	364	TIMEOUT120
ore_ont_2046	121	499	TIMEOUT120
ore_ont_2128	1	5	ok
ore_ont_205	121	95	TIMEOUT120
ore_ont_20	121	2716	TIMEOUT120
ore_ont_2111	121	878	TIMEOUT120
ore_ont_2237	1	5	ok
ore_ont_2142	121	154	TIMEOUT120
ore_ont_2266	1	6	ok
ore_ont_2291	3	461	ok
ore_ont_22	1	6	ok
ore_ont_2303	1	4	ok
ore_ont_2182	121	77	TIMEOUT120
ore_ont_2213	121	83	TIMEOUT120
ore_ont_231	1	5	ok
ore_ont_2253	121	755	TIMEOUT120
ore_ont_2313	121	173	TIMEOUT120
ore_ont_2361	3	335	ok
ore_ont_236	1	5	ok
ore_ont_237	1	5	exit1
ore_ont_2318	121	38	TIMEOUT120
ore_ont_2333	121	37	TIMEOUT120
ore_ont_2360	121	60	TIMEOUT120
ore_ont_2456	1	5	ok
ore_ont_2485	1	5	ok
ore_ont_2486	15	1067	ok
ore_ont_239	121	123	TIMEOUT120
ore_ont_2415	121	503	TIMEOUT120
ore_ont_2453	121	49	TIMEOUT120
ore_ont_2526	1	5	exit1
ore_ont_2488	121	13	TIMEOUT120
ore_ont_2504	121	7518	TIMEOUT120
ore_ont_2513	121	653	TIMEOUT120
ore_ont_2556	1	5	ok
ore_ont_2557	1	4	ok
ore_ont_2531	121	59	TIMEOUT120
ore_ont_253	121	149	TIMEOUT120
ore_ont_2548	121	2468	TIMEOUT120
ore_ont_2574	121	1551	TIMEOUT120
ore_ont_2578	121	68	TIMEOUT120
ore_ont_2608	1	4	ok
ore_ont_257	122	1014	TIMEOUT120
ore_ont_259	121	58	TIMEOUT120
ore_ont_2624	1	9	ok
ore_ont_2654	1	5	ok
ore_ont_2604	121	52	TIMEOUT120
ore_ont_2669	1	5	exit1
ore_ont_260	121	108	TIMEOUT120
ore_ont_2622	121	637	TIMEOUT120
ore_ont_2664	121	60	TIMEOUT120
ore_ont_2677	121	35	TIMEOUT120
ore_ont_2719	1	4	ok
ore_ont_2678	121	20	TIMEOUT120
ore_ont_2700	121	68	TIMEOUT120
ore_ont_2775	4	8	ok
ore_ont_2703	121	28	TIMEOUT120
ore_ont_2744	121	13	TIMEOUT120
ore_ont_2749	121	177	TIMEOUT120
ore_ont_2783	121	58	TIMEOUT120
ore_ont_2792	121	183	TIMEOUT120
ore_ont_2848	1	6	ok
ore_ont_2817	121	60	TIMEOUT120
ore_ont_2826	121	20	TIMEOUT120
ore_ont_2837	121	8	TIMEOUT120
ore_ont_2989	1	5	exit1
ore_ont_2860	121	18	TIMEOUT120
ore_ont_2901	121	59	TIMEOUT120
ore_ont_290	121	61	TIMEOUT120
ore_ont_3053	5	10	ok
ore_ont_3060	1	6	exit1
ore_ont_3010	121	20	TIMEOUT120
ore_ont_3022	121	20	TIMEOUT120
ore_ont_3050	121	59	TIMEOUT120
ore_ont_3100	8	455	ok
ore_ont_3077	121	479	TIMEOUT120
ore_ont_3080	122	1467	TIMEOUT120
ore_ont_3087	121	475	TIMEOUT120
ore_ont_3114	121	59	TIMEOUT120
ore_ont_318	5	555	ok
ore_ont_3133	121	733	TIMEOUT120
ore_ont_3156	121	20	TIMEOUT120
ore_ont_3241	1	5	ok
ore_ont_3164	121	573	TIMEOUT120
ore_ont_3205	121	14	TIMEOUT120
ore_ont_3259	1	5	ok
ore_ont_3214	121	67	TIMEOUT120
ore_ont_3260	30	21	ok
ore_ont_3270	1	5	exit1
ore_ont_3250	121	45	TIMEOUT120
ore_ont_3292	1	5	ok
ore_ont_3255	121	384	TIMEOUT120
ore_ont_330	1	6	ok
ore_ont_3313	1	6	ok
ore_ont_3262	121	85	TIMEOUT120
ore_ont_3344	1	5	ok
ore_ont_3281	121	15	TIMEOUT120
ore_ont_3301	121	13	TIMEOUT120
ore_ont_3377	18	2118	ok
ore_ont_3329	121	59	TIMEOUT120
ore_ont_3357	121	82	TIMEOUT120
ore_ont_336	121	68	TIMEOUT120
ore_ont_3381	121	35	TIMEOUT120
ore_ont_3516	1	5	ok
ore_ont_3411	121	11	TIMEOUT120
ore_ont_3529	1	4	ok
ore_ont_3560	8	1026	ok
ore_ont_3500	121	68	TIMEOUT120
ore_ont_3503	121	18	TIMEOUT120
ore_ont_3545	121	13	TIMEOUT120
ore_ont_3561	121	146	TIMEOUT120
ore_ont_3562	121	127	TIMEOUT120
ore_ont_3566	121	11	TIMEOUT120
ore_ont_3592	37	29	ok
ore_ont_3575	121	865	TIMEOUT120
ore_ont_3671	1	5	ok
ore_ont_3696	4	567	ok
ore_ont_3708	1	5	exit1
ore_ont_3584	121	61	TIMEOUT120
ore_ont_3640	121	49	TIMEOUT120
ore_ont_3737	2	228	ok
ore_ont_3770	1	5	ok
ore_ont_3771	1	5	ok
ore_ont_3781	1	6	ok
ore_ont_3658	121	660	TIMEOUT120
ore_ont_3789	1	4	exit1
ore_ont_3726	121	11	TIMEOUT120
ore_ont_3733	121	507	TIMEOUT120
ore_ont_3806	44	8	ok
ore_ont_3835	1	5	ok
ore_ont_3839	1	5	ok
ore_ont_3783	121	15	TIMEOUT120
ore_ont_3852	1	4	exit1
ore_ont_3795	121	82	TIMEOUT120
ore_ont_3873	2	300	ok
ore_ont_3884	1	6	ok
ore_ont_3816	121	261	TIMEOUT120
ore_ont_3843	121	12	TIMEOUT120
ore_ont_385	121	13	TIMEOUT120
ore_ont_3892	121	15	TIMEOUT120
ore_ont_3916	1	6	exit1
ore_ont_3905	121	53	TIMEOUT120
ore_ont_3936	1	4	ok
ore_ont_3910	121	21	TIMEOUT120
ore_ont_3954	2	261	ok
ore_ont_3966	1	5	ok
ore_ont_3978	1	3	ok
ore_ont_3987	1	5	exit1
ore_ont_3914	121	1840	TIMEOUT120
ore_ont_3917	121	504	TIMEOUT120
ore_ont_394	121	10	TIMEOUT120
ore_ont_4035	1	5	ok
ore_ont_399	121	36	TIMEOUT120
ore_ont_4054	5	467	ok
ore_ont_4032	121	12	TIMEOUT120
ore_ont_4127	1	5	ok
ore_ont_4133	6	8	ok
ore_ont_4033	121	344	TIMEOUT120
ore_ont_4049	121	366	TIMEOUT120
ore_ont_4092	121	67	TIMEOUT120
ore_ont_4182	1	4	ok
ore_ont_4141	122	5290	TIMEOUT120
ore_ont_4162	121	58	TIMEOUT120
ore_ont_4193	1	5	exit1
ore_ont_4166	121	420	TIMEOUT120
ore_ont_420	1	4	ok
ore_ont_4187	121	768	TIMEOUT120
ore_ont_4233	4	559	ok
ore_ont_4242	2	357	ok
ore_ont_4260	1	6	ok
ore_ont_4188	121	66	TIMEOUT120
ore_ont_430	1	6	ok
ore_ont_4315	1	5	ok
ore_ont_4198	121	114	TIMEOUT120
ore_ont_4210	121	82	TIMEOUT120
ore_ont_4400	1	5	ok
ore_ont_4263	121	60	TIMEOUT120
ore_ont_4354	121	13	TIMEOUT120
ore_ont_4363	121	115	TIMEOUT120
ore_ont_4428	1	5	exit1
ore_ont_4410	121	3773	TIMEOUT120
ore_ont_443	1	5	exit1
ore_ont_4412	121	1262	TIMEOUT120
ore_ont_4423	121	68	TIMEOUT120
ore_ont_4429	121	60	TIMEOUT120
ore_ont_4469	121	23	TIMEOUT120
ore_ont_4527	1	7	ok
ore_ont_4510	121	634	TIMEOUT120
ore_ont_4515	121	59	TIMEOUT120
ore_ont_4516	121	11	TIMEOUT120
ore_ont_4557	121	662	TIMEOUT120
ore_ont_4567	121	327	TIMEOUT120
ore_ont_4572	121	480	TIMEOUT120
ore_ont_4598	6	630	ok
ore_ont_4577	121	551	TIMEOUT120
ore_ont_4639	1	5	ok
ore_ont_4662	1	6	ok
ore_ont_4581	121	60	TIMEOUT120
ore_ont_4587	121	94	TIMEOUT120
ore_ont_4744	7	448	ok
ore_ont_4755	5	529	ok
ore_ont_4609	121	686	TIMEOUT120
ore_ont_4719	121	12	TIMEOUT120
ore_ont_4737	121	42	TIMEOUT120
ore_ont_4770	121	66	TIMEOUT120
ore_ont_480	1	0	ok
ore_ont_4775	121	345	TIMEOUT120
ore_ont_4856	1	5	ok
ore_ont_4875	1	4	ok
ore_ont_4780	121	127	TIMEOUT120
ore_ont_4796	121	150	TIMEOUT120
ore_ont_4936	1	4	exit1
ore_ont_4938	1	7	ok
ore_ont_4834	121	82	TIMEOUT120
ore_ont_4903	121	92	TIMEOUT120
ore_ont_4911	121	2439	TIMEOUT120
ore_ont_4958	121	66	TIMEOUT120
ore_ont_5033	1	4	exit1
ore_ont_4961	121	160	TIMEOUT120
ore_ont_5074	1	5	ok
ore_ont_5078	1	6	ok
ore_ont_507	1	6	ok
ore_ont_508	1	5	ok
ore_ont_4983	121	14	TIMEOUT120
ore_ont_5014	121	19	TIMEOUT120
ore_ont_5059	121	121	TIMEOUT120
ore_ont_5092	121	58	TIMEOUT120
ore_ont_5149	1	5	ok
ore_ont_5159	1	5	exit1
ore_ont_5164	1	4	ok
ore_ont_509	121	26	TIMEOUT120
ore_ont_5193	1	7	ok
ore_ont_5103	121	723	TIMEOUT120
ore_ont_5205	1	5	ok
ore_ont_5206	1	6	exit1
ore_ont_5216	1	5	ok
ore_ont_5107	121	10	TIMEOUT120
ore_ont_5220	1	5	ok
ore_ont_5241	1	6	ok
ore_ont_524	1	5	ok
ore_ont_5184	121	9	TIMEOUT120
ore_ont_5258	1	5	ok
ore_ont_5263	2	3	ok
ore_ont_5204	121	14	TIMEOUT120
ore_ont_5292	9	5	ok
ore_ont_5218	121	864	TIMEOUT120
ore_ont_5253	121	345	TIMEOUT120
ore_ont_5324	1	5	ok
ore_ont_5358	5	467	ok
ore_ont_5359	28	15	ok
ore_ont_5289	121	307	TIMEOUT120
ore_ont_5295	121	1109	TIMEOUT120
ore_ont_5298	121	67	TIMEOUT120
ore_ont_5418	6	580	ok
ore_ont_5368	122	26322	TIMEOUT120
ore_ont_5481	7	865	ok
ore_ont_5492	1	5	ok
ore_ont_5398	121	67	TIMEOUT120
ore_ont_5509	1	6	ok
ore_ont_5519	8	993	ok
ore_ont_5539	1	5	exit1
ore_ont_5448	121	58	TIMEOUT120
ore_ont_5475	121	1124	TIMEOUT120
ore_ont_5502	121	22	TIMEOUT120
ore_ont_5549	3	335	ok
ore_ont_5550	1	5	ok
ore_ont_5543	121	59	TIMEOUT120
ore_ont_5572	1	4	exit1
ore_ont_5596	3	496	ok
ore_ont_5544	121	177	TIMEOUT120
ore_ont_5548	121	925	TIMEOUT120
ore_ont_5564	121	12	TIMEOUT120
ore_ont_5602	121	754	TIMEOUT120
ore_ont_5664	121	126	TIMEOUT120
ore_ont_5669	121	37	TIMEOUT120
ore_ont_5721	1	5	ok
ore_ont_5688	121	24	TIMEOUT120
ore_ont_568	121	12	TIMEOUT120
ore_ont_5695	121	171	TIMEOUT120
ore_ont_5755	2	266	ok
ore_ont_572	121	459	TIMEOUT120
ore_ont_5753	34	257	exit1
ore_ont_5769	2	434	ok
ore_ont_5730	121	125	TIMEOUT120
ore_ont_5781	2	267	ok
ore_ont_580	3	6	ok
ore_ont_5760	121	802	TIMEOUT120
ore_ont_5764	121	41	TIMEOUT120
ore_ont_5774	121	9	TIMEOUT120
ore_ont_5834	121	20	TIMEOUT120
ore_ont_5841	121	113	TIMEOUT120
ore_ont_5849	121	862	TIMEOUT120
ore_ont_5932	2	5	ok
ore_ont_5857	121	1666	TIMEOUT120
ore_ont_586	121	26	TIMEOUT120
ore_ont_5966	1	5	ok
ore_ont_5978	1	4	ok
ore_ont_5894	121	25	TIMEOUT120
ore_ont_5943	121	68	TIMEOUT120
ore_ont_6067	1	5	ok
ore_ont_6102	1	5	ok
ore_ont_5964	121	35	TIMEOUT120
ore_ont_6109	1	5	ok
ore_ont_6120	2	241	ok
ore_ont_6020	121	94	TIMEOUT120
ore_ont_6060	121	67	TIMEOUT120
ore_ont_6223	5	580	ok
ore_ont_6108	121	335	TIMEOUT120
ore_ont_6132	121	1102	TIMEOUT120
ore_ont_6146	121	34	TIMEOUT120
ore_ont_6226	121	30	TIMEOUT120
ore_ont_6233	121	1718	TIMEOUT120
ore_ont_6260	1	4	exit1
ore_ont_6234	121	60	TIMEOUT120
ore_ont_6258	121	14	TIMEOUT120
ore_ont_630	1	5	ok
ore_ont_6338	1	5	ok
ore_ont_6266	121	60	TIMEOUT120
ore_ont_6272	121	119	TIMEOUT120
ore_ont_6417	1	3	ok
ore_ont_6278	121	12	TIMEOUT120
ore_ont_6354	121	46	TIMEOUT120
ore_ont_6401	121	32	TIMEOUT120
ore_ont_6443	121	53	TIMEOUT120
ore_ont_6444	121	443	TIMEOUT120
ore_ont_6461	1	5	ok
ore_ont_6446	121	97	TIMEOUT120
ore_ont_6470	1	4	exit1
ore_ont_644	122	37	TIMEOUT120
ore_ont_6478	1	6	ok
ore_ont_6452	121	123	TIMEOUT120
ore_ont_6469	121	58	TIMEOUT120
ore_ont_6477	121	741	TIMEOUT120
ore_ont_6483	121	57	TIMEOUT120
ore_ont_6504	121	90	TIMEOUT120
ore_ont_6617	1	3	exit1
ore_ont_6535	121	59	TIMEOUT120
ore_ont_6589	121	9	TIMEOUT120
ore_ont_6635	66	13	ok
ore_ont_6615	121	8	TIMEOUT120
ore_ont_6696	1	5	ok
ore_ont_6627	122	999	TIMEOUT120
ore_ont_6720	1	5	exit1
ore_ont_6722	2	298	ok
ore_ont_6682	121	737	TIMEOUT120
ore_ont_668	121	1605	TIMEOUT120
ore_ont_6792	1	6	ok
ore_ont_6727	121	26	TIMEOUT120
ore_ont_6729	121	82	TIMEOUT120
ore_ont_6816	3	284	ok
ore_ont_6817	1	7	ok
ore_ont_6765	121	59	TIMEOUT120
ore_ont_6835	4	543	ok
ore_ont_6815	121	58	TIMEOUT120
ore_ont_6822	121	27	TIMEOUT120
ore_ont_6833	122	348	TIMEOUT120
ore_ont_6847	121	67	TIMEOUT120
ore_ont_6855	121	15	TIMEOUT120
ore_ont_6859	121	8	TIMEOUT120
ore_ont_6857	121	13	TIMEOUT120
ore_ont_6892	121	61	TIMEOUT120
ore_ont_6923	121	155	TIMEOUT120
ore_ont_6967	1	6	ok
ore_ont_6934	121	33	TIMEOUT120
ore_ont_6948	122	2113	TIMEOUT120
ore_ont_6951	121	85	TIMEOUT120
ore_ont_6983	121	12	TIMEOUT120
ore_ont_6999	121	25	TIMEOUT120
ore_ont_699	121	459	TIMEOUT120
ore_ont_7015	1	6	ok
ore_ont_7007	122	58	TIMEOUT120
ore_ont_7052	1	3	exit1
ore_ont_7011	121	28	TIMEOUT120
ore_ont_7014	121	69	TIMEOUT120
ore_ont_7025	121	81	TIMEOUT120
ore_ont_7079	121	68	TIMEOUT120
ore_ont_7084	121	59	TIMEOUT120
ore_ont_7102	121	60	TIMEOUT120
ore_ont_7179	1	5	ok
ore_ont_7108	121	28	TIMEOUT120
ore_ont_714	121	9	TIMEOUT120
ore_ont_7174	121	119	TIMEOUT120
ore_ont_7195	1	5	ok
ore_ont_7180	121	37	TIMEOUT120
ore_ont_7188	121	148	TIMEOUT120
ore_ont_7226	1	5	ok
ore_ont_7251	1	5	ok
ore_ont_7192	121	6711	TIMEOUT120
ore_ont_727	1	5	ok
ore_ont_7203	121	79	TIMEOUT120
ore_ont_7237	121	66	TIMEOUT120
ore_ont_7278	121	11	TIMEOUT120
ore_ont_7320	121	61	TIMEOUT120
ore_ont_7327	121	16	TIMEOUT120
ore_ont_7356	1	6	ok
ore_ont_7372	1	5	ok
ore_ont_7389	1	5	ok
ore_ont_7339	121	16	TIMEOUT120
ore_ont_7342	121	10	TIMEOUT120
ore_ont_7345	121	1154	TIMEOUT120
ore_ont_7399	121	58	TIMEOUT120
ore_ont_7418	1	6	ok
ore_ont_7455	2	276	ok
ore_ont_7464	25	9	ok
ore_ont_7401	121	589	TIMEOUT120
ore_ont_7416	121	305	TIMEOUT120
ore_ont_7483	1	7	ok
ore_ont_7417	121	9	TIMEOUT120
ore_ont_7474	121	60	TIMEOUT120
ore_ont_7479	121	113	TIMEOUT120
ore_ont_7488	121	45	TIMEOUT120
ore_ont_7496	121	528	TIMEOUT120
ore_ont_7499	121	68	TIMEOUT120
ore_ont_7517	121	10	TIMEOUT120
ore_ont_751	121	1028	TIMEOUT120
ore_ont_7532	121	46	TIMEOUT120
ore_ont_7578	14	1041	ok
ore_ont_7537	121	68	TIMEOUT120
ore_ont_7557	121	593	TIMEOUT120
ore_ont_7569	121	69	TIMEOUT120
ore_ont_7663	2	5	ok
ore_ont_7607	122	16281	TIMEOUT120
ore_ont_766	1	7	ok
ore_ont_7680	1	4	ok
ore_ont_7706	1	7	ok
ore_ont_7610	121	80	TIMEOUT120
ore_ont_7646	121	4266	TIMEOUT120
ore_ont_773	2	247	ok
ore_ont_7743	1	5	ok
ore_ont_7668	121	12	TIMEOUT120
ore_ont_770	121	67	TIMEOUT120
ore_ont_7778	1	4	ok
ore_ont_7730	121	12	TIMEOUT120
ore_ont_7758	121	59	TIMEOUT120
ore_ont_7800	1	5	ok
ore_ont_7775	122	72	TIMEOUT120
ore_ont_7789	121	12	TIMEOUT120
ore_ont_778	121	13	TIMEOUT120
ore_ont_7820	1	6	exit1
ore_ont_7803	121	340	TIMEOUT120
ore_ont_7858	1	7	ok
ore_ont_7817	121	26	TIMEOUT120
ore_ont_7894	1	5	ok
ore_ont_7818	121	30	TIMEOUT120
ore_ont_7828	121	38	TIMEOUT120
ore_ont_7988	1	4	exit1
ore_ont_7914	121	371	TIMEOUT120
ore_ont_7944	121	67	TIMEOUT120
ore_ont_7962	51	14	ok
ore_ont_7993	121	778	TIMEOUT120
ore_ont_8006	121	16	TIMEOUT120
ore_ont_8019	121	15	TIMEOUT120
ore_ont_8047	1	5	ok
ore_ont_802	121	88	TIMEOUT120
ore_ont_8068	3	335	ok
ore_ont_8119	67	13	ok
ore_ont_8030	121	14	TIMEOUT120
ore_ont_8141	28	15	ok
ore_ont_8142	1	4	exit1
ore_ont_8042	121	20	TIMEOUT120
ore_ont_8175	2	5	ok
ore_ont_8050	121	21	TIMEOUT120
ore_ont_8203	1	5	ok
ore_ont_8171	121	59	TIMEOUT120
ore_ont_8148	121	279	TIMEOUT120
ore_ont_8280	1	5	exit1
ore_ont_8194	121	808	TIMEOUT120
ore_ont_8250	121	37	TIMEOUT120
ore_ont_8286	121	59	TIMEOUT120
ore_ont_8294	121	25	TIMEOUT120
ore_ont_8335	5	7	ok
ore_ont_8355	1	6	ok
ore_ont_8322	121	89	TIMEOUT120
ore_ont_8326	121	60	TIMEOUT120
ore_ont_8369	1	6	ok
ore_ont_8377	1	6	ok
ore_ont_8362	10	14	ok
ore_ont_8347	79	190	ok
ore_ont_8359	121	60	TIMEOUT120
ore_ont_8387	121	14	TIMEOUT120
ore_ont_8399	121	15	TIMEOUT120
ore_ont_8432	1	5	ok
ore_ont_8417	121	81	TIMEOUT120
ore_ont_8429	121	20	TIMEOUT120
ore_ont_8431	121	59	TIMEOUT120
ore_ont_8462	1	5	ok
ore_ont_8441	121	118	TIMEOUT120
ore_ont_8445	121	320	TIMEOUT120
ore_ont_8502	1	4	ok
ore_ont_8460	121	19	TIMEOUT120
ore_ont_8475	121	4053	TIMEOUT120
ore_ont_8480	121	174	TIMEOUT120
ore_ont_8509	121	27	TIMEOUT120
ore_ont_850	122	20	TIMEOUT120
ore_ont_8578	121	10	TIMEOUT120
ore_ont_8595	121	25	TIMEOUT120
ore_ont_85	121	19	TIMEOUT120
ore_ont_8641	1	7	ok
ore_ont_8627	121	102	TIMEOUT120
ore_ont_8631	121	12	TIMEOUT120
ore_ont_8640	121	34	TIMEOUT120
ore_ont_8666	121	60	TIMEOUT120
ore_ont_8668	121	67	TIMEOUT120
ore_ont_8684	121	58	TIMEOUT120
ore_ont_8688	121	98	TIMEOUT120
ore_ont_8730	1	5	ok
ore_ont_8744	1	5	ok
ore_ont_8779	1	8	ok
ore_ont_8705	121	70	TIMEOUT120
ore_ont_8719	121	67	TIMEOUT120
ore_ont_8787	4	370	ok
ore_ont_8792	1	6	ok
ore_ont_8723	121	219	TIMEOUT120
ore_ont_8858	2	288	ok
ore_ont_8781	121	10	TIMEOUT120
ore_ont_8786	121	89	TIMEOUT120
ore_ont_8844	121	131	TIMEOUT120
ore_ont_8882	121	105	TIMEOUT120
ore_ont_8933	1	5	ok
ore_ont_8902	121	36	TIMEOUT120
ore_ont_8911	121	150	TIMEOUT120
ore_ont_891	121	69	TIMEOUT120
ore_ont_8951	1	7	exit1
ore_ont_8940	121	30	TIMEOUT120
ore_ont_8989	2	139	exit1
ore_ont_8941	121	79	TIMEOUT120
ore_ont_9002	1	5	exit1
ore_ont_8948	121	12	TIMEOUT120
ore_ont_8975	121	10	TIMEOUT120
ore_ont_8999	121	59	TIMEOUT120
ore_ont_9046	2	242	ok
ore_ont_9014	121	46	TIMEOUT120
ore_ont_9088	1	5	ok
ore_ont_9027	121	735	TIMEOUT120
ore_ont_9037	121	59	TIMEOUT120
ore_ont_9053	121	728	TIMEOUT120
ore_ont_9096	121	16	TIMEOUT120
ore_ont_9204	1	5	ok
ore_ont_9122	121	156	TIMEOUT120
ore_ont_9151	121	169	TIMEOUT120
ore_ont_9251	1	6	ok
ore_ont_9257	1	4	ok
ore_ont_928	1	3	ok
ore_ont_9303	1	5	exit1
ore_ont_9186	121	60	TIMEOUT120
ore_ont_9248	121	25	TIMEOUT120
ore_ont_9249	121	47	TIMEOUT120
ore_ont_9386	1	10	ok
ore_ont_9400	6	594	ok
ore_ont_9347	122	34477	TIMEOUT120
ore_ont_9462	1	3	ok
ore_ont_934	121	92	TIMEOUT120
ore_ont_9509	1	4	ok
ore_ont_9499	7	622	ok
ore_ont_9382	121	57	TIMEOUT120
ore_ont_9429	121	113	TIMEOUT120
ore_ont_950	121	132	TIMEOUT120
ore_ont_9534	121	63	TIMEOUT120
ore_ont_9540	121	11	TIMEOUT120
ore_ont_9567	2	266	ok
ore_ont_9557	121	39	TIMEOUT120
ore_ont_9596	1	6	ok
ore_ont_9558	121	58	TIMEOUT120
ore_ont_955	121	769	TIMEOUT120
ore_ont_9577	121	198	TIMEOUT120
ore_ont_960	121	59	TIMEOUT120
ore_ont_9635	121	8	TIMEOUT120
ore_ont_9654	121	1241	TIMEOUT120
ore_ont_9662	121	84	TIMEOUT120
ore_ont_9668	121	58	TIMEOUT120
ore_ont_9709	9	7	ok
ore_ont_9684	121	126	TIMEOUT120
ore_ont_9690	121	12	TIMEOUT120
ore_ont_9761	1	5	ok
ore_ont_9694	122	14159	TIMEOUT120
ore_ont_9767	6	580	ok
ore_ont_9772	1	5	ok
ore_ont_9739	121	117	TIMEOUT120
ore_ont_9792	1	7	ok
ore_ont_9758	121	58	TIMEOUT120
ore_ont_9768	121	715	TIMEOUT120
ore_ont_9783	121	11	TIMEOUT120
ore_ont_9800	121	58	TIMEOUT120
ore_ont_9809	121	750	TIMEOUT120
ore_ont_980	121	89	TIMEOUT120
ore_ont_9864	121	20	TIMEOUT120
ore_ont_9881	121	1616	TIMEOUT120
ore_ont_9890	121	75	TIMEOUT120
ore_ont_9928	1	5	ok
ore_ont_9947	1	6	ok
ore_ont_9896	121	45	TIMEOUT120
ore_ont_9899	121	1105	TIMEOUT120
ore_ont_990	121	67	TIMEOUT120
ore_ont_9957	121	14	TIMEOUT120
ore_ont_9958	121	662	TIMEOUT120
ore_ont_9972	121	59	TIMEOUT120
ore_ont_9994	121	10	TIMEOUT120
