ore_ont_10009	121	50	TIMEOUT120
ore_ont_10026	121	33	TIMEOUT120
ore_ont_10058	121	119	TIMEOUT120
ore_ont_10006	121	568	TIMEOUT120
ore_ont_10068	3	342	ok
ore_ont_10073	8	865	ok
ore_ont_10125	16	1707	ok
ore_ont_10109	121	13	TIMEOUT120
ore_ont_10080	121	201	TIMEOUT120
ore_ont_10123	121	57	TIMEOUT120
ore_ont_10127	122	2117	TIMEOUT120
ore_ont_10136	121	639	TIMEOUT120
ore_ont_1012	121	3893	TIMEOUT120
ore_ont_10199	1	5	ok
ore_ont_10173	121	106	TIMEOUT120
ore_ont_10197	121	1616	TIMEOUT120
ore_ont_10212	122	118	TIMEOUT120
ore_ont_10230	121	38	TIMEOUT120
ore_ont_10242	121	183	TIMEOUT120
ore_ont_10314	1	5	ok
ore_ont_10270	121	105	TIMEOUT120
ore_ont_10285	121	10	TIMEOUT120
ore_ont_10275	121	46	TIMEOUT120
ore_ont_10340	1	5	ok
ore_ont_1034	1	5	ok
ore_ont_10355	1	4	ok
ore_ont_10320	121	22	TIMEOUT120
ore_ont_10384	1	6	ok
ore_ont_10388	1	5	ok
ore_ont_10380	14	990	ok
ore_ont_10321	121	13	TIMEOUT120
ore_ont_10413	1	4	ok
ore_ont_10362	121	19	TIMEOUT120
ore_ont_10391	121	6563	TIMEOUT120
ore_ont_1043	2	333	ok
ore_ont_10409	121	103	TIMEOUT120
ore_ont_10423	121	105	TIMEOUT120
ore_ont_10503	16	12	ok
ore_ont_10536	1	4	ok
ore_ont_10517	30	2468	exit1
ore_ont_10425	122	6103	TIMEOUT120
ore_ont_10481	121	178	TIMEOUT120
ore_ont_10537	122	13	TIMEOUT120
ore_ont_10568	121	1353	TIMEOUT120
ore_ont_10571	121	21	TIMEOUT120
ore_ont_10580	121	24	TIMEOUT120
ore_ont_10588	121	104	TIMEOUT120
ore_ont_10594	121	128	TIMEOUT120
ore_ont_1065	1	5	ok
ore_ont_10608	121	42	TIMEOUT120
ore_ont_10621	122	18361	TIMEOUT120
ore_ont_1062	121	114	TIMEOUT120
ore_ont_1066	121	1029	TIMEOUT120
ore_ont_10672	121	103	TIMEOUT120
ore_ont_10681	121	18	TIMEOUT120
ore_ont_10697	121	3334	TIMEOUT120
ore_ont_10702	121	19	TIMEOUT120
ore_ont_10776	2	6	ok
ore_ont_10749	121	183	TIMEOUT120
ore_ont_10805	1	4	ok
ore_ont_10750	121	3673	TIMEOUT120
ore_ont_10823	1	4	ok
ore_ont_10833	1	5	ok
ore_ont_10754	121	183	TIMEOUT120
ore_ont_10860	1	5	exit1
ore_ont_10781	121	32	TIMEOUT120
ore_ont_10807	121	20	TIMEOUT120
ore_ont_10838	121	468	TIMEOUT120
ore_ont_10874	122	96	TIMEOUT120
ore_ont_10906	1	5	exit1
ore_ont_10888	121	13	TIMEOUT120
ore_ont_10892	121	123	TIMEOUT120
ore_ont_10894	121	19	TIMEOUT120
ore_ont_10908	121	25	TIMEOUT120
ore_ont_1091	121	125	TIMEOUT120
ore_ont_10929	121	619	TIMEOUT120
ore_ont_10965	1	7	ok
ore_ont_10949	121	53	TIMEOUT120
ore_ont_10991	1	5	ok
ore_ont_10992	1	6	ok
ore_ont_10951	121	202	TIMEOUT120
ore_ont_10952	121	42	TIMEOUT120
ore_ont_10985	121	105	TIMEOUT120
ore_ont_11004	121	15	TIMEOUT120
ore_ont_11016	121	15	TIMEOUT120
ore_ont_11110	2	228	ok
ore_ont_11115	1	5	ok
ore_ont_11124	1	5	ok
ore_ont_11037	121	1182	TIMEOUT120
ore_ont_1112	1	4	ok
ore_ont_11053	121	699	TIMEOUT120
ore_ont_11085	121	33734	TIMEOUT120
ore_ont_1115	1	5	ok
ore_ont_1117	1	5	ok
ore_ont_11126	121	8926	TIMEOUT120
ore_ont_11203	1	5	ok
ore_ont_11131	121	39	TIMEOUT120
ore_ont_11157	121	48	TIMEOUT120
ore_ont_11196	121	1006	TIMEOUT120
ore_ont_11207	121	3111	TIMEOUT120
ore_ont_1123	121	2045	TIMEOUT120
ore_ont_11270	122	18369	TIMEOUT120
ore_ont_11282	121	557	TIMEOUT120
ore_ont_11305	1	4	exit1
ore_ont_11287	121	444	TIMEOUT120
ore_ont_11315	8	664	ok
ore_ont_11289	121	123	TIMEOUT120
ore_ont_11349	1	4	ok
ore_ont_11362	1	5	ok
ore_ont_11316	16	18	ok
ore_ont_11392	1	5	ok
ore_ont_11296	121	14	TIMEOUT120
ore_ont_11311	121	156	TIMEOUT120
ore_ont_11426	2	278	ok
ore_ont_11457	1	6	exit1
ore_ont_11459	7	455	ok
ore_ont_11464	5	853	ok
ore_ont_11378	122	632	TIMEOUT120
ore_ont_11411	122	1616	TIMEOUT120
ore_ont_11502	1	4	ok
ore_ont_11416	121	20	TIMEOUT120
ore_ont_11526	1	5	ok
ore_ont_11477	121	24	TIMEOUT120
ore_ont_11484	121	22	TIMEOUT120
ore_ont_11523	121	13	TIMEOUT120
ore_ont_11572	1	5	ok
ore_ont_11577	1	5	ok
ore_ont_11533	121	31	TIMEOUT120
ore_ont_11597	1	5	ok
ore_ont_11626	1	4	ok
ore_ont_11553	121	1139	TIMEOUT120
ore_ont_11564	121	105	TIMEOUT120
ore_ont_11592	121	8	TIMEOUT120
ore_ont_11676	1	5	ok
ore_ont_11694	1	6	ok
ore_ont_11635	121	31	TIMEOUT120
ore_ont_11703	1	6	ok
ore_ont_1172	1	5	ok
ore_ont_11636	121	119	TIMEOUT120
ore_ont_11827	4	356	ok
ore_ont_11647	121	227	TIMEOUT120
ore_ont_11866	1	5	ok
ore_ont_11889	1	5	ok
ore_ont_11696	121	119	TIMEOUT120
ore_ont_11895	10	8	ok
ore_ont_11899	8	665	ok
ore_ont_11745	121	636	TIMEOUT120
ore_ont_1182	122	6660	TIMEOUT120
ore_ont_11901	121	13	TIMEOUT120
ore_ont_11910	121	37	TIMEOUT120
ore_ont_11929	121	13	TIMEOUT120
ore_ont_11978	1	5	ok
ore_ont_11948	121	123	TIMEOUT120
ore_ont_1194	121	1187	TIMEOUT120
ore_ont_12000	1	4	ok
ore_ont_11972	121	13	TIMEOUT120
ore_ont_11989	121	105	TIMEOUT120
ore_ont_1199	121	653	TIMEOUT120
ore_ont_12097	1	5	ok
ore_ont_12039	121	118	TIMEOUT120
ore_ont_12043	121	182	TIMEOUT120
ore_ont_12118	1	5	ok
ore_ont_1211	1	5	ok
ore_ont_12084	121	28	TIMEOUT120
ore_ont_1212	1	6	ok
ore_ont_12150	1	5	ok
ore_ont_12101	121	29	TIMEOUT120
ore_ont_12112	121	37	TIMEOUT120
ore_ont_12128	121	1456	TIMEOUT120
ore_ont_12152	121	178	TIMEOUT120
ore_ont_12174	121	1123	TIMEOUT120
ore_ont_12182	121	3012	TIMEOUT120
ore_ont_12191	121	627	TIMEOUT120
ore_ont_12203	122	9523	TIMEOUT120
ore_ont_12284	1	4	ok
ore_ont_12219	122	178	TIMEOUT120
ore_ont_12253	121	46	TIMEOUT120
ore_ont_12270	121	39	TIMEOUT120
ore_ont_12351	17	1832	ok
ore_ont_12360	6	8	ok
ore_ont_12323	121	48	TIMEOUT120
ore_ont_12372	1	3	ok
ore_ont_12414	3	424	ok
ore_ont_12415	1	5	ok
ore_ont_12325	121	41	TIMEOUT120
ore_ont_12448	2	269	ok
ore_ont_12342	121	32	TIMEOUT120
ore_ont_12452	1	6	ok
ore_ont_12369	121	50	TIMEOUT120
ore_ont_12418	121	113	TIMEOUT120
ore_ont_12522	1	6	ok
ore_ont_12528	13	965	ok
ore_ont_12451	121	345	TIMEOUT120
ore_ont_12567	24	1842	ok
ore_ont_12584	1	4	ok
ore_ont_12651	7	448	ok
ore_ont_12665	1	5	ok
ore_ont_12468	121	107	TIMEOUT120
ore_ont_12474	121	111	TIMEOUT120
ore_ont_12721	1	5	ok
ore_ont_12792	1	5	ok
ore_ont_12566	121	27	TIMEOUT120
ore_ont_12698	121	269	TIMEOUT120
ore_ont_1270	123	29028	TIMEOUT120
ore_ont_12892	1	4	ok
ore_ont_12801	121	36	TIMEOUT120
ore_ont_12898	54	7454	ok
ore_ont_12836	121	68	TIMEOUT120
ore_ont_12884	121	103	TIMEOUT120
ore_ont_12932	1	3	ok
ore_ont_12901	121	2103	TIMEOUT120
ore_ont_12916	121	43	TIMEOUT120
ore_ont_12965	1	5	ok
ore_ont_12992	1	6	ok
ore_ont_12925	121	28	TIMEOUT120
ore_ont_12948	121	15	TIMEOUT120
ore_ont_13066	1	4	ok
ore_ont_12955	121	61	TIMEOUT120
ore_ont_13035	121	55	TIMEOUT120
ore_ont_13052	121	6397	TIMEOUT120
ore_ont_1306	122	4232	TIMEOUT120
ore_ont_13097	1	5	ok
ore_ont_13106	3	583	ok
ore_ont_13112	1	6	ok
ore_ont_13077	121	10	TIMEOUT120
ore_ont_13124	1	6	ok
ore_ont_13078	121	56	TIMEOUT120
ore_ont_13082	121	1124	TIMEOUT120
ore_ont_13113	121	52	TIMEOUT120
ore_ont_13129	121	13	TIMEOUT120
ore_ont_13132	121	30	TIMEOUT120
ore_ont_13136	121	172	TIMEOUT120
ore_ont_13139	121	36	TIMEOUT120
ore_ont_13150	121	104	TIMEOUT120
ore_ont_13153	121	42	TIMEOUT120
ore_ont_13178	122	185	TIMEOUT120
ore_ont_1325	1	4	ok
ore_ont_13219	121	36	TIMEOUT120
ore_ont_1330	3	287	ok
ore_ont_13230	121	1013	TIMEOUT120
ore_ont_13233	121	1361	TIMEOUT120
ore_ont_13359	1	6	ok
ore_ont_13299	121	45	TIMEOUT120
ore_ont_13398	1	4	ok
ore_ont_13336	121	60	TIMEOUT120
ore_ont_13337	121	112	TIMEOUT120
ore_ont_13383	121	24	TIMEOUT120
ore_ont_13413	1	5	ok
ore_ont_13423	8	455	ok
ore_ont_13404	121	98	TIMEOUT120
ore_ont_13430	1	4	ok
ore_ont_13460	1	4	ok
ore_ont_1346	1	5	ok
ore_ont_13474	1	5	ok
ore_ont_13405	121	53	TIMEOUT120
ore_ont_1340	121	57	TIMEOUT120
ore_ont_13503	1	5	ok
ore_ont_13524	1	5	ok
ore_ont_13483	35	6	ok
ore_ont_1342	121	34	TIMEOUT120
ore_ont_13482	121	4125	TIMEOUT120
ore_ont_13591	2	496	ok
ore_ont_13526	122	6563	TIMEOUT120
ore_ont_13545	121	33	TIMEOUT120
ore_ont_13584	121	28	TIMEOUT120
ore_ont_13621	121	179	TIMEOUT120
ore_ont_13646	121	42	TIMEOUT120
ore_ont_13647	121	1985	TIMEOUT120
ore_ont_13684	2	595	ok
ore_ont_13674	121	113	TIMEOUT120
ore_ont_13679	121	111	TIMEOUT120
ore_ont_13680	121	13	TIMEOUT120
ore_ont_13708	1	4	exit1
ore_ont_13690	121	117	TIMEOUT120
ore_ont_1370	6	504	ok
ore_ont_13755	1	5	ok
ore_ont_13700	122	2444	TIMEOUT120
ore_ont_13772	1	5	ok
ore_ont_13704	121	14	TIMEOUT120
ore_ont_13737	121	96	TIMEOUT120
ore_ont_13762	121	1242	TIMEOUT120
ore_ont_13833	1	5	ok
ore_ont_13776	121	111	TIMEOUT120
ore_ont_13799	121	16	TIMEOUT120
ore_ont_13805	121	1699	TIMEOUT120
ore_ont_13837	122	53	TIMEOUT120
ore_ont_13852	1	5	ok
ore_ont_13840	121	38	TIMEOUT120
ore_ont_13846	121	1226	TIMEOUT120
ore_ont_13872	1	5	ok
ore_ont_13880	1	5	exit1
ore_ont_13851	121	122	TIMEOUT120
ore_ont_13887	1	5	ok
ore_ont_13857	121	105	TIMEOUT120
ore_ont_13859	121	40	TIMEOUT120
ore_ont_13919	1	8	ok
ore_ont_13885	121	20	TIMEOUT120
ore_ont_13898	121	23	TIMEOUT120
ore_ont_13912	121	39	TIMEOUT120
ore_ont_13949	1	6	ok
ore_ont_13928	122	335	TIMEOUT120
ore_ont_13969	7	448	ok
ore_ont_13937	121	638	TIMEOUT120
ore_ont_13941	121	106	TIMEOUT120
ore_ont_13954	121	20	TIMEOUT120
ore_ont_1397	121	89	TIMEOUT120
ore_ont_13991	121	37	TIMEOUT120
ore_ont_14175	1	5	ok
ore_ont_14012	121	173	TIMEOUT120
ore_ont_14185	1	4	ok
ore_ont_14134	121	110	TIMEOUT120
ore_ont_14154	122	3203	TIMEOUT120
ore_ont_14183	121	118	TIMEOUT120
ore_ont_14191	121	189	TIMEOUT120
ore_ont_14194	121	176	TIMEOUT120
ore_ont_14216	121	1572	TIMEOUT120
ore_ont_14221	122	1780	TIMEOUT120
ore_ont_14223	121	138	TIMEOUT120
ore_ont_14258	1	4	ok
ore_ont_14273	1	4	ok
ore_ont_1422	121	375	TIMEOUT120
ore_ont_14285	1	5	exit1
ore_ont_14286	1	5	ok
ore_ont_14308	13	965	ok
ore_ont_14237	121	115	TIMEOUT120
ore_ont_14255	121	106	TIMEOUT120
ore_ont_14294	121	113	TIMEOUT120
ore_ont_1430	121	15	TIMEOUT120
ore_ont_14321	121	35	TIMEOUT120
ore_ont_14331	121	111	TIMEOUT120
ore_ont_14334	121	216	TIMEOUT120
ore_ont_14353	1	5	ok
ore_ont_14341	121	23	TIMEOUT120
ore_ont_14348	121	10	TIMEOUT120
ore_ont_14370	1	5	ok
ore_ont_14351	121	832	TIMEOUT120
ore_ont_14355	121	498	TIMEOUT120
ore_ont_14367	121	113	TIMEOUT120
ore_ont_14375	121	608	TIMEOUT120
ore_ont_14379	121	33	TIMEOUT120
ore_ont_14380	121	297	TIMEOUT120
ore_ont_14517	1	5	ok
ore_ont_14543	2	266	ok
ore_ont_14388	121	26	TIMEOUT120
ore_ont_14450	121	60	TIMEOUT120
ore_ont_14452	121	107	TIMEOUT120
ore_ont_14551	121	120	TIMEOUT120
ore_ont_14556	121	804	TIMEOUT120
ore_ont_14588	121	33	TIMEOUT120
ore_ont_14667	1	5	ok
ore_ont_14593	121	107	TIMEOUT120
ore_ont_14601	122	2156	TIMEOUT120
ore_ont_1461	121	64	TIMEOUT120
ore_ont_1469	121	178	TIMEOUT120
ore_ont_14742	121	769	TIMEOUT120
ore_ont_14766	121	120	TIMEOUT120
ore_ont_14816	1	4	ok
ore_ont_14767	121	120	TIMEOUT120
ore_ont_1478	121	60	TIMEOUT120
ore_ont_14831	1	4	ok
ore_ont_14800	121	48	TIMEOUT120
ore_ont_14818	121	46	TIMEOUT120
ore_ont_14861	5	530	ok
ore_ont_14863	1	5	ok
ore_ont_1481	122	430	TIMEOUT120
ore_ont_14848	121	13	TIMEOUT120
ore_ont_14860	121	2477	TIMEOUT120
ore_ont_14878	121	120	TIMEOUT120
ore_ont_14881	121	384	TIMEOUT120
ore_ont_14883	121	37	TIMEOUT120
ore_ont_14896	121	119	TIMEOUT120
ore_ont_14909	1	5	ok
ore_ont_14912	1	5	ok
ore_ont_14897	121	120	TIMEOUT120
ore_ont_148	121	113	TIMEOUT120
ore_ont_14906	121	119	TIMEOUT120
ore_ont_14919	121	105	TIMEOUT120
ore_ont_15010	19	9	ok
ore_ont_15013	1	5	ok
ore_ont_14924	68	9	ok
ore_ont_14931	121	14	TIMEOUT120
ore_ont_14981	121	16	TIMEOUT120
ore_ont_15030	121	159	TIMEOUT120
ore_ont_15068	1	5	ok
ore_ont_15058	121	11	TIMEOUT120
ore_ont_15063	121	146	TIMEOUT120
ore_ont_15066	121	107	TIMEOUT120
ore_ont_15074	121	69	TIMEOUT120
ore_ont_15133	4	356	ok
ore_ont_15172	2	242	ok
ore_ont_15098	121	44	TIMEOUT120
ore_ont_1509	121	46	TIMEOUT120
ore_ont_15210	2	8	ok
ore_ont_15231	1	5	ok
ore_ont_15103	121	35	TIMEOUT120
ore_ont_1517	121	105	TIMEOUT120
ore_ont_1526	1	4	ok
ore_ont_15184	121	104	TIMEOUT120
ore_ont_15288	1	5	exit1
ore_ont_15237	121	739	TIMEOUT120
ore_ont_1524	121	21	TIMEOUT120
ore_ont_15301	1	6	ok
ore_ont_15280	121	3867	TIMEOUT120
ore_ont_15291	121	17	TIMEOUT120
ore_ont_15297	121	41	TIMEOUT120
ore_ont_15355	1	7	ok
ore_ont_15363	1	4	ok
ore_ont_1533	121	179	TIMEOUT120
ore_ont_1537	1	5	ok
ore_ont_15341	121	38	TIMEOUT120
ore_ont_15352	121	112	TIMEOUT120
ore_ont_15372	122	5861	TIMEOUT120
ore_ont_1539	121	104	TIMEOUT120
ore_ont_153	121	113	TIMEOUT120
ore_ont_15413	121	25	TIMEOUT120
ore_ont_15421	121	10	TIMEOUT120
ore_ont_15450	121	105	TIMEOUT120
ore_ont_15516	1	5	exit1
ore_ont_15461	121	158	TIMEOUT120
ore_ont_15475	122	179	TIMEOUT120
ore_ont_15557	3	501	ok
ore_ont_15514	121	34	TIMEOUT120
ore_ont_15536	122	1050	TIMEOUT120
ore_ont_15583	1	6	ok
ore_ont_15544	121	111	TIMEOUT120
ore_ont_1555	121	1675	TIMEOUT120
ore_ont_15612	1	12	ok
ore_ont_15575	121	27	TIMEOUT120
ore_ont_15596	121	21	TIMEOUT120
ore_ont_155	121	49	TIMEOUT120
ore_ont_15615	121	183	TIMEOUT120
ore_ont_15621	121	2859	TIMEOUT120
ore_ont_15635	122	10113	TIMEOUT120
ore_ont_15667	20	6	ok
ore_ont_15652	121	19	TIMEOUT120
ore_ont_15655	122	6760	TIMEOUT120
ore_ont_15685	1	5	ok
ore_ont_15672	121	13	TIMEOUT120
ore_ont_15680	121	689	TIMEOUT120
ore_ont_15682	121	26	TIMEOUT120
ore_ont_15687	121	2020	TIMEOUT120
ore_ont_15692	121	125	TIMEOUT120
ore_ont_15737	1	5	ok
ore_ont_15695	121	1485	TIMEOUT120
ore_ont_15741	1	5	ok
ore_ont_15725	121	2473	TIMEOUT120
ore_ont_15733	121	117	TIMEOUT120
ore_ont_15753	121	18	TIMEOUT120
ore_ont_15791	121	119	TIMEOUT120
ore_ont_15796	121	111	TIMEOUT120
ore_ont_15860	1	6	ok
ore_ont_1579	121	925	TIMEOUT120
ore_ont_15803	122	2117	TIMEOUT120
ore_ont_15846	121	624	TIMEOUT120
ore_ont_15921	1	5	ok
ore_ont_15971	2	6	ok
ore_ont_15993	1	4	ok
ore_ont_15871	121	38	TIMEOUT120
ore_ont_16033	1	5	ok
ore_ont_16054	1	5	ok
ore_ont_15917	121	38	TIMEOUT120
ore_ont_16105	1	12	ok
ore_ont_15991	121	577	TIMEOUT120
ore_ont_16017	121	116	TIMEOUT120
ore_ont_16115	88	10	ok
ore_ont_16056	121	14	TIMEOUT120
ore_ont_16188	1	0	ok
ore_ont_16120	121	110	TIMEOUT120
ore_ont_16124	121	174	TIMEOUT120
ore_ont_16235	5	434	ok
ore_ont_16184	121	327	TIMEOUT120
ore_ont_16267	1	5	ok
ore_ont_16191	121	23	TIMEOUT120
ore_ont_16197	121	9	TIMEOUT120
ore_ont_16255	121	36	TIMEOUT120
ore_ont_16274	121	28	TIMEOUT120
ore_ont_16286	121	340	TIMEOUT120
ore_ont_16289	121	13	TIMEOUT120
ore_ont_16303	121	107	TIMEOUT120
ore_ont_16315	121	299	TIMEOUT120
ore_ont_16321	121	33	TIMEOUT120
ore_ont_1634	121	172	TIMEOUT120
ore_ont_16359	121	13	TIMEOUT120
ore_ont_16371	121	38	TIMEOUT120
ore_ont_16425	1	5	ok
ore_ont_16453	1	5	ok
ore_ont_16372	121	55	TIMEOUT120
ore_ont_16414	122	13331	TIMEOUT120
ore_ont_16420	121	199	TIMEOUT120
ore_ont_16457	121	1916	TIMEOUT120
ore_ont_16481	121	118	TIMEOUT120
ore_ont_16509	121	36	TIMEOUT120
ore_ont_16547	1	5	ok
ore_ont_16511	121	434	TIMEOUT120
ore_ont_16535	121	34	TIMEOUT120
ore_ont_1662	1	4	ok
ore_ont_16542	122	14159	TIMEOUT120
ore_ont_16565	121	102	TIMEOUT120
ore_ont_16617	121	112	TIMEOUT120
ore_ont_16630	121	117	TIMEOUT120
ore_ont_16632	122	9209	TIMEOUT120
ore_ont_16642	121	118	TIMEOUT120
ore_ont_16703	1	5	ok
ore_ont_16708	1	6	ok
ore_ont_16666	121	189	TIMEOUT120
ore_ont_16670	121	44	TIMEOUT120
ore_ont_16701	121	5935	TIMEOUT120
ore_ont_16723	121	9	TIMEOUT120
ore_ont_1672	121	281	TIMEOUT120
ore_ont_16767	2	277	ok
ore_ont_16777	1	4	ok
ore_ont_16738	121	110	TIMEOUT120
ore_ont_16750	121	109	TIMEOUT120
ore_ont_16759	121	176	TIMEOUT120
ore_ont_16827	1	0	ok
ore_ont_16800	121	166	TIMEOUT120
ore_ont_16814	121	15	TIMEOUT120
ore_ont_16822	121	118	TIMEOUT120
ore_ont_16853	122	2546	TIMEOUT120
ore_ont_1743	1	12	ok
ore_ont_1767	1	7	ok
ore_ont_16855	121	13	TIMEOUT120
ore_ont_1685	122	16073	TIMEOUT120
ore_ont_1705	121	11	TIMEOUT120
ore_ont_1821	3	567	ok
ore_ont_1784	121	33	TIMEOUT120
ore_ont_178	121	38	TIMEOUT120
ore_ont_1840	2	224	ok
ore_ont_1790	121	108	TIMEOUT120
ore_ont_1823	121	10	TIMEOUT120
ore_ont_1833	122	19341	TIMEOUT120
ore_ont_1869	1	5	ok
ore_ont_1853	121	10	TIMEOUT120
ore_ont_185	121	14	TIMEOUT120
ore_ont_1866	121	44	TIMEOUT120
ore_ont_1870	121	110	TIMEOUT120
ore_ont_1886	121	4832	TIMEOUT120
ore_ont_191	2	228	ok
ore_ont_1898	121	32	TIMEOUT120
ore_ont_1902	121	13	TIMEOUT120
ore_ont_1954	1	8	ok
ore_ont_1931	121	69	TIMEOUT120
ore_ont_1938	121	721	TIMEOUT120
ore_ont_1944	121	13	TIMEOUT120
ore_ont_1988	8	7	ok
ore_ont_1958	121	29	TIMEOUT120
ore_ont_2036	1	5	ok
ore_ont_2038	1	5	ok
ore_ont_1965	121	172	TIMEOUT120
ore_ont_1966	121	368	TIMEOUT120
ore_ont_2066	1	6	ok
ore_ont_202	121	13	TIMEOUT120
ore_ont_2046	121	1323	TIMEOUT120
ore_ont_2128	1	5	ok
ore_ont_205	121	90	TIMEOUT120
ore_ont_20	121	2586	TIMEOUT120
ore_ont_2111	121	878	TIMEOUT120
ore_ont_2237	1	5	ok
ore_ont_2142	121	179	TIMEOUT120
ore_ont_2266	1	4	ok
ore_ont_2291	3	456	ok
ore_ont_22	1	5	ok
ore_ont_2303	1	5	ok
ore_ont_2182	121	77	TIMEOUT120
ore_ont_2213	121	114	TIMEOUT120
ore_ont_231	1	5	ok
ore_ont_2253	121	1405	TIMEOUT120
ore_ont_2313	121	171	TIMEOUT120
ore_ont_2361	4	335	ok
ore_ont_236	1	6	ok
ore_ont_237	1	5	exit1
ore_ont_2318	121	48	TIMEOUT120
ore_ont_2333	121	36	TIMEOUT120
ore_ont_2360	121	103	TIMEOUT120
ore_ont_2456	1	5	ok
ore_ont_2485	1	5	ok
ore_ont_2486	18	1067	ok
ore_ont_239	121	119	TIMEOUT120
ore_ont_2415	121	503	TIMEOUT120
ore_ont_2453	121	134	TIMEOUT120
ore_ont_2488	121	30	TIMEOUT120
ore_ont_2504	121	357	TIMEOUT120
ore_ont_2513	122	8759	TIMEOUT120
ore_ont_2526	121	10	TIMEOUT120
ore_ont_2556	1	5	ok
ore_ont_2557	1	4	ok
ore_ont_2531	121	110	TIMEOUT120
ore_ont_253	121	53	TIMEOUT120
ore_ont_2548	122	2442	TIMEOUT120
ore_ont_2574	121	1551	TIMEOUT120
ore_ont_2578	121	70	TIMEOUT120
ore_ont_2608	1	5	ok
ore_ont_257	121	1001	TIMEOUT120
ore_ont_259	121	103	TIMEOUT120
ore_ont_2624	1	6	ok
ore_ont_2654	1	4	ok
ore_ont_2604	121	69	TIMEOUT120
ore_ont_2669	1	5	exit1
ore_ont_260	121	173	TIMEOUT120
ore_ont_2622	121	5127	TIMEOUT120
ore_ont_2664	121	103	TIMEOUT120
ore_ont_2677	121	48	TIMEOUT120
ore_ont_2719	1	5	ok
ore_ont_2678	121	51	TIMEOUT120
ore_ont_2700	121	115	TIMEOUT120
ore_ont_2775	9	7	ok
ore_ont_2703	121	37	TIMEOUT120
ore_ont_2744	121	30	TIMEOUT120
ore_ont_2749	121	191	TIMEOUT120
ore_ont_2783	121	109	TIMEOUT120
ore_ont_2792	121	189	TIMEOUT120
ore_ont_2848	1	5	ok
ore_ont_2817	122	108	TIMEOUT120
ore_ont_2826	121	19	TIMEOUT120
ore_ont_2837	121	33	TIMEOUT120
ore_ont_2860	121	72	TIMEOUT120
ore_ont_2901	121	59	TIMEOUT120
ore_ont_290	121	114	TIMEOUT120
ore_ont_2989	121	12	TIMEOUT120
ore_ont_3053	12	10	ok
ore_ont_3010	121	19	TIMEOUT120
ore_ont_3022	121	51	TIMEOUT120
ore_ont_3050	121	109	TIMEOUT120
ore_ont_3060	121	10	TIMEOUT120
ore_ont_3100	10	455	ok
ore_ont_3077	121	597	TIMEOUT120
ore_ont_3080	121	1465	TIMEOUT120
ore_ont_3087	121	473	TIMEOUT120
ore_ont_3114	121	103	TIMEOUT120
ore_ont_318	8	555	ok
ore_ont_3133	122	10274	TIMEOUT120
ore_ont_3156	121	20	TIMEOUT120
ore_ont_3241	1	6	ok
ore_ont_3164	121	4571	TIMEOUT120
ore_ont_3205	121	15	TIMEOUT120
ore_ont_3259	1	5	ok
ore_ont_3214	121	115	TIMEOUT120
ore_ont_3250	121	43	TIMEOUT120
ore_ont_3255	121	360	TIMEOUT120
ore_ont_3260	121	161	TIMEOUT120
ore_ont_3292	1	5	ok
ore_ont_3262	121	86	TIMEOUT120
ore_ont_330	1	5	ok
ore_ont_3313	1	6	ok
ore_ont_3270	122	13	TIMEOUT120
ore_ont_3344	1	7	ok
ore_ont_3281	121	16	TIMEOUT120
ore_ont_3301	121	26	TIMEOUT120
ore_ont_3377	23	2118	ok
ore_ont_3329	121	109	TIMEOUT120
ore_ont_3357	122	116	TIMEOUT120
ore_ont_336	121	117	TIMEOUT120
ore_ont_3381	121	45	TIMEOUT120
ore_ont_3516	1	5	ok
ore_ont_3529	1	4	ok
ore_ont_3411	121	14	TIMEOUT120
ore_ont_3500	121	114	TIMEOUT120
ore_ont_3560	11	1026	ok
ore_ont_3503	121	36	TIMEOUT120
ore_ont_3545	121	25	TIMEOUT120
ore_ont_3561	121	142	TIMEOUT120
ore_ont_3562	121	138	TIMEOUT120
ore_ont_3566	121	12	TIMEOUT120
ore_ont_3575	122	865	TIMEOUT120
ore_ont_3584	121	110	TIMEOUT120
ore_ont_3671	1	5	ok
ore_ont_3696	6	567	ok
ore_ont_3592	121	195	TIMEOUT120
ore_ont_3640	121	73	TIMEOUT120
ore_ont_3658	121	9532	TIMEOUT120
ore_ont_3737	2	228	ok
ore_ont_3770	1	5	ok
ore_ont_3771	1	5	ok
ore_ont_3781	2	5	ok
ore_ont_3708	121	10	TIMEOUT120
ore_ont_3726	121	13	TIMEOUT120
ore_ont_3733	121	543	TIMEOUT120
ore_ont_3806	42	8	ok
ore_ont_3783	121	15	TIMEOUT120
ore_ont_3835	1	5	ok
ore_ont_3839	1	7	ok
ore_ont_3789	121	13	TIMEOUT120
ore_ont_3795	121	115	TIMEOUT120
ore_ont_3816	121	262	TIMEOUT120
ore_ont_3873	3	300	ok
ore_ont_3884	1	5	ok
ore_ont_3843	121	43	TIMEOUT120
ore_ont_3852	121	13	TIMEOUT120
ore_ont_385	121	33	TIMEOUT120
ore_ont_3892	121	19	TIMEOUT120
ore_ont_3916	1	6	exit1
ore_ont_3905	121	64	TIMEOUT120
ore_ont_3936	1	4	ok
ore_ont_3910	121	46	TIMEOUT120
ore_ont_3914	121	1865	TIMEOUT120
ore_ont_3966	1	0	ok
ore_ont_3954	2	261	ok
ore_ont_3978	1	5	ok
ore_ont_3917	121	516	TIMEOUT120
ore_ont_394	121	35	TIMEOUT120
ore_ont_3987	122	13	TIMEOUT120
ore_ont_399	121	47	TIMEOUT120
ore_ont_4035	1	5	ok
ore_ont_4054	6	467	ok
ore_ont_4032	121	24	TIMEOUT120
ore_ont_4127	1	5	ok
ore_ont_4133	13	8	ok
ore_ont_4033	121	757	TIMEOUT120
ore_ont_4049	121	354	TIMEOUT120
ore_ont_4092	121	116	TIMEOUT120
ore_ont_4182	1	5	ok
ore_ont_4141	122	5290	TIMEOUT120
ore_ont_4162	121	103	TIMEOUT120
ore_ont_4166	121	416	TIMEOUT120
ore_ont_4187	122	8362	TIMEOUT120
ore_ont_420	1	4	ok
ore_ont_4188	121	115	TIMEOUT120
ore_ont_4233	4	559	ok
ore_ont_4242	2	354	ok
ore_ont_4260	1	7	ok
ore_ont_4193	121	13	TIMEOUT120
ore_ont_430	1	0	ok
ore_ont_4315	1	5	ok
ore_ont_4198	121	122	TIMEOUT120
ore_ont_4210	121	115	TIMEOUT120
ore_ont_4400	1	6	ok
ore_ont_4263	122	109	TIMEOUT120
ore_ont_4354	121	26	TIMEOUT120
ore_ont_4363	121	175	TIMEOUT120
ore_ont_4410	121	4460	TIMEOUT120
ore_ont_4412	122	1262	TIMEOUT120
ore_ont_443	1	5	exit1
ore_ont_4423	121	111	TIMEOUT120
ore_ont_4428	121	13	TIMEOUT120
ore_ont_4429	121	108	TIMEOUT120
ore_ont_4469	122	54	TIMEOUT120
ore_ont_4527	1	5	ok
ore_ont_4510	121	3871	TIMEOUT120
ore_ont_4515	121	103	TIMEOUT120
ore_ont_4516	121	11	TIMEOUT120
ore_ont_4557	122	1400	TIMEOUT120
ore_ont_4567	121	323	TIMEOUT120
ore_ont_4572	121	480	TIMEOUT120
ore_ont_4598	8	629	ok
ore_ont_4577	121	551	TIMEOUT120
ore_ont_4639	1	5	ok
ore_ont_4662	1	6	ok
ore_ont_4581	122	104	TIMEOUT120
ore_ont_4587	121	131	TIMEOUT120
ore_ont_4744	9	448	ok
ore_ont_4755	6	529	ok
ore_ont_4609	121	690	TIMEOUT120
ore_ont_4719	121	14	TIMEOUT120
ore_ont_4737	121	41	TIMEOUT120
ore_ont_4770	121	115	TIMEOUT120
ore_ont_480	1	0	ok
ore_ont_4775	121	332	TIMEOUT120
ore_ont_4856	1	0	ok
ore_ont_4875	1	5	ok
ore_ont_4780	121	185	TIMEOUT120
ore_ont_4796	121	150	TIMEOUT120
ore_ont_4834	121	115	TIMEOUT120
ore_ont_4938	1	5	ok
ore_ont_4903	121	92	TIMEOUT120
ore_ont_4911	122	2439	TIMEOUT120
ore_ont_4936	121	13	TIMEOUT120
ore_ont_4958	121	116	TIMEOUT120
ore_ont_4961	121	87	TIMEOUT120
ore_ont_4983	121	35	TIMEOUT120
ore_ont_5074	1	5	ok
ore_ont_5078	1	4	ok
ore_ont_507	1	4	ok
ore_ont_508	1	5	ok
ore_ont_5014	121	29	TIMEOUT120
ore_ont_5033	121	10	TIMEOUT120
ore_ont_5059	121	1012	TIMEOUT120
ore_ont_5092	121	103	TIMEOUT120
ore_ont_5149	2	10	ok
ore_ont_509	121	37	TIMEOUT120
ore_ont_5164	2	5	ok
ore_ont_5103	121	809	TIMEOUT120
ore_ont_5193	1	5	ok
ore_ont_5107	121	442	TIMEOUT120
ore_ont_5205	1	6	ok
ore_ont_5206	1	5	exit1
ore_ont_5216	1	5	ok
ore_ont_5159	121	13	TIMEOUT120
ore_ont_5220	1	6	ok
ore_ont_5241	1	6	ok
ore_ont_524	1	6	ok
ore_ont_5184	121	37	TIMEOUT120
ore_ont_5258	1	5	ok
ore_ont_5263	1	5	ok
ore_ont_5204	121	839	TIMEOUT120
ore_ont_5292	9	6	ok
ore_ont_5218	121	865	TIMEOUT120
ore_ont_5253	121	352	TIMEOUT120
ore_ont_5324	1	5	ok
ore_ont_5358	6	467	ok
ore_ont_5359	34	16	ok
ore_ont_5289	121	294	TIMEOUT120
ore_ont_5295	121	1281	TIMEOUT120
ore_ont_5298	121	118	TIMEOUT120
ore_ont_5418	9	581	ok
ore_ont_5368	122	26320	TIMEOUT120
ore_ont_5481	8	865	ok
ore_ont_5492	1	10	ok
ore_ont_5398	121	116	TIMEOUT120
ore_ont_5509	1	5	ok
ore_ont_5519	9	993	ok
ore_ont_5539	1	5	exit1
ore_ont_5448	121	105	TIMEOUT120
ore_ont_5475	121	1091	TIMEOUT120
ore_ont_5502	121	25	TIMEOUT120
ore_ont_5549	4	335	ok
ore_ont_5550	1	6	ok
ore_ont_5543	121	110	TIMEOUT120
ore_ont_5544	122	163	TIMEOUT120
ore_ont_5548	121	912	TIMEOUT120
ore_ont_5596	3	496	ok
ore_ont_5564	121	23	TIMEOUT120
ore_ont_5572	121	13	TIMEOUT120
ore_ont_5602	122	1535	TIMEOUT120
ore_ont_5664	121	184	TIMEOUT120
ore_ont_5669	121	37	TIMEOUT120
ore_ont_5721	1	4	ok
ore_ont_5688	121	55	TIMEOUT120
ore_ont_568	121	31	TIMEOUT120
ore_ont_5695	121	173	TIMEOUT120
ore_ont_5755	2	266	ok
ore_ont_5753	41	257	exit1
ore_ont_572	121	452	TIMEOUT120
ore_ont_5769	3	434	ok
ore_ont_5730	121	186	TIMEOUT120
ore_ont_5781	2	268	ok
ore_ont_580	3	6	ok
ore_ont_5760	121	1540	TIMEOUT120
ore_ont_5764	121	40	TIMEOUT120
ore_ont_5774	121	10	TIMEOUT120
ore_ont_5834	121	19	TIMEOUT120
ore_ont_5841	121	113	TIMEOUT120
ore_ont_5849	121	874	TIMEOUT120
ore_ont_5932	1	5	ok
ore_ont_5857	121	1666	TIMEOUT120
ore_ont_586	121	33	TIMEOUT120
ore_ont_5966	1	5	ok
ore_ont_5978	1	5	ok
ore_ont_5894	121	41	TIMEOUT120
ore_ont_5943	121	115	TIMEOUT120
ore_ont_6067	1	5	ok
ore_ont_6102	1	5	ok
ore_ont_5964	121	35	TIMEOUT120
ore_ont_6109	1	3	ok
ore_ont_6120	2	241	ok
ore_ont_6020	121	104	TIMEOUT120
ore_ont_6060	121	116	TIMEOUT120
ore_ont_6223	6	580	ok
ore_ont_6108	121	338	TIMEOUT120
ore_ont_6132	121	1075	TIMEOUT120
ore_ont_6146	121	34	TIMEOUT120
ore_ont_6226	121	6743	TIMEOUT120
ore_ont_6233	121	3848	TIMEOUT120
ore_ont_6234	121	60	TIMEOUT120
ore_ont_6258	121	34	TIMEOUT120
ore_ont_6260	121	13	TIMEOUT120
ore_ont_630	1	7	ok
ore_ont_6338	1	5	ok
ore_ont_6266	121	109	TIMEOUT120
ore_ont_6272	121	118	TIMEOUT120
ore_ont_6417	1	5	ok
ore_ont_6278	121	26	TIMEOUT120
ore_ont_6354	121	57	TIMEOUT120
ore_ont_6401	121	44	TIMEOUT120
ore_ont_6443	121	63	TIMEOUT120
ore_ont_6444	121	418	TIMEOUT120
ore_ont_6461	1	5	ok
ore_ont_6446	121	94	TIMEOUT120
ore_ont_644	121	37	TIMEOUT120
ore_ont_6452	121	171	TIMEOUT120
ore_ont_6478	1	5	ok
ore_ont_6469	121	103	TIMEOUT120
ore_ont_6470	121	13	TIMEOUT120
ore_ont_6477	121	1478	TIMEOUT120
ore_ont_6483	121	67	TIMEOUT120
ore_ont_6504	121	121	TIMEOUT120
ore_ont_6535	121	104	TIMEOUT120
ore_ont_6589	121	9	TIMEOUT120
ore_ont_6615	122	10	TIMEOUT120
ore_ont_6617	121	12	TIMEOUT120
ore_ont_6627	121	990	TIMEOUT120
ore_ont_6696	1	0	ok
ore_ont_6720	1	5	exit1
ore_ont_6722	3	435	ok
ore_ont_6635	121	31	TIMEOUT120
ore_ont_6682	121	737	TIMEOUT120
ore_ont_668	121	1519	TIMEOUT120
ore_ont_6792	1	12	ok
ore_ont_6727	121	37	TIMEOUT120
ore_ont_6816	3	284	ok
ore_ont_6817	1	3	ok
ore_ont_6729	121	115	TIMEOUT120
ore_ont_6765	121	103	TIMEOUT120
ore_ont_6835	3	543	ok
ore_ont_6815	121	104	TIMEOUT120
ore_ont_6822	121	36	TIMEOUT120
ore_ont_6833	121	348	TIMEOUT120
ore_ont_6847	121	117	TIMEOUT120
ore_ont_6855	121	41	TIMEOUT120
ore_ont_6857	121	25	TIMEOUT120
ore_ont_6859	121	8	TIMEOUT120
ore_ont_6892	121	103	TIMEOUT120
ore_ont_6923	121	161	TIMEOUT120
ore_ont_6967	1	6	ok
ore_ont_6934	121	29	TIMEOUT120
ore_ont_6948	121	2113	TIMEOUT120
ore_ont_6951	121	88	TIMEOUT120
ore_ont_6983	121	23	TIMEOUT120
ore_ont_6999	121	121	TIMEOUT120
ore_ont_699	121	589	TIMEOUT120
ore_ont_7015	1	11	ok
ore_ont_7007	121	69	TIMEOUT120
ore_ont_7052	1	6	exit1
ore_ont_7011	121	28	TIMEOUT120
ore_ont_7014	121	119	TIMEOUT120
ore_ont_7025	121	120	TIMEOUT120
ore_ont_7079	121	118	TIMEOUT120
ore_ont_7084	121	107	TIMEOUT120
ore_ont_7102	121	103	TIMEOUT120
ore_ont_7179	1	6	ok
ore_ont_7108	121	39	TIMEOUT120
ore_ont_714	121	14	TIMEOUT120
ore_ont_7174	121	117	TIMEOUT120
ore_ont_7195	1	5	ok
ore_ont_7180	121	38	TIMEOUT120
ore_ont_7226	1	11	ok
ore_ont_7188	121	56	TIMEOUT120
ore_ont_7251	1	6	ok
ore_ont_7192	121	6711	TIMEOUT120
ore_ont_727	1	5	ok
ore_ont_7203	121	88	TIMEOUT120
ore_ont_7237	121	120	TIMEOUT120
ore_ont_7278	121	13	TIMEOUT120
ore_ont_7320	121	120	TIMEOUT120
ore_ont_7327	121	30	TIMEOUT120
ore_ont_7356	1	5	ok
ore_ont_7372	1	5	ok
ore_ont_7389	1	6	ok
ore_ont_7339	121	59	TIMEOUT120
ore_ont_7342	121	6090	TIMEOUT120
ore_ont_7345	121	1202	TIMEOUT120
ore_ont_7399	121	111	TIMEOUT120
ore_ont_7418	1	0	ok
ore_ont_7455	3	384	ok
ore_ont_7401	121	589	TIMEOUT120
ore_ont_7416	121	307	TIMEOUT120
ore_ont_7417	121	9	TIMEOUT120
ore_ont_7483	1	5	ok
ore_ont_7464	121	27	TIMEOUT120
ore_ont_7474	121	102	TIMEOUT120
ore_ont_7479	121	174	TIMEOUT120
ore_ont_7488	121	45	TIMEOUT120
ore_ont_7496	121	527	TIMEOUT120
ore_ont_7499	121	67	TIMEOUT120
ore_ont_7517	121	21	TIMEOUT120
ore_ont_751	121	1030	TIMEOUT120
ore_ont_7532	121	94	TIMEOUT120
ore_ont_7578	17	1041	ok
ore_ont_7537	121	118	TIMEOUT120
ore_ont_7557	121	593	TIMEOUT120
ore_ont_7569	121	107	TIMEOUT120
ore_ont_7663	1	5	ok
ore_ont_7607	122	16286	TIMEOUT120
ore_ont_766	1	0	ok
ore_ont_7680	1	9	ok
ore_ont_7706	1	6	ok
ore_ont_7610	121	80	TIMEOUT120
ore_ont_7646	122	4267	TIMEOUT120
ore_ont_773	2	247	ok
ore_ont_7743	1	6	ok
ore_ont_7668	121	126	TIMEOUT120
ore_ont_770	121	120	TIMEOUT120
ore_ont_7778	1	12	ok
ore_ont_7730	121	41	TIMEOUT120
ore_ont_7758	121	101	TIMEOUT120
ore_ont_7800	1	0	ok
ore_ont_7775	121	139	TIMEOUT120
ore_ont_7789	121	26	TIMEOUT120
ore_ont_778	121	27	TIMEOUT120
ore_ont_7803	121	339	TIMEOUT120
ore_ont_7817	121	41	TIMEOUT120
ore_ont_7858	1	11	ok
ore_ont_7894	1	5	ok
ore_ont_7818	121	37	TIMEOUT120
ore_ont_7820	121	10	TIMEOUT120
ore_ont_7828	121	37	TIMEOUT120
ore_ont_7914	121	367	TIMEOUT120
ore_ont_7944	121	119	TIMEOUT120
ore_ont_7962	121	32	TIMEOUT120
ore_ont_7988	121	28	TIMEOUT120
ore_ont_7993	122	1471	TIMEOUT120
ore_ont_8006	121	28	TIMEOUT120
ore_ont_8019	121	32	TIMEOUT120
ore_ont_8047	1	4	ok
ore_ont_802	121	163	TIMEOUT120
ore_ont_8068	4	335	ok
ore_ont_8030	121	29	TIMEOUT120
ore_ont_8141	34	17	ok
ore_ont_8142	1	5	exit1
ore_ont_8042	121	19	TIMEOUT120
ore_ont_8050	121	104	TIMEOUT120
ore_ont_8175	1	5	ok
ore_ont_8119	121	262	TIMEOUT120
ore_ont_8203	1	13	ok
ore_ont_8148	121	285	TIMEOUT120
ore_ont_8280	1	7	exit1
ore_ont_8171	121	110	TIMEOUT120
ore_ont_8194	121	814	TIMEOUT120
ore_ont_8250	121	37	TIMEOUT120
ore_ont_8286	121	103	TIMEOUT120
ore_ont_8335	9	7	ok
ore_ont_8294	121	34	TIMEOUT120
ore_ont_8355	1	4	ok
ore_ont_8322	121	114	TIMEOUT120
ore_ont_8362	18	14	ok
ore_ont_8369	1	6	ok
ore_ont_8377	1	7	ok
ore_ont_8326	121	108	TIMEOUT120
ore_ont_8347	96	189	ok
ore_ont_8359	121	103	TIMEOUT120
ore_ont_8387	121	44	TIMEOUT120
ore_ont_8399	121	15	TIMEOUT120
ore_ont_8432	1	6	ok
ore_ont_8417	121	116	TIMEOUT120
ore_ont_8429	122	20	TIMEOUT120
ore_ont_8431	121	109	TIMEOUT120
ore_ont_8462	1	4	ok
ore_ont_8441	121	117	TIMEOUT120
ore_ont_8445	121	320	TIMEOUT120
ore_ont_8502	1	5	ok
ore_ont_8460	121	36	TIMEOUT120
ore_ont_8475	121	4053	TIMEOUT120
ore_ont_8480	121	422	TIMEOUT120
ore_ont_8509	121	52	TIMEOUT120
ore_ont_850	121	19	TIMEOUT120
ore_ont_8578	121	17	TIMEOUT120
ore_ont_8595	121	42	TIMEOUT120
ore_ont_85	121	47	TIMEOUT120
ore_ont_8641	1	13	ok
ore_ont_8627	121	108	TIMEOUT120
ore_ont_8631	121	13	TIMEOUT120
ore_ont_8640	121	55	TIMEOUT120
ore_ont_8666	121	58	TIMEOUT120
ore_ont_8668	121	115	TIMEOUT120
ore_ont_8684	121	103	TIMEOUT120
ore_ont_8688	121	123	TIMEOUT120
ore_ont_8730	1	6	ok
ore_ont_8744	1	6	ok
ore_ont_8779	1	4	ok
ore_ont_8705	121	71	TIMEOUT120
ore_ont_8719	121	111	TIMEOUT120
ore_ont_8787	4	370	ok
ore_ont_8792	1	5	ok
ore_ont_8723	122	2632	TIMEOUT120
ore_ont_8858	2	288	ok
ore_ont_8781	121	25	TIMEOUT120
ore_ont_8786	121	88	TIMEOUT120
ore_ont_8844	121	185	TIMEOUT120
ore_ont_8882	122	112	TIMEOUT120
ore_ont_8933	1	6	ok
ore_ont_8902	121	48	TIMEOUT120
ore_ont_8911	121	150	TIMEOUT120
ore_ont_891	121	116	TIMEOUT120
ore_ont_8940	121	30	TIMEOUT120
ore_ont_8941	121	63	TIMEOUT120
ore_ont_8989	2	139	exit1
ore_ont_8948	121	23	TIMEOUT120
ore_ont_8951	121	13	TIMEOUT120
ore_ont_8975	121	21	TIMEOUT120
ore_ont_8999	121	110	TIMEOUT120
ore_ont_9002	121	13	TIMEOUT120
ore_ont_9046	2	242	ok
ore_ont_9014	121	46	TIMEOUT120
ore_ont_9088	2	7	ok
ore_ont_9027	121	723	TIMEOUT120
ore_ont_9037	121	108	TIMEOUT120
ore_ont_9053	121	722	TIMEOUT120
ore_ont_9096	121	28	TIMEOUT120
ore_ont_9204	1	5	ok
ore_ont_9122	121	325	TIMEOUT120
ore_ont_9151	122	170	TIMEOUT120
ore_ont_9251	1	5	ok
ore_ont_9257	1	6	ok
ore_ont_928	1	7	ok
ore_ont_9303	1	8	exit1
ore_ont_9186	121	109	TIMEOUT120
ore_ont_9248	121	43	TIMEOUT120
ore_ont_9249	121	69	TIMEOUT120
ore_ont_9386	1	6	ok
ore_ont_9400	7	594	ok
ore_ont_9347	123	22444	TIMEOUT120
ore_ont_9462	1	5	ok
ore_ont_9499	7	622	ok
ore_ont_9509	1	5	ok
ore_ont_934	121	98	TIMEOUT120
ore_ont_9382	121	106	TIMEOUT120
ore_ont_9429	121	112	TIMEOUT120
ore_ont_950	121	150	TIMEOUT120
ore_ont_9534	121	111	TIMEOUT120
ore_ont_9540	121	11	TIMEOUT120
ore_ont_9567	2	266	ok
ore_ont_9557	121	1526	TIMEOUT120
ore_ont_9596	1	6	ok
ore_ont_9558	121	102	TIMEOUT120
ore_ont_955	122	769	TIMEOUT120
ore_ont_9577	121	193	TIMEOUT120
ore_ont_960	121	102	TIMEOUT120
ore_ont_9635	121	14	TIMEOUT120
ore_ont_9654	122	1241	TIMEOUT120
ore_ont_9662	121	69	TIMEOUT120
ore_ont_9668	121	109	TIMEOUT120
ore_ont_9709	10	7	ok
ore_ont_9684	121	126	TIMEOUT120
ore_ont_9690	121	14	TIMEOUT120
ore_ont_9761	1	8	ok
ore_ont_9767	7	580	ok
ore_ont_9694	122	14159	TIMEOUT120
ore_ont_9772	1	13	ok
ore_ont_9739	121	119	TIMEOUT120
ore_ont_9792	1	12	ok
ore_ont_9758	121	102	TIMEOUT120
ore_ont_9768	122	1313	TIMEOUT120
ore_ont_9783	121	37	TIMEOUT120
ore_ont_9800	121	59	TIMEOUT120
ore_ont_9809	121	1264	TIMEOUT120
ore_ont_980	121	117	TIMEOUT120
ore_ont_9864	121	20	TIMEOUT120
ore_ont_9881	121	1616	TIMEOUT120
ore_ont_9890	121	75	TIMEOUT120
ore_ont_9928	1	5	ok
ore_ont_9947	1	5	ok
ore_ont_9896	121	45	TIMEOUT120
ore_ont_9899	121	1078	TIMEOUT120
ore_ont_990	121	116	TIMEOUT120
ore_ont_9957	122	13	TIMEOUT120
ore_ont_9958	121	662	TIMEOUT120
ore_ont_9972	121	109	TIMEOUT120
ore_ont_9994	121	11	TIMEOUT120
