stem,v0417_outcome,v0417_wall_s,v0417_rss_kb,head_outcome,head_wall_s,head_rss_kb
ore_ont_10004,ok,0.05,13976,ok,0.04,13856
ore_ont_10006,ok,11.28,560624,ok,11.02,559744
ore_ont_10008,ok,1.81,528524,ok,1.53,527988
ore_ont_10009,ok,0.03,8912,ok,0.13,8884
ore_ont_10016,ok,4.16,709120,ok,2.96,709148
ore_ont_10019,dnf,60.00,23648,dnf,60.00,25924
ore_ont_10026,ok,0.05,12928,ok,0.05,12600
ore_ont_10032,ok,2.35,337688,ok,1.79,337692
ore_ont_10053,ok,0.19,40128,ok,0.19,40352
ore_ont_10056,ok,0.02,7196,ok,0.03,7304
ore_ont_10058,ok,0.26,32240,ok,0.22,31144
ore_ont_10068,ok,2.54,351568,ok,2.17,351660
ore_ont_10073,ok,6.87,886236,ok,5.79,886208
ore_ont_10080,dnf,60.01,193808,dnf,60.05,191048
ore_ont_10088,ok,0.02,7140,ok,0.15,7104
ore_ont_10109,dnf,60.00,14424,dnf,60.01,14236
ore_ont_1012,ok,9.87,1968608,ok,7.56,1968496
ore_ont_10123,ok,0.15,40792,ok,0.14,40640
ore_ont_10125,ok,15.96,1748844,ok,13.09,1748948
ore_ont_10127,ok,1.23,213964,ok,1.04,213792
ore_ont_10133,ok,0.11,8216,ok,0.02,8204
ore_ont_10134,ok,0.11,10376,ok,0.04,10472
ore_ont_10136,ok,15.99,637736,ok,17.34,635984
ore_ont_10140,dnf,60.05,581864,dnf,60.05,582892
ore_ont_10146,ok,0.05,13680,ok,0.07,13524
ore_ont_1016,ok,0.28,30568,ok,0.27,30580
ore_ont_10160,ok,0.05,12500,ok,0.05,12572
ore_ont_10161,ok,7.72,1697568,ok,6.05,1697652
ore_ont_10162,ok,0.02,8000,ok,0.03,7832
ore_ont_1017,ok,0.04,10712,ok,0.04,10512
ore_ont_10173,ok,0.30,29764,ok,0.22,28940
ore_ont_10174,ok,0.05,6948,ok,0.02,6984
ore_ont_10175,ok,4.18,677872,ok,4.35,677264
ore_ont_10176,ok,0.01,7180,ok,0.03,7156
ore_ont_10197,ok,0.33,29548,ok,0.21,29316
ore_ont_10199,ok,0.02,7512,ok,0.06,7576
ore_ont_10212,ok,0.48,26696,ok,0.14,26564
ore_ont_10230,ok,0.08,20432,ok,0.07,20536
ore_ont_10242,ok,0.28,29304,ok,0.21,29032
ore_ont_10248,ok,10.20,717556,ok,12.57,717932
ore_ont_10254,ok,0.14,21048,ok,0.18,20912
ore_ont_10264,ok,0.01,7060,ok,0.02,7220
ore_ont_10270,ok,0.29,30468,ok,0.25,29604
ore_ont_10275,ok,0.12,32372,ok,0.18,32384
ore_ont_1028,dnf,60.01,111680,dnf,60.01,110812
ore_ont_10280,ok,0.17,54460,ok,0.14,54428
ore_ont_10283,ok,0.04,9564,ok,0.03,9688
ore_ont_10285,ok,0.02,8308,ok,0.02,8636
ore_ont_10309,ok,0.01,7080,ok,0.01,6992
ore_ont_10314,ok,0.01,7496,ok,0.02,7640
ore_ont_10320,ok,0.03,9792,ok,0.02,9688
ore_ont_10321,ok,0.01,7884,ok,0.01,7980
ore_ont_10326,ok,0.40,20112,ok,0.25,20092
ore_ont_1034,ok,0.02,7480,ok,0.01,7528
ore_ont_10340,ok,0.02,7420,ok,0.01,7452
ore_ont_10348,ok,0.20,32584,ok,0.17,32572
ore_ont_10350,ok,0.05,14236,ok,0.04,14396
ore_ont_10355,ok,0.02,7312,ok,0.01,7212
ore_ont_10362,ok,0.02,8344,ok,0.02,8384
ore_ont_10366,ok,0.04,11500,ok,0.04,11712
ore_ont_10380,ok,12.08,1014412,ok,12.82,1014276
ore_ont_10384,ok,0.20,43520,ok,0.17,43392
ore_ont_10388,ok,0.02,8492,ok,0.02,8220
ore_ont_10389,ok,0.19,39796,ok,0.19,39428
ore_ont_10391,ok,0.63,85724,ok,0.38,85648
ore_ont_10407,ok,8.53,51408,ok,8.94,51664
ore_ont_10409,ok,0.32,28852,ok,0.23,28712
ore_ont_10413,ok,0.01,7332,ok,0.02,7412
ore_ont_10419,ok,0.04,9516,ok,0.03,9684
ore_ont_10423,ok,0.30,29856,ok,0.46,29304
ore_ont_10425,ok,21.59,5201920,ok,17.80,5201824
ore_ont_1043,ok,1.89,341228,ok,1.61,341296
ore_ont_10431,ok,0.02,7368,ok,0.02,7320
ore_ont_10445,ok,4.90,1206444,ok,3.59,1206456
ore_ont_10460,dnf,60.00,46840,dnf,60.01,46836
ore_ont_10481,ok,0.26,29036,ok,0.22,30016
ore_ont_105,ok,0.02,6992,ok,0.02,7192
ore_ont_10503,ok,0.04,8624,ok,0.03,8720
ore_ont_10516,ok,0.02,7144,ok,0.11,7096
ore_ont_10517,dnf,60.00,15580,dnf,60.00,15404
ore_ont_10536,ok,0.02,7532,ok,0.01,7404
ore_ont_10537,ok,0.02,8296,ok,0.01,8140
ore_ont_10568,dnf,60.08,1385960,dnf,60.08,1386108
ore_ont_10571,ok,0.04,9184,ok,0.03,8948
ore_ont_10580,ok,0.03,8840,ok,0.03,8776
ore_ont_10588,ok,0.27,28924,ok,0.22,28600
ore_ont_1059,dnf,60.06,1089304,dnf,60.06,1087844
ore_ont_10594,ok,0.33,32088,ok,0.22,31556
ore_ont_10608,ok,0.12,33660,ok,0.13,33564
ore_ont_1062,ok,0.27,31188,ok,0.22,31672
ore_ont_10621,dnf,60.02,419684,dnf,60.79,12669088
ore_ont_1065,ok,0.09,23740,ok,0.09,23576
ore_ont_1066,dnf,60.06,1031556,dnf,60.06,993140
ore_ont_10672,ok,0.29,29508,ok,0.21,29020
ore_ont_10681,ok,0.03,8448,ok,0.02,8432
ore_ont_10689,dnf,60.07,3370172,ok,58.71,3370328
ore_ont_10697,ok,2.24,379824,ok,1.67,379804
ore_ont_10702,ok,6.17,15552,ok,6.05,15400
ore_ont_10742,ok,0.08,18036,ok,0.20,17956
ore_ont_10749,ok,0.31,32328,ok,0.26,32768
ore_ont_10750,ok,9.12,1903876,ok,7.52,1903860
ore_ont_10752,ok,0.02,7144,ok,0.01,7148
ore_ont_10754,ok,0.55,82448,ok,0.33,83000
ore_ont_10769,ok,0.02,7196,ok,0.02,7264
ore_ont_10774,ok,0.22,44348,ok,0.18,44240
ore_ont_10776,ok,0.03,9552,ok,0.04,9512
ore_ont_10778,ok,2.87,505376,ok,2.78,505264
ore_ont_10781,ok,0.08,16216,ok,0.07,16088
ore_ont_10805,ok,0.02,7568,ok,0.02,7340
ore_ont_10806,ok,0.25,83044,ok,0.19,82868
ore_ont_10807,dnf,60.00,15220,dnf,60.00,15492
ore_ont_1082,ok,1.67,143816,ok,1.16,143220
ore_ont_10823,ok,0.21,7276,ok,0.01,7364
ore_ont_10833,ok,0.09,7540,ok,0.01,7540
ore_ont_10838,ok,5.17,483388,ok,6.32,483040
ore_ont_10860,err_reject,0.02,7564,err_reject,0.01,7496
ore_ont_10874,ok,0.17,38884,ok,0.13,39488
ore_ont_10888,ok,0.02,8344,ok,0.01,8480
ore_ont_10890,ok,0.29,47052,ok,0.24,47084
ore_ont_10892,ok,0.28,32416,ok,0.22,31836
ore_ont_10894,ok,1.60,10456,ok,1.59,10312
ore_ont_10906,ok,0.02,7912,ok,0.02,8068
ore_ont_10908,ok,0.31,12844,ok,0.26,12468
ore_ont_1091,ok,0.26,32820,ok,0.23,31752
ore_ont_10926,dnf,60.12,7562404,dnf,60.25,7562448
ore_ont_10929,dnf,60.02,634752,dnf,60.03,634892
ore_ont_10930,ok,1.12,275380,ok,0.96,275320
ore_ont_10949,dnf,60.00,46552,dnf,60.00,46572
ore_ont_10951,ok,0.22,50264,ok,0.19,50320
ore_ont_10952,ok,0.13,20632,ok,0.12,20468
ore_ont_10965,ok,1.12,230528,ok,0.93,230536
ore_ont_10968,ok,0.08,21420,ok,0.07,21128
ore_ont_10985,ok,0.30,29108,ok,0.21,28588
ore_ont_10991,ok,0.13,33600,ok,0.11,33452
ore_ont_10992,ok,0.19,45140,ok,0.16,45416
ore_ont_11003,ok,0.02,8504,ok,0.02,8408
ore_ont_11004,ok,0.02,8304,ok,0.02,8300
ore_ont_11005,ok,34.66,400824,ok,34.78,405192
ore_ont_11009,ok,0.02,9000,ok,0.17,9004
ore_ont_11010,ok,0.02,7172,ok,0.02,7244
ore_ont_11014,ok,0.03,10216,ok,0.03,10184
ore_ont_11016,ok,0.04,9648,ok,0.02,9588
ore_ont_11037,dnf,60.06,1216764,dnf,60.09,1214256
ore_ont_11053,ok,1.13,275136,ok,0.90,275076
ore_ont_11064,ok,0.07,9624,ok,0.05,9644
ore_ont_11081,ok,0.59,78036,ok,0.51,77756
ore_ont_11085,err_reject,51.08,16962104,err_reject,51.10,16961964
ore_ont_11110,ok,1.50,233848,ok,1.33,233944
ore_ont_11115,ok,0.04,9972,ok,0.04,10032
ore_ont_1112,ok,0.18,38816,ok,0.14,38960
ore_ont_11124,ok,0.17,34400,ok,0.15,34528
ore_ont_11125,ok,0.02,8264,ok,0.02,8304
ore_ont_11126,ok,16.42,2477944,ok,8.36,2477776
ore_ont_11131,ok,0.10,27560,ok,0.09,27664
ore_ont_11133,ok,0.02,6988,ok,0.02,7236
ore_ont_11140,ok,0.20,34328,ok,0.08,34432
ore_ont_11149,ok,0.26,8728,ok,0.02,8928
ore_ont_1115,ok,0.75,150960,ok,0.63,150976
ore_ont_11157,ok,0.57,12976,ok,0.19,12716
ore_ont_1117,ok,0.13,13476,ok,0.04,13296
ore_ont_1119,ok,0.51,153136,ok,0.33,152924
ore_ont_11196,dnf,60.06,733092,dnf,60.08,939308
ore_ont_11198,ok,2.16,393128,ok,2.12,393132
ore_ont_11203,ok,0.02,7216,ok,0.01,7296
ore_ont_11207,ok,6.86,206744,ok,3.39,206624
ore_ont_1123,dnf,60.09,2086364,dnf,60.10,1871332
ore_ont_11270,dnf,60.02,420036,dnf,60.60,11452236
ore_ont_11274,ok,0.04,9252,ok,0.02,9156
ore_ont_11282,ok,0.73,288984,ok,0.63,289144
ore_ont_11287,dnf,60.01,329808,ok,1.33,329828
ore_ont_11289,ok,0.25,31176,ok,0.21,31472
ore_ont_11291,ok,0.02,8204,ok,0.02,8164
ore_ont_11293,ok,9.94,702440,ok,12.30,702800
ore_ont_11296,ok,0.02,8364,ok,0.02,8148
ore_ont_11298,ok,0.07,21056,ok,0.07,21100
ore_ont_11305,ok,0.31,30348,ok,0.24,30588
ore_ont_11311,dnf,60.01,159384,dnf,60.01,159404
ore_ont_11315,ok,7.83,680620,ok,6.59,680508
ore_ont_11316,ok,0.08,13264,ok,0.05,12920
ore_ont_11349,ok,0.08,18312,ok,0.06,18376
ore_ont_11357,ok,0.03,8224,ok,0.02,8300
ore_ont_11362,ok,0.04,13268,ok,0.04,13236
ore_ont_11371,ok,0.02,8664,ok,0.02,8552
ore_ont_11378,ok,3.36,94728,ok,3.03,88036
ore_ont_11380,ok,0.02,7152,ok,0.02,7280
ore_ont_11389,ok,3.13,666760,ok,2.70,666796
ore_ont_11392,ok,0.02,7736,ok,0.02,7580
ore_ont_11395,ok,32.65,2429360,ok,22.91,2429548
ore_ont_11401,ok,0.02,8484,ok,0.02,8468
ore_ont_11411,ok,0.34,29532,ok,0.18,29636
ore_ont_11416,ok,0.03,8724,ok,0.03,8744
ore_ont_11426,ok,0.92,92580,ok,0.91,92388
ore_ont_11452,ok,0.22,44864,ok,0.19,44812
ore_ont_11457,ok,3.65,234072,ok,3.26,234056
ore_ont_11459,ok,5.15,467016,ok,4.50,466908
ore_ont_11460,dnf,60.03,629016,dnf,60.04,629092
ore_ont_11464,ok,5.25,874120,ok,4.31,874036
ore_ont_11477,ok,6.52,16452,ok,6.37,16576
ore_ont_11484,ok,0.32,17660,ok,0.13,17788
ore_ont_11495,dnf,60.11,1180684,dnf,60.09,1181256
ore_ont_11497,ok,0.18,7312,ok,0.04,7320
ore_ont_11500,ok,0.79,237336,ok,0.69,237316
ore_ont_11502,ok,0.19,45708,ok,0.16,45448
ore_ont_11504,ok,0.02,7332,ok,0.02,7136
ore_ont_11519,ok,4.35,351548,ok,3.81,351592
ore_ont_11522,ok,0.01,6960,ok,0.03,7140
ore_ont_11523,ok,0.02,8192,ok,0.03,8184
ore_ont_11526,ok,0.02,7400,ok,0.01,7468
ore_ont_11533,ok,0.02,8744,ok,0.10,8724
ore_ont_11536,ok,0.22,45536,ok,0.23,44960
ore_ont_11553,dnf,60.03,737904,dnf,60.06,737016
ore_ont_11554,ok,1.24,40356,ok,1.30,40548
ore_ont_11559,ok,1.33,238484,ok,1.02,238724
ore_ont_11564,ok,0.30,29508,ok,0.42,28752
ore_ont_11572,ok,0.04,9692,ok,0.13,9424
ore_ont_11577,ok,0.02,7812,ok,0.10,7788
ore_ont_11592,ok,0.02,8484,ok,0.04,8676
ore_ont_11597,ok,0.74,148584,ok,0.64,148500
ore_ont_11600,ok,0.16,43612,ok,0.14,43724
ore_ont_11619,ok,0.08,19724,ok,0.06,19800
ore_ont_11623,ok,0.24,28712,ok,0.28,28580
ore_ont_11626,ok,0.11,21728,ok,0.09,21852
ore_ont_11629,dnf,60.01,167228,dnf,60.01,157420
ore_ont_11635,ok,0.08,21540,ok,0.08,21596
ore_ont_11636,ok,0.26,30628,ok,0.25,31292
ore_ont_11639,ok,0.02,7224,ok,0.01,7172
ore_ont_11647,ok,1.86,139836,ok,1.30,139896
ore_ont_11675,ok,0.17,39824,ok,0.16,39412
ore_ont_11676,ok,0.01,7340,ok,0.02,7376
ore_ont_11685,ok,0.02,10492,ok,0.05,10396
ore_ont_11694,ok,0.02,7896,ok,0.02,7888
ore_ont_11695,dnf,60.01,306324,dnf,60.02,283176
ore_ont_11696,ok,0.29,30608,ok,0.24,31172
ore_ont_11703,ok,0.06,19128,ok,0.06,19288
ore_ont_11719,ok,0.03,9308,ok,0.05,9156
ore_ont_1172,ok,0.01,7664,ok,0.02,7476
ore_ont_11739,ok,17.90,1848244,ok,15.39,1848104
ore_ont_11745,dnf,60.02,652160,dnf,60.04,652100
ore_ont_11778,ok,2.21,390828,ok,1.64,390616
ore_ont_11792,ok,0.03,7704,ok,0.02,7604
ore_ont_11817,ok,4.06,675164,ok,4.32,674764
ore_ont_1182,ok,13.07,409308,ok,6.46,409336
ore_ont_11827,ok,2.84,365224,ok,2.56,365292
ore_ont_11834,ok,0.02,7952,ok,0.04,8048
ore_ont_11866,ok,0.01,7304,ok,0.04,7372
ore_ont_11878,ok,0.18,66464,ok,0.17,66556
ore_ont_11889,ok,0.03,8172,ok,0.04,8068
ore_ont_11895,ok,0.02,8528,ok,0.02,8400
ore_ont_11896,ok,0.11,34160,ok,0.08,34300
ore_ont_11899,ok,7.83,682188,ok,6.70,682096
ore_ont_11901,ok,0.02,8316,ok,0.02,8276
ore_ont_11906,ok,0.38,133988,ok,0.31,133472
ore_ont_11910,ok,0.10,24456,ok,0.11,24556
ore_ont_11929,ok,0.02,8312,ok,0.04,8220
ore_ont_1194,dnf,60.07,1216492,dnf,60.07,1216468
ore_ont_11948,ok,0.28,31580,ok,0.25,31384
ore_ont_11949,ok,0.01,7076,ok,0.04,7100
ore_ont_11972,ok,0.02,8200,ok,0.02,8276
ore_ont_11978,ok,0.02,7676,ok,0.02,7608
ore_ont_11989,ok,0.30,29080,ok,0.26,29304
ore_ont_1199,ok,17.31,806320,ok,16.15,804960
ore_ont_12000,ok,0.13,32376,ok,0.33,32116
ore_ont_12007,ok,0.02,7268,ok,0.12,7092
ore_ont_12009,ok,0.04,9088,ok,0.10,9136
ore_ont_12012,ok,7.25,418588,ok,5.43,418744
ore_ont_12039,ok,0.31,35672,ok,0.23,34512
ore_ont_12043,ok,0.66,29444,ok,0.21,29340
ore_ont_12061,ok,0.20,7228,ok,0.03,7356
ore_ont_12084,ok,0.25,10804,ok,0.05,10548
ore_ont_12087,ok,4.03,680200,ok,2.85,680260
ore_ont_12097,ok,0.07,12288,ok,0.06,12192
ore_ont_12101,ok,0.02,8104,ok,0.03,8108
ore_ont_12107,ok,0.02,8208,ok,0.02,8404
ore_ont_1211,ok,0.06,12132,ok,0.05,12176
ore_ont_12112,ok,0.02,8592,ok,0.03,8468
ore_ont_12118,ok,0.03,7332,ok,0.01,7480
ore_ont_1212,ok,0.29,83252,ok,0.26,83276
ore_ont_12128,dnf,60.08,1491472,dnf,60.07,1491596
ore_ont_12141,ok,0.67,12764,ok,0.63,12724
ore_ont_12149,ok,1.82,468068,ok,1.82,468060
ore_ont_12150,ok,0.02,7392,ok,0.02,7436
ore_ont_12152,ok,0.25,29008,ok,0.23,29088
ore_ont_12161,ok,0.24,44300,ok,0.20,44412
ore_ont_12174,ok,1.86,222088,ok,0.82,221976
ore_ont_12182,ok,1.81,79288,ok,1.02,79248
ore_ont_12191,ok,3.25,71868,ok,2.89,71056
ore_ont_12194,ok,0.50,127940,ok,0.44,127960
ore_ont_12203,ok,4.34,768912,ok,3.24,768876
ore_ont_12208,dnf,60.03,906456,dnf,60.05,901188
ore_ont_12219,ok,0.27,29380,ok,0.32,29996
ore_ont_1222,ok,0.02,8344,ok,0.02,8004
ore_ont_12221,ok,0.61,140000,ok,0.58,139864
ore_ont_12253,ok,0.03,8588,ok,0.02,8464
ore_ont_12269,ok,0.24,72104,ok,0.20,71668
ore_ont_12270,ok,0.07,12616,ok,0.05,12504
ore_ont_12281,ok,0.04,13488,ok,0.04,13300
ore_ont_12284,ok,0.28,69284,ok,0.22,69252
ore_ont_12317,ok,0.86,393952,ok,0.67,394076
ore_ont_12323,ok,0.03,8780,ok,0.03,8732
ore_ont_12325,ok,0.15,21048,ok,0.13,20828
ore_ont_12330,ok,0.64,211980,ok,0.56,212272
ore_ont_12342,ok,0.07,12948,ok,0.07,13036
ore_ont_12351,ok,14.62,1876488,ok,11.17,1876516
ore_ont_12360,ok,0.02,8064,ok,0.02,7984
ore_ont_12369,ok,0.02,8872,ok,0.02,9064
ore_ont_12372,ok,0.03,12228,ok,0.05,12204
ore_ont_12379,ok,0.02,7272,ok,0.05,7124
ore_ont_12382,ok,0.04,9464,ok,0.03,9472
ore_ont_12387,ok,4.91,746632,ok,3.43,746696
ore_ont_12397,ok,0.05,13068,ok,0.06,13236
ore_ont_12405,ok,0.10,29808,ok,0.12,29716
ore_ont_12410,ok,0.27,110640,ok,0.23,110404
ore_ont_12414,ok,3.13,434804,ok,2.73,434344
ore_ont_12415,ok,0.02,7552,ok,0.02,7488
ore_ont_12418,ok,0.27,29516,ok,0.23,28728
ore_ont_12432,dnf,60.05,62772,dnf,60.00,60472
ore_ont_12433,ok,0.68,12088,ok,0.57,11916
ore_ont_12448,ok,2.21,275988,ok,1.84,276072
ore_ont_12451,dnf,60.02,311944,dnf,60.02,310744
ore_ont_12452,ok,0.45,93964,ok,0.43,94168
ore_ont_12468,ok,0.29,29388,ok,0.21,28648
ore_ont_12474,ok,0.31,29412,ok,0.23,28796
ore_ont_12486,ok,0.65,271712,ok,0.53,271636
ore_ont_12522,ok,0.62,187100,ok,0.50,187236
ore_ont_12528,ok,12.26,989388,ok,10.78,989492
ore_ont_12536,ok,2.03,69188,ok,1.45,73328
ore_ont_12566,ok,0.03,9112,ok,0.12,9092
ore_ont_12567,dnf,466.78,1886644,ok,16.91,1886576
ore_ont_12584,ok,0.02,7420,ok,0.02,7388
ore_ont_12635,ok,0.08,18220,ok,0.06,18308
ore_ont_12651,ok,5.22,459404,ok,4.52,459428
ore_ont_12653,ok,25.33,13352,ok,25.35,13424
ore_ont_12665,ok,0.18,38884,ok,0.15,38776
ore_ont_12676,ok,0.39,56700,ok,0.39,56516
ore_ont_12698,ok,7.19,199108,ok,5.47,198772
ore_ont_1270,ok,3.89,245580,ok,3.37,245628
ore_ont_1272,ok,14.22,866312,ok,14.84,862928
ore_ont_12721,ok,0.03,7676,ok,0.02,7528
ore_ont_12723,dnf,60.01,152520,dnf,60.01,136836
ore_ont_12743,dnf,60.06,687452,dnf,60.07,691228
ore_ont_12764,ok,0.03,9300,ok,0.02,9148
ore_ont_12776,ok,0.12,30956,ok,0.09,30608
ore_ont_12792,ok,0.50,95020,ok,0.44,95204
ore_ont_12801,ok,0.26,22292,ok,0.32,22228
ore_ont_12802,ok,0.32,99784,ok,0.26,99520
ore_ont_12824,ok,0.02,8452,ok,0.02,8440
ore_ont_12831,ok,0.03,8700,ok,0.03,8628
ore_ont_12836,ok,0.08,18192,ok,0.06,18232
ore_ont_12839,ok,0.89,442668,ok,0.76,442028
ore_ont_12884,ok,0.29,29556,ok,0.22,28916
ore_ont_12892,ok,0.06,10376,ok,0.10,10384
ore_ont_12898,ok,51.96,7633136,ok,42.10,7633260
ore_ont_12901,ok,2.05,542840,ok,1.66,542676
ore_ont_12906,ok,0.02,7036,ok,0.01,7040
ore_ont_12914,ok,0.07,15248,ok,0.07,15160
ore_ont_12916,ok,0.18,23096,ok,0.35,23768
ore_ont_12925,ok,0.05,11808,ok,0.06,11680
ore_ont_12931,ok,0.04,10208,ok,0.04,9980
ore_ont_12932,ok,0.02,8224,ok,0.01,8096
ore_ont_12936,ok,0.42,165796,ok,0.33,165780
ore_ont_12948,ok,0.02,8696,ok,0.05,8448
ore_ont_12955,ok,0.03,9516,ok,0.04,9264
ore_ont_12957,ok,0.01,7144,ok,0.01,7072
ore_ont_12965,ok,0.05,13272,ok,0.03,13008
ore_ont_12985,ok,2.01,376072,ok,1.67,375864
ore_ont_12987,ok,0.03,8928,ok,0.21,9176
ore_ont_12992,ok,0.50,99392,ok,0.47,99568
ore_ont_12993,dnf,60.03,503144,dnf,60.07,506520
ore_ont_13000,ok,0.16,41596,ok,0.24,41644
ore_ont_13018,ok,0.02,7124,ok,0.09,6996
ore_ont_13035,ok,0.04,8828,ok,0.04,8984
ore_ont_13052,ok,10.34,1612576,ok,5.75,1612612
ore_ont_13053,ok,0.21,7320,ok,0.07,7340
ore_ont_1306,ok,7.00,1356304,ok,5.53,1356340
ore_ont_13064,ok,0.04,9524,ok,0.04,9316
ore_ont_13066,ok,0.01,7372,ok,0.04,7576
ore_ont_13071,ok,28.74,435584,ok,52.86,437268
ore_ont_13077,ok,0.02,8348,ok,0.02,8376
ore_ont_13078,ok,0.45,26856,ok,0.32,26784
ore_ont_13082,ok,1.35,296812,ok,0.90,296680
ore_ont_13097,ok,0.02,7444,ok,0.03,7448
ore_ont_1310,ok,1.12,498152,ok,0.91,497692
ore_ont_13100,ok,0.02,7564,ok,0.05,7488
ore_ont_13103,dnf,60.03,489952,dnf,60.03,452572
ore_ont_13106,ok,2.31,597944,ok,1.79,597944
ore_ont_13112,ok,0.03,9356,ok,0.05,9420
ore_ont_13113,ok,0.09,13016,ok,0.08,12948
ore_ont_13122,dnf,60.00,89352,dnf,60.01,89104
ore_ont_13124,ok,0.16,35972,ok,0.14,36084
ore_ont_13129,ok,0.03,9992,ok,0.04,9936
ore_ont_13132,ok,0.02,8360,ok,0.02,8524
ore_ont_13136,dnf,60.01,176772,dnf,60.01,176764
ore_ont_13139,ok,0.10,24580,ok,0.12,24460
ore_ont_13141,ok,0.12,28328,ok,0.09,28400
ore_ont_13150,ok,0.28,29088,ok,0.24,28832
ore_ont_13153,ok,0.13,19764,ok,0.11,19864
ore_ont_13178,ok,0.25,29752,ok,0.22,29904
ore_ont_13204,ok,0.01,7104,ok,0.04,7188
ore_ont_13219,ok,0.16,12968,ok,0.04,12668
ore_ont_13220,ok,1.10,439892,ok,0.86,439776
ore_ont_13224,ok,8.19,407284,ok,7.60,392232
ore_ont_13229,dnf,60.02,459304,dnf,60.03,452088
ore_ont_13230,ok,0.40,44028,ok,0.18,43980
ore_ont_13233,ok,0.51,105244,ok,0.45,105404
ore_ont_13234,ok,0.04,7552,ok,0.02,7604
ore_ont_13242,dnf,60.03,418244,dnf,60.03,415224
ore_ont_13243,ok,2.85,487848,ok,2.80,487580
ore_ont_1325,ok,0.05,9012,ok,0.03,8976
ore_ont_13276,dnf,60.09,1380404,dnf,60.06,1236552
ore_ont_13277,ok,0.02,7868,ok,0.02,7944
ore_ont_13298,ok,0.04,10012,ok,0.04,10076
ore_ont_13299,ok,0.89,30996,ok,0.82,30168
ore_ont_1330,ok,1.35,95532,ok,0.99,95528
ore_ont_13301,ok,0.19,8200,ok,0.04,8520
ore_ont_13306,ok,0.08,8000,ok,0.03,8080
ore_ont_13336,ok,0.26,28720,ok,0.19,27924
ore_ont_13337,ok,0.41,28880,ok,0.21,29056
ore_ont_13355,ok,12.29,1086224,ok,8.33,1086232
ore_ont_13359,ok,0.79,148748,ok,0.68,148820
ore_ont_13383,ok,0.04,9848,ok,0.05,9748
ore_ont_13392,ok,0.01,7196,ok,0.04,7228
ore_ont_13398,ok,0.04,7772,ok,0.05,7864
ore_ont_1340,ok,0.23,28144,ok,0.21,27920
ore_ont_13404,ok,0.04,9420,ok,0.04,9408
ore_ont_13405,ok,0.05,9656,ok,0.06,9672
ore_ont_13413,ok,0.05,11024,ok,0.09,11104
ore_ont_1342,ok,0.02,8532,ok,0.02,8324
ore_ont_13423,ok,5.30,466972,ok,4.49,466804
ore_ont_13429,ok,0.01,6932,ok,0.03,7064
ore_ont_13430,ok,0.15,36772,ok,0.12,36852
ore_ont_13444,ok,0.51,17392,ok,0.36,16640
ore_ont_13451,ok,0.29,48796,ok,0.25,48932
ore_ont_1346,ok,0.07,12244,ok,0.06,12212
ore_ont_13460,ok,0.14,32384,ok,0.13,32060
ore_ont_13474,ok,0.05,13036,ok,0.06,13088
ore_ont_13482,ok,12.02,2325784,ok,8.93,2325816
ore_ont_13483,ok,0.02,8020,ok,0.02,8136
ore_ont_13503,ok,0.01,8012,ok,0.01,7884
ore_ont_13524,ok,0.01,7300,ok,0.03,7276
ore_ont_13526,ok,0.62,85788,ok,0.43,85596
ore_ont_13530,ok,0.02,6984,ok,0.04,7056
ore_ont_13545,ok,46.66,24412,ok,46.38,23828
ore_ont_1357,ok,1.75,355888,ok,1.29,355788
ore_ont_13578,ok,0.04,10424,ok,0.04,10596
ore_ont_13581,ok,0.05,9040,ok,0.07,9040
ore_ont_13584,ok,0.03,8600,ok,0.04,8876
ore_ont_13591,ok,1.79,508896,ok,1.36,508708
ore_ont_13621,ok,0.26,29528,ok,0.21,29036
ore_ont_13643,ok,0.02,7124,ok,0.03,7076
ore_ont_13646,ok,0.06,10628,ok,0.04,10748
ore_ont_13647,ok,23.48,2033356,ok,14.45,2033564
ore_ont_13657,ok,0.03,8060,ok,0.04,8000
ore_ont_13664,ok,0.88,413276,ok,0.74,412864
ore_ont_13665,ok,0.40,79996,ok,0.33,80020
ore_ont_13674,ok,0.29,29432,ok,0.22,29300
ore_ont_13679,ok,0.28,29160,ok,0.26,29344
ore_ont_13680,ok,0.02,8316,ok,0.03,8212
ore_ont_13684,ok,1.02,150060,ok,0.85,149944
ore_ont_13690,ok,7.46,73220,ok,4.57,72916
ore_ont_1370,ok,5.02,516480,ok,4.61,516512
ore_ont_13700,ok,0.61,44272,ok,0.32,41928
ore_ont_13704,ok,0.02,8184,ok,0.03,8420
ore_ont_13708,ok,3.67,233784,ok,3.32,233932
ore_ont_13723,ok,24.64,45088,ok,22.50,45460
ore_ont_13737,ok,0.03,8508,ok,0.02,8592
ore_ont_13740,ok,0.02,8272,ok,0.02,8232
ore_ont_13752,ok,0.23,53932,ok,0.20,53896
ore_ont_13755,ok,0.08,22840,ok,0.10,22648
ore_ont_13759,ok,0.02,8132,ok,0.03,8308
ore_ont_13762,ok,0.02,8144,ok,0.02,8160
ore_ont_13772,ok,0.02,7708,ok,0.03,7484
ore_ont_13776,ok,0.28,29920,ok,0.21,29140
ore_ont_13799,ok,0.03,8504,ok,0.03,8484
ore_ont_13805,ok,0.03,9284,ok,0.03,9056
ore_ont_13811,ok,0.22,72132,ok,0.22,71584
ore_ont_13833,ok,0.02,7728,ok,0.02,7800
ore_ont_13837,ok,0.05,16092,ok,0.05,16012
ore_ont_13840,ok,0.12,27020,ok,0.11,26808
ore_ont_13846,dnf,60.07,1247368,dnf,60.07,1245224
ore_ont_13851,ok,0.27,30384,ok,0.22,31516
ore_ont_13852,ok,0.24,82840,ok,0.23,82752
ore_ont_13857,ok,0.29,29520,ok,0.24,28892
ore_ont_13859,ok,48.72,23104,ok,48.42,23468
ore_ont_13872,ok,0.02,7656,ok,0.02,7544
ore_ont_13880,ok,0.03,7928,ok,0.02,8136
ore_ont_13885,ok,0.02,8320,ok,0.04,8208
ore_ont_13887,ok,0.03,8020,ok,0.04,8140
ore_ont_13897,ok,0.03,8220,ok,0.02,8284
ore_ont_13898,ok,0.04,10580,ok,0.05,10300
ore_ont_13902,ok,0.92,219140,ok,0.76,219288
ore_ont_13912,ok,0.10,14876,ok,0.07,14956
ore_ont_13919,ok,0.13,37700,ok,0.12,37560
ore_ont_13928,ok,27.14,605708,ok,27.39,603732
ore_ont_13937,ok,2.23,469484,ok,1.85,454836
ore_ont_13941,ok,0.30,29596,ok,0.24,29200
ore_ont_13949,ok,0.21,38232,ok,0.15,38048
ore_ont_13954,ok,6.35,15664,ok,6.30,15460
ore_ont_13964,ok,0.49,144108,ok,0.46,144412
ore_ont_13969,ok,5.27,459496,ok,4.63,459524
ore_ont_1397,ok,6.33,15772,ok,6.30,15872
ore_ont_13991,ok,33.55,35180,ok,41.24,35032
ore_ont_14012,dnf,60.01,176724,dnf,60.01,176876
ore_ont_14025,ok,1.63,551932,ok,1.42,552020
ore_ont_14027,ok,0.24,87548,ok,0.20,87680
ore_ont_14031,ok,0.07,13424,ok,0.06,13432
ore_ont_14040,ok,0.28,19512,ok,0.25,19324
ore_ont_14042,ok,32.47,2400704,ok,22.18,2400724
ore_ont_1406,ok,0.03,9184,ok,0.03,9200
ore_ont_14066,ok,0.68,55168,ok,0.61,55420
ore_ont_14101,ok,4.59,125252,ok,4.67,125396
ore_ont_14123,ok,0.04,10336,ok,0.04,10452
ore_ont_14128,ok,0.01,6916,ok,0.03,7060
ore_ont_14134,ok,0.28,28988,ok,0.22,28568
ore_ont_14153,ok,0.05,12324,ok,0.04,12500
ore_ont_14154,ok,1.86,306528,ok,1.37,306432
ore_ont_14175,ok,0.02,7424,ok,0.02,7524
ore_ont_14183,ok,0.47,32516,ok,0.22,31520
ore_ont_14185,ok,0.27,7820,ok,0.02,7612
ore_ont_14191,ok,0.41,33256,ok,0.28,32576
ore_ont_14194,ok,0.35,29740,ok,0.22,28984
ore_ont_1420,ok,0.08,7052,ok,0.01,7068
ore_ont_14216,ok,2.60,545288,ok,1.95,545180
ore_ont_1422,ok,2.21,312772,ok,1.76,311100
ore_ont_14221,ok,1.21,259224,ok,1.12,259288
ore_ont_14223,dnf,60.01,181772,dnf,60.04,179536
ore_ont_14237,ok,0.27,32288,ok,0.26,31376
ore_ont_14255,ok,0.29,29580,ok,0.31,29040
ore_ont_14258,ok,0.14,36716,ok,0.15,36844
ore_ont_14272,dnf,60.00,15020,dnf,60.02,15072
ore_ont_14273,ok,0.02,7324,ok,0.12,7392
ore_ont_14280,ok,0.24,42132,ok,0.27,41956
ore_ont_14285,ok,0.03,9876,ok,0.03,9968
ore_ont_14286,ok,0.12,32216,ok,0.12,32000
ore_ont_14294,ok,0.30,30840,ok,0.26,29868
ore_ont_1430,ok,0.02,8576,ok,0.03,8580
ore_ont_14308,ok,10.71,989316,ok,10.31,989460
ore_ont_14312,ok,1.50,303808,ok,1.37,303528
ore_ont_14321,ok,0.03,9480,ok,0.03,9432
ore_ont_14325,ok,0.01,7072,ok,0.02,7172
ore_ont_14327,ok,0.02,7140,ok,0.03,7272
ore_ont_14328,ok,0.01,7124,ok,0.01,7260
ore_ont_14331,ok,0.28,30004,ok,0.22,28592
ore_ont_14334,ok,5.77,15596,ok,5.74,15560
ore_ont_14341,ok,0.03,8504,ok,0.04,8292
ore_ont_14348,ok,0.03,8588,ok,0.03,8620
ore_ont_14351,dnf,60.01,280668,ok,1.49,280572
ore_ont_14353,ok,0.03,10568,ok,0.05,10776
ore_ont_14355,ok,2.74,365144,ok,2.33,365132
ore_ont_14365,ok,1.05,420972,ok,0.80,420516
ore_ont_14367,ok,0.56,30764,ok,0.23,29676
ore_ont_14370,ok,0.13,10440,ok,0.03,10408
ore_ont_14375,ok,0.79,100828,ok,0.52,100820
ore_ont_14379,ok,1.41,11836,ok,1.42,11652
ore_ont_14380,ok,2.14,182984,ok,1.97,182232
ore_ont_14381,ok,0.02,7932,ok,0.04,7992
ore_ont_14388,ok,0.04,8880,ok,0.05,8760
ore_ont_14396,ok,0.13,19548,ok,0.05,19412
ore_ont_14407,ok,0.36,131828,ok,0.31,132012
ore_ont_14412,ok,0.02,8024,ok,0.02,8100
ore_ont_14425,ok,0.51,132472,ok,0.95,132484
ore_ont_1445,ok,0.06,9112,ok,0.20,9256
ore_ont_14450,ok,0.24,29248,ok,0.28,28580
ore_ont_14452,ok,0.30,29344,ok,0.36,28908
ore_ont_14459,dnf,60.06,2510920,ok,46.45,2510916
ore_ont_14486,ok,0.02,7268,ok,0.03,7104
ore_ont_14499,ok,0.15,48764,ok,0.13,48336
ore_ont_14508,ok,0.68,274612,ok,0.59,274572
ore_ont_14517,ok,0.01,7464,ok,0.02,7576
ore_ont_14518,ok,0.02,7256,ok,0.04,7344
ore_ont_14543,ok,1.86,273012,ok,1.65,272648
ore_ont_14551,dnf,60.01,108056,dnf,60.01,106392
ore_ont_14556,ok,0.74,186016,ok,0.58,186096
ore_ont_14572,dnf,60.07,1577100,dnf,60.11,1420624
ore_ont_14574,ok,0.12,31732,ok,0.09,31844
ore_ont_14587,ok,0.27,49720,ok,0.26,49856
ore_ont_14588,ok,0.02,8456,ok,0.03,8272
ore_ont_14593,ok,0.28,29860,ok,0.23,28640
ore_ont_14601,ok,1.50,263468,ok,1.17,263452
ore_ont_14607,ok,2.70,684904,ok,2.13,684896
ore_ont_1461,ok,0.03,9268,ok,0.03,9344
ore_ont_14667,ok,0.07,15556,ok,0.06,15620
ore_ont_14684,ok,0.04,9144,ok,0.05,9096
ore_ont_1469,ok,0.26,29440,ok,0.21,29080
ore_ont_1473,ok,0.04,10064,ok,0.04,9740
ore_ont_14742,dnf,60.04,789872,dnf,60.06,789736
ore_ont_14746,ok,0.02,7732,ok,0.02,7776
ore_ont_1475,ok,0.43,20460,ok,0.29,20212
ore_ont_14766,ok,0.27,30648,ok,0.21,31256
ore_ont_14767,ok,0.28,32628,ok,0.23,31612
ore_ont_14776,ok,0.77,342040,ok,0.67,341732
ore_ont_1478,ok,1.77,40876,ok,1.74,40496
ore_ont_148,ok,0.29,29696,ok,0.23,29196
ore_ont_14800,ok,0.03,8808,ok,0.03,8728
ore_ont_1481,ok,0.23,137152,ok,0.23,137176
ore_ont_14816,ok,0.01,7348,ok,0.01,7380
ore_ont_14817,dnf,60.02,457252,dnf,60.03,450416
ore_ont_14818,ok,0.26,28988,ok,0.20,28412
ore_ont_14826,ok,0.02,7224,ok,0.03,7144
ore_ont_14831,ok,0.01,7560,ok,0.01,7220
ore_ont_14840,ok,0.04,11864,ok,0.04,11820
ore_ont_14848,ok,0.02,8192,ok,0.01,8128
ore_ont_14860,ok,4.49,681704,ok,2.02,681504
ore_ont_14861,ok,5.46,543420,ok,4.12,543508
ore_ont_14863,ok,0.24,25372,ok,0.09,25380
ore_ont_14878,ok,0.32,32560,ok,0.22,31700
ore_ont_14879,ok,1.15,579976,ok,1.01,579792
ore_ont_14881,ok,10.99,379792,ok,10.36,378052
ore_ont_14883,ok,0.09,15340,ok,0.08,15400
ore_ont_14896,ok,0.26,32196,ok,0.21,31560
ore_ont_14897,dnf,60.00,123324,dnf,60.01,123200
ore_ont_14901,ok,0.03,8040,ok,0.03,7804
ore_ont_14906,ok,0.26,32652,ok,0.22,31672
ore_ont_14909,ok,0.37,119156,ok,0.33,119288
ore_ont_14912,ok,0.07,18996,ok,0.09,19212
ore_ont_14919,ok,0.28,29236,ok,0.23,28472
ore_ont_14924,ok,0.04,8920,ok,0.04,8856
ore_ont_14926,ok,0.01,7156,ok,0.01,7208
ore_ont_1493,ok,0.25,42348,ok,0.20,41896
ore_ont_14931,ok,0.02,8380,ok,0.02,8404
ore_ont_14934,ok,1.29,365264,ok,1.16,364700
ore_ont_14936,ok,0.55,12032,ok,0.52,12004
ore_ont_1494,ok,0.02,7440,ok,0.02,7552
ore_ont_14981,ok,0.03,9032,ok,0.05,8988
ore_ont_14995,ok,0.12,41620,ok,0.10,41568
ore_ont_1501,ok,0.15,41704,ok,0.15,41644
ore_ont_15010,ok,21.91,9304,ok,6.19,9156
ore_ont_15013,ok,0.13,33400,ok,0.13,33316
ore_ont_15030,ok,0.04,10608,ok,0.04,10588
ore_ont_15058,ok,0.02,8504,ok,0.02,8524
ore_ont_15059,ok,37.89,7603012,ok,28.11,7602932
ore_ont_15063,ok,0.47,36112,ok,0.15,34664
ore_ont_15066,ok,56.33,71032,ok,39.20,71280
ore_ont_15068,ok,0.02,7512,ok,0.02,7368
ore_ont_15074,dnf,60.00,70716,dnf,60.00,71068
ore_ont_1508,dnf,60.01,182016,dnf,60.01,180656
ore_ont_1509,ok,28.06,108304,ok,27.76,110020
ore_ont_15098,ok,0.12,33800,ok,0.09,33928
ore_ont_15099,ok,0.81,342124,ok,0.69,341416
ore_ont_15103,ok,0.03,8800,ok,0.03,8964
ore_ont_15108,ok,42.84,496936,ok,43.28,497164
ore_ont_15125,ok,1.65,432380,ok,1.30,432444
ore_ont_15133,ok,2.83,365236,ok,2.54,365352
ore_ont_15145,ok,0.08,7220,ok,0.02,6996
ore_ont_15152,ok,0.12,21732,ok,0.07,21520
ore_ont_15160,ok,0.01,7200,ok,0.02,7156
ore_ont_15167,ok,0.02,8436,ok,0.02,8348
ore_ont_1517,ok,0.30,30272,ok,0.22,29252
ore_ont_15172,ok,1.11,248396,ok,0.89,248520
ore_ont_15178,ok,0.33,127108,ok,0.29,126900
ore_ont_15184,ok,0.31,29608,ok,0.22,28528
ore_ont_15203,dnf,60.13,5717772,dnf,60.16,5717760
ore_ont_15210,ok,0.02,8064,ok,0.02,8212
ore_ont_15217,ok,0.02,7368,ok,0.02,7184
ore_ont_15222,ok,0.12,19632,ok,0.08,19848
ore_ont_15224,ok,0.11,23332,ok,0.08,23332
ore_ont_15226,ok,27.20,605824,ok,29.05,605728
ore_ont_15229,ok,0.02,8084,ok,0.04,8404
ore_ont_15231,ok,0.02,7628,ok,0.02,7804
ore_ont_15237,ok,0.75,175396,ok,0.56,175152
ore_ont_1524,ok,0.44,10052,ok,0.45,10152
ore_ont_15249,ok,1.11,442076,ok,0.87,441792
ore_ont_1526,ok,0.02,7956,ok,0.02,7896
ore_ont_15260,ok,0.28,52244,ok,0.25,52184
ore_ont_15273,ok,0.09,14496,ok,0.09,14636
ore_ont_15280,ok,11.14,2190448,ok,8.39,2190124
ore_ont_15288,ok,1.38,187296,ok,0.75,187288
ore_ont_15291,ok,0.04,8976,ok,0.04,8812
ore_ont_15292,ok,0.05,13696,ok,0.07,13956
ore_ont_15297,ok,0.17,19772,ok,0.12,20032
ore_ont_153,ok,0.29,28960,ok,0.21,29192
ore_ont_15301,ok,0.07,20032,ok,0.07,20120
ore_ont_15318,ok,0.02,7112,ok,0.01,7116
ore_ont_1533,ok,0.27,29584,ok,0.21,29736
ore_ont_15331,ok,0.01,7860,ok,0.02,7768
ore_ont_15341,ok,0.13,26860,ok,0.11,26756
ore_ont_15344,dnf,60.00,77996,dnf,60.00,78048
ore_ont_15352,ok,0.29,30140,ok,0.25,28928
ore_ont_15355,ok,0.11,26020,ok,0.09,25788
ore_ont_15363,ok,0.16,39708,ok,0.13,39600
ore_ont_1537,ok,0.03,8324,ok,0.02,8212
ore_ont_15372,ok,1.67,279464,ok,1.21,279400
ore_ont_15388,ok,3.70,259996,ok,3.93,260000
ore_ont_1539,ok,0.29,29368,ok,0.23,28572
ore_ont_15397,ok,0.03,8692,ok,0.03,8868
ore_ont_15399,ok,0.01,7080,ok,0.01,7140
ore_ont_15407,ok,0.03,9088,ok,0.03,9224
ore_ont_15413,ok,0.05,10396,ok,0.04,10292
ore_ont_15418,dnf,60.04,685560,dnf,60.04,685632
ore_ont_15421,ok,0.03,8472,ok,0.04,8516
ore_ont_15450,ok,0.28,29564,ok,0.21,28624
ore_ont_15461,ok,0.03,8192,ok,0.02,8296
ore_ont_15475,ok,0.27,29956,ok,0.22,29388
ore_ont_15490,ok,0.12,24888,ok,0.11,24976
ore_ont_15491,ok,52.38,70872,ok,28.73,71372
ore_ont_155,ok,0.03,9592,ok,0.03,9296
ore_ont_15514,ok,0.03,8960,ok,0.07,9076
ore_ont_15516,ok,0.02,7916,ok,0.02,7916
ore_ont_15526,dnf,60.01,137768,dnf,60.01,137700
ore_ont_15536,ok,0.96,144060,ok,0.69,144000
ore_ont_15544,ok,0.32,29608,ok,0.22,29036
ore_ont_1555,ok,0.25,31900,ok,0.15,31864
ore_ont_15557,ok,2.83,514464,ok,2.46,514344
ore_ont_15575,ok,0.05,10500,ok,0.05,10372
ore_ont_15576,ok,0.01,7260,ok,0.02,7216
ore_ont_15583,ok,0.06,13012,ok,0.06,13016
ore_ont_1559,ok,33.95,5717912,ok,23.62,5717852
ore_ont_15596,ok,0.06,9196,ok,0.04,9100
ore_ont_15612,ok,0.19,41976,ok,0.17,41928
ore_ont_15615,ok,0.31,33884,ok,0.27,33224
ore_ont_15621,ok,1.67,346380,ok,1.30,346532
ore_ont_15623,dnf,60.01,47336,dnf,60.00,47764
ore_ont_15635,dnf,60.07,737432,dnf,60.07,737400
ore_ont_15652,ok,0.04,8784,ok,0.02,8824
ore_ont_15655,ok,33.87,5817388,ok,19.75,5817252
ore_ont_15667,ok,0.08,8204,ok,0.02,8072
ore_ont_15672,ok,0.11,10052,ok,0.06,9920
ore_ont_15680,ok,3.55,475128,ok,3.47,475160
ore_ont_15682,ok,0.27,10740,ok,0.20,10668
ore_ont_15685,ok,0.07,8208,ok,0.03,8448
ore_ont_15687,dnf,60.03,516796,dnf,60.10,1479668
ore_ont_15692,ok,0.28,31860,ok,0.24,31472
ore_ont_15695,dnf,60.06,1090000,dnf,60.08,1088028
ore_ont_15696,ok,3.98,317468,ok,3.25,317412
ore_ont_15703,ok,34.92,3627924,ok,21.32,3627972
ore_ont_15725,ok,1.90,308948,ok,1.33,308860
ore_ont_15733,dnf,60.01,111056,dnf,60.01,114000
ore_ont_15737,ok,0.05,7504,ok,0.02,7480
ore_ont_15741,ok,0.08,14352,ok,0.05,14576
ore_ont_15753,ok,0.03,8556,ok,0.02,8460
ore_ont_1579,ok,4.08,610224,ok,3.74,610144
ore_ont_15790,ok,0.68,348256,ok,0.59,348180
ore_ont_15791,ok,0.32,87552,ok,0.23,87608
ore_ont_15793,ok,0.21,71784,ok,0.19,71856
ore_ont_15796,ok,0.28,29328,ok,0.24,28736
ore_ont_15800,ok,0.02,7244,ok,0.01,7264
ore_ont_15803,dnf,60.11,2168780,dnf,60.15,2168724
ore_ont_15846,ok,8.23,609204,ok,8.50,609304
ore_ont_15860,ok,0.19,12924,ok,0.06,13188
ore_ont_15871,ok,0.21,39244,ok,0.09,39264
ore_ont_15878,ok,0.39,56812,ok,0.36,56836
ore_ont_15882,ok,0.02,7288,ok,0.02,7172
ore_ont_15917,ok,0.12,26896,ok,0.10,27012
ore_ont_15921,ok,0.09,25220,ok,0.06,25416
ore_ont_15929,ok,9.87,702300,ok,11.46,702436
ore_ont_15932,ok,0.10,21888,ok,0.06,21900
ore_ont_15933,ok,0.03,8952,ok,0.04,8816
ore_ont_15944,ok,0.15,24512,ok,0.10,24440
ore_ont_15950,ok,0.04,12148,ok,0.04,12132
ore_ont_15968,ok,0.06,17528,ok,0.07,17456
ore_ont_15971,ok,0.04,7748,ok,0.02,7928
ore_ont_15976,ok,3.92,705120,ok,2.90,705200
ore_ont_15985,ok,0.05,9400,ok,0.03,9236
ore_ont_15991,ok,0.65,133700,ok,0.45,133512
ore_ont_15993,ok,0.64,39972,ok,0.64,38164
ore_ont_16008,ok,57.95,2244340,ok,37.42,2244348
ore_ont_16010,ok,0.06,7160,ok,0.02,7084
ore_ont_16017,ok,0.33,31348,ok,0.21,31704
ore_ont_1603,ok,1.63,70828,ok,1.52,70968
ore_ont_16033,ok,0.04,7316,ok,0.02,7608
ore_ont_16039,ok,0.10,19428,ok,0.07,19544
ore_ont_16054,ok,0.02,7816,ok,0.02,8040
ore_ont_16056,dnf,60.00,12124,dnf,60.00,14436
ore_ont_16076,ok,0.03,7192,ok,0.02,7168
ore_ont_16089,ok,6.87,694300,ok,7.72,694160
ore_ont_16105,ok,0.19,44900,ok,0.16,44748
ore_ont_16114,ok,0.58,117692,ok,0.26,117560
ore_ont_16115,ok,0.06,8252,ok,0.02,8212
ore_ont_16120,ok,0.29,29112,ok,0.21,28812
ore_ont_16124,ok,0.26,29372,ok,0.22,29728
ore_ont_16157,ok,0.06,9464,ok,0.03,9380
ore_ont_16166,ok,0.02,7616,ok,0.03,7360
ore_ont_16167,ok,0.13,7936,ok,0.02,8112
ore_ont_1618,ok,0.05,8248,ok,0.05,8432
ore_ont_16184,ok,7.90,302304,ok,5.47,302392
ore_ont_16188,ok,0.02,7348,ok,0.02,7572
ore_ont_16191,ok,0.04,9820,ok,0.04,9768
ore_ont_16197,ok,0.02,8324,ok,0.02,8408
ore_ont_16235,ok,3.57,445592,ok,3.10,445496
ore_ont_16255,ok,0.08,10644,ok,0.05,10844
ore_ont_16267,ok,0.04,7476,ok,0.02,7360
ore_ont_16268,ok,0.03,7332,ok,0.03,7520
ore_ont_16274,ok,0.49,10112,ok,0.50,10244
ore_ont_16283,ok,0.72,187364,ok,0.63,187536
ore_ont_16286,ok,5.96,316224,ok,5.24,325008
ore_ont_16289,ok,0.04,8200,ok,0.01,8216
ore_ont_16299,ok,0.19,58152,ok,0.16,58072
ore_ont_16303,ok,1.09,35076,ok,0.83,34924
ore_ont_16312,ok,0.04,9264,ok,0.03,9184
ore_ont_16315,ok,4.35,218048,ok,4.33,218252
ore_ont_16321,ok,0.04,9796,ok,0.04,9748
ore_ont_1634,dnf,60.01,176692,dnf,60.01,176648
ore_ont_16351,ok,0.01,7060,ok,0.02,7192
ore_ont_16359,ok,0.02,8204,ok,0.02,8232
ore_ont_16371,dnf,60.00,17956,dnf,60.00,17696
ore_ont_16372,ok,9.05,90304,ok,8.69,90336
ore_ont_16414,ok,6.49,1027248,ok,4.51,1027256
ore_ont_16420,dnf,60.01,161508,dnf,60.01,160376
ore_ont_16425,ok,0.03,8432,ok,0.02,7904
ore_ont_16428,ok,5.83,521136,ok,5.09,521048
ore_ont_16444,dnf,60.02,377324,dnf,60.02,377320
ore_ont_16453,ok,0.14,37688,ok,0.12,37656
ore_ont_16457,ok,8.34,1344044,ok,6.52,1343956
ore_ont_1646,ok,1.28,38432,ok,1.28,38112
ore_ont_16461,ok,0.02,8700,ok,0.02,8400
ore_ont_16462,dnf,60.06,768880,dnf,60.08,759464
ore_ont_16481,ok,45.24,15468,ok,45.07,15432
ore_ont_165,ok,0.03,8436,ok,0.03,8552
ore_ont_16501,ok,0.04,7456,ok,0.04,7580
ore_ont_16509,ok,0.20,26388,ok,0.17,26308
ore_ont_16511,ok,0.85,200036,ok,0.72,200036
ore_ont_16519,ok,2.06,385912,ok,1.54,385888
ore_ont_16535,ok,0.18,14036,ok,0.14,14232
ore_ont_16542,ok,1.59,87240,ok,0.78,87216
ore_ont_16547,ok,0.13,32224,ok,0.15,32272
ore_ont_16558,ok,0.12,24680,ok,0.10,24428
ore_ont_16559,ok,0.32,105904,ok,0.28,105548
ore_ont_16565,ok,0.28,29568,ok,0.22,28388
ore_ont_16586,ok,8.31,1620464,ok,6.25,1620412
ore_ont_16594,ok,0.02,7208,ok,0.15,7232
ore_ont_16596,ok,3.93,704140,ok,2.94,704120
ore_ont_16610,ok,0.12,32268,ok,0.10,32012
ore_ont_16617,ok,0.29,28984,ok,0.23,28816
ore_ont_16619,ok,0.39,56700,ok,0.35,56748
ore_ont_1662,ok,0.03,7228,ok,0.04,7296
ore_ont_16626,ok,0.02,7212,ok,0.03,7380
ore_ont_16630,ok,0.03,8384,ok,0.02,8352
ore_ont_16632,ok,17.45,2561428,ok,8.87,2561320
ore_ont_16642,ok,0.27,33072,ok,0.22,32388
ore_ont_1666,ok,0.13,39956,ok,0.11,39912
ore_ont_16666,ok,1.61,50060,ok,1.34,47552
ore_ont_16669,ok,0.27,30456,ok,0.28,30296
ore_ont_16670,ok,0.03,8652,ok,0.02,8568
ore_ont_16680,dnf,60.05,1391996,dnf,60.08,1247192
ore_ont_16684,ok,1.14,579528,ok,1.00,579636
ore_ont_16687,ok,0.69,315816,ok,0.60,315888
ore_ont_16701,ok,8.60,566396,ok,4.51,566480
ore_ont_16703,ok,1.05,148500,ok,0.61,148556
ore_ont_16708,ok,0.22,10020,ok,0.05,10232
ore_ont_1672,ok,0.26,18852,ok,0.11,18888
ore_ont_16723,ok,0.18,8384,ok,0.02,8276
ore_ont_1673,dnf,60.13,1713912,dnf,60.11,1713468
ore_ont_16730,ok,0.24,7592,ok,0.02,7728
ore_ont_16738,ok,0.38,29928,ok,0.27,28752
ore_ont_16744,dnf,60.10,7603060,dnf,60.08,7603212
ore_ont_16746,ok,0.50,55956,ok,0.38,55948
ore_ont_16750,ok,0.21,28000,ok,0.11,27912
ore_ont_16759,ok,0.29,29436,ok,0.22,29760
ore_ont_16767,ok,0.93,271680,ok,0.76,271672
ore_ont_16777,ok,0.03,7300,ok,0.02,7360
ore_ont_16800,ok,15.74,143944,ok,20.20,143812
ore_ont_16806,ok,0.09,19564,ok,0.07,19680
ore_ont_16814,ok,0.03,8364,ok,0.02,8172
ore_ont_16821,ok,0.06,7972,ok,0.02,7832
ore_ont_16822,ok,0.31,32328,ok,0.22,31844
ore_ont_16827,ok,0.03,7388,ok,0.02,7420
ore_ont_16829,ok,2.61,510560,ok,1.99,510508
ore_ont_16847,ok,0.68,12352,ok,0.65,12656
ore_ont_1685,ok,3.72,113444,ok,2.03,113520
ore_ont_16850,ok,0.07,7896,ok,0.03,8156
ore_ont_16853,ok,3.63,97472,ok,1.92,97588
ore_ont_16855,ok,0.24,8084,ok,0.02,8152
ore_ont_1705,ok,0.17,8376,ok,0.02,8456
ore_ont_1707,dnf,60.00,33660,dnf,60.00,32840
ore_ont_1728,ok,0.19,8584,ok,0.03,8448
ore_ont_1734,ok,23.43,47528,ok,22.83,45648
ore_ont_1743,ok,0.28,72592,ok,0.23,72508
ore_ont_1746,ok,0.04,7060,ok,0.03,7184
ore_ont_1756,ok,0.03,7860,ok,0.03,7996
ore_ont_1767,ok,0.30,63756,ok,0.22,63804
ore_ont_178,ok,0.10,8300,ok,0.02,8552
ore_ont_1784,ok,0.08,13008,ok,0.06,13340
ore_ont_1790,ok,0.31,29504,ok,0.21,28512
ore_ont_1793,ok,0.05,7496,ok,0.02,7536
ore_ont_1820,ok,2.13,411696,ok,1.57,411328
ore_ont_1821,ok,2.17,581344,ok,1.72,581048
ore_ont_1823,ok,0.17,8548,ok,0.07,8800
ore_ont_1833,dnf,60.92,16680584,dnf,60.72,16680760
ore_ont_1834,ok,0.10,8916,ok,0.05,9028
ore_ont_1840,ok,1.28,230432,ok,0.96,230484
ore_ont_185,ok,0.10,11880,ok,0.09,11888
ore_ont_1853,ok,0.07,8772,ok,0.02,8716
ore_ont_1866,ok,0.02,8484,ok,0.02,8584
ore_ont_1869,ok,0.03,8016,ok,0.01,7856
ore_ont_1870,ok,0.32,29704,ok,0.21,28852
ore_ont_1886,ok,2.63,384976,ok,1.87,384680
ore_ont_1898,ok,0.03,9072,ok,0.02,8888
ore_ont_1902,ok,0.03,8400,ok,0.02,8364
ore_ont_191,ok,1.56,233928,ok,1.35,233896
ore_ont_1931,ok,0.07,13304,ok,0.06,13064
ore_ont_1938,dnf,60.06,670084,dnf,60.07,672624
ore_ont_1944,ok,0.02,8424,ok,0.02,8364
ore_ont_1954,ok,0.23,48492,ok,0.22,48508
ore_ont_1958,ok,14.25,17764,ok,13.91,17152
ore_ont_1965,ok,0.25,29252,ok,0.22,29344
ore_ont_1966,ok,7.16,367964,ok,5.09,364416
ore_ont_1967,ok,0.04,7128,ok,0.02,7196
ore_ont_1970,ok,0.62,46944,ok,0.12,46676
ore_ont_1988,ok,0.02,8372,ok,0.02,8420
ore_ont_1997,ok,4.83,16388,ok,2.79,16236
ore_ont_20,dnf,60.02,479652,dnf,60.05,487544
ore_ont_2011,ok,0.08,9660,ok,0.03,9608
ore_ont_2012,ok,0.02,8100,ok,0.05,8120
ore_ont_2017,ok,0.03,7692,ok,0.02,7716
ore_ont_202,ok,0.03,8132,ok,0.03,8140
ore_ont_2020,ok,0.40,72668,ok,0.35,72460
ore_ont_2022,ok,0.04,13976,ok,0.04,13888
ore_ont_2036,ok,0.03,7372,ok,0.01,7244
ore_ont_2038,ok,0.01,7352,ok,0.01,7396
ore_ont_2046,ok,2.05,480296,ok,1.60,480036
ore_ont_205,dnf,60.01,89840,dnf,60.01,88376
ore_ont_2063,ok,0.04,7924,ok,0.03,7740
ore_ont_2066,ok,0.01,7700,ok,0.02,7696
ore_ont_2082,ok,3.14,590464,ok,2.27,590348
ore_ont_2105,ok,0.31,92840,ok,0.25,93148
ore_ont_2111,dnf,60.03,900108,dnf,60.04,900236
ore_ont_2121,ok,40.80,2804040,ok,23.11,2803776
ore_ont_2128,ok,0.27,82536,ok,0.21,82520
ore_ont_2129,ok,0.18,42368,ok,0.13,42456
ore_ont_2134,ok,2.26,544732,ok,1.77,531280
ore_ont_2142,ok,1.77,94332,ok,1.29,94316
ore_ont_218,ok,1.37,32784,ok,1.13,31900
ore_ont_2182,ok,42.23,15656,ok,42.07,15596
ore_ont_2195,ok,0.02,9220,ok,0.15,9284
ore_ont_22,ok,0.18,40828,ok,0.29,40800
ore_ont_2213,ok,0.30,29772,ok,0.21,28960
ore_ont_2228,ok,0.02,7244,ok,0.02,7192
ore_ont_2229,ok,0.06,7264,ok,0.01,7340
ore_ont_2232,ok,24.23,44856,ok,23.54,43556
ore_ont_2237,ok,0.02,7560,ok,0.02,7568
ore_ont_2243,ok,3.18,654972,ok,2.48,654864
ore_ont_2253,ok,2.56,561576,ok,2.06,561600
ore_ont_2266,ok,0.04,12536,ok,0.21,12556
ore_ont_2291,ok,2.52,472808,ok,2.31,472824
ore_ont_2302,dnf,60.10,1301928,dnf,60.09,1302524
ore_ont_2303,ok,0.02,7812,ok,0.06,7680
ore_ont_231,ok,0.02,7600,ok,0.04,7548
ore_ont_2313,ok,2.76,95596,ok,2.50,95108
ore_ont_2317,ok,0.28,60056,ok,0.22,59880
ore_ont_2318,ok,0.26,30336,ok,0.26,29676
ore_ont_2333,ok,0.49,27796,ok,0.16,27280
ore_ont_2338,ok,0.03,7872,ok,0.03,7620
ore_ont_236,ok,0.17,38708,ok,0.13,38592
ore_ont_2360,ok,0.32,30864,ok,0.23,29824
ore_ont_2361,ok,2.89,343736,ok,2.61,343868
ore_ont_237,ok,0.02,7872,ok,0.04,7992
ore_ont_2377,ok,0.08,15112,ok,0.06,15128
ore_ont_2378,ok,0.05,9724,ok,0.04,9792
ore_ont_239,dnf,60.01,120056,dnf,60.01,121576
ore_ont_2397,ok,1.30,170880,ok,1.24,170764
ore_ont_2415,ok,20.15,500860,ok,19.22,498916
ore_ont_2440,ok,0.07,14324,ok,0.20,14344
ore_ont_2453,ok,0.06,27468,ok,0.21,27568
ore_ont_2454,ok,0.14,32820,ok,0.17,33000
ore_ont_2456,ok,0.03,7956,ok,0.11,8124
ore_ont_2469,ok,2.15,412212,ok,1.68,411868
ore_ont_2485,ok,0.01,7492,ok,0.02,7296
ore_ont_2486,ok,11.32,1093132,ok,10.79,1093152
ore_ont_2488,ok,0.04,9524,ok,0.04,9272
ore_ont_2491,ok,0.38,117264,ok,0.30,116884
ore_ont_2496,ok,0.05,13424,ok,0.04,13384
ore_ont_2497,ok,0.25,42004,ok,0.22,41880
ore_ont_2504,dnf,60.01,365948,dnf,60.31,7699124
ore_ont_2513,ok,4.22,668956,ok,3.01,668840
ore_ont_2526,ok,0.21,8804,ok,0.02,8624
ore_ont_253,ok,0.45,25388,ok,0.29,25296
ore_ont_2531,ok,0.39,29716,ok,0.24,29040
ore_ont_2548,ok,0.69,44812,ok,0.34,40940
ore_ont_2556,ok,0.04,7596,ok,0.02,7532
ore_ont_2557,ok,0.01,7260,ok,0.01,7272
ore_ont_2569,ok,0.07,18144,ok,0.07,18040
ore_ont_257,ok,0.37,43848,ok,0.18,44064
ore_ont_2574,ok,53.73,1589328,ok,59.11,1589360
ore_ont_2577,ok,12.27,559324,ok,10.38,558644
ore_ont_2578,ok,5.85,59116,ok,3.64,58932
ore_ont_258,ok,0.02,7148,ok,0.04,7064
ore_ont_259,ok,0.29,29608,ok,0.21,28792
ore_ont_2591,ok,0.25,72072,ok,0.21,71884
ore_ont_260,ok,0.25,29548,ok,0.23,29060
ore_ont_2604,ok,0.18,24012,ok,0.18,24060
ore_ont_2608,ok,0.03,8032,ok,0.02,7884
ore_ont_2612,ok,0.06,13612,ok,0.06,13568
ore_ont_2622,ok,3.09,652728,ok,2.31,652760
ore_ont_2624,ok,0.21,43532,ok,0.18,43768
ore_ont_2627,ok,0.92,450176,ok,0.74,449252
ore_ont_2632,ok,12.98,805500,ok,12.29,804732
ore_ont_264,ok,0.16,43524,ok,0.16,43460
ore_ont_2646,ok,0.04,10688,ok,0.03,10428
ore_ont_2652,ok,0.04,8224,ok,0.06,8440
ore_ont_2654,ok,0.04,7356,ok,0.02,7432
ore_ont_2656,ok,0.37,131948,ok,0.33,131968
ore_ont_2658,ok,0.79,126716,ok,0.83,126876
ore_ont_2661,ok,0.74,355344,ok,0.62,354856
ore_ont_2662,ok,0.03,7096,ok,0.02,7112
ore_ont_2664,ok,0.38,29440,ok,0.20,28884
ore_ont_2669,ok,0.02,7892,ok,0.02,8024
ore_ont_2672,ok,0.03,7960,ok,0.02,7880
ore_ont_2677,ok,0.27,29452,ok,0.21,29336
ore_ont_2678,ok,0.02,8904,ok,0.03,9068
ore_ont_269,ok,0.78,191660,ok,0.69,191476
ore_ont_2697,ok,0.01,7140,ok,0.01,7048
ore_ont_2700,ok,0.30,32584,ok,0.21,31472
ore_ont_2703,ok,0.15,20620,ok,0.15,21544
ore_ont_2713,ok,0.02,7348,ok,0.03,7212
ore_ont_2719,ok,0.31,70256,ok,0.24,70068
ore_ont_2720,ok,0.03,8612,ok,0.05,8768
ore_ont_2738,dnf,60.02,471184,dnf,60.03,467344
ore_ont_2744,ok,0.04,9868,ok,0.04,9808
ore_ont_2749,ok,0.31,30056,ok,0.13,29176
ore_ont_2753,ok,0.06,7320,ok,0.02,7224
ore_ont_2775,ok,0.02,8380,ok,0.02,8152
ore_ont_2783,ok,0.28,29444,ok,0.20,28568
ore_ont_2792,ok,1.34,41484,ok,1.13,41192
ore_ont_2803,ok,6.93,694192,ok,7.74,694304
ore_ont_2817,ok,0.37,29528,ok,0.21,28868
ore_ont_2820,ok,1.79,369196,ok,1.35,369284
ore_ont_2826,ok,7.13,15524,ok,7.10,15612
ore_ont_2828,ok,5.31,520464,ok,4.37,520392
ore_ont_283,ok,1.80,560056,ok,1.43,559968
ore_ont_2837,ok,0.03,8024,ok,0.02,8176
ore_ont_2848,ok,0.18,37680,ok,0.15,37688
ore_ont_2860,ok,0.03,8876,ok,0.03,8932
ore_ont_2874,dnf,60.03,531744,dnf,60.05,508160
ore_ont_2876,ok,0.05,7068,ok,0.04,7236
ore_ont_290,ok,0.31,28892,ok,0.22,29700
ore_ont_2901,dnf,60.01,67180,dnf,60.01,67128
ore_ont_2936,ok,0.02,7956,ok,0.02,7952
ore_ont_2950,ok,0.12,14968,ok,0.10,14888
ore_ont_2989,ok,0.02,8084,ok,0.04,8276
ore_ont_3003,ok,0.04,13300,ok,0.07,13212
ore_ont_3010,ok,6.32,15632,ok,6.25,15648
ore_ont_3022,ok,0.02,9016,ok,0.03,8992
ore_ont_304,ok,0.02,8168,ok,0.04,8488
ore_ont_3050,ok,0.28,29616,ok,0.22,29324
ore_ont_3053,ok,0.02,7368,ok,0.02,7580
ore_ont_3060,ok,0.02,8700,ok,0.02,8560
ore_ont_307,ok,0.15,44884,ok,0.12,44892
ore_ont_3077,ok,2.88,90376,ok,2.46,83224
ore_ont_3080,dnf,60.10,1504872,dnf,60.08,1500284
ore_ont_3082,ok,0.02,7140,ok,0.02,7124
ore_ont_3087,ok,5.08,485484,ok,4.86,487072
ore_ont_3100,ok,5.21,466964,ok,4.54,466912
ore_ont_3102,ok,0.06,14788,ok,0.06,14604
ore_ont_3106,ok,0.18,39760,ok,0.15,39504
ore_ont_3114,ok,0.34,28924,ok,0.21,28564
ore_ont_3128,ok,0.02,7340,ok,0.02,7300
ore_ont_3133,ok,4.74,751684,ok,3.60,751820
ore_ont_3156,ok,6.25,15500,ok,6.15,15500
ore_ont_316,ok,0.05,12760,ok,0.04,12836
ore_ont_3164,ok,2.79,587420,ok,2.11,587568
ore_ont_3177,ok,0.15,33496,ok,0.13,33488
ore_ont_318,ok,5.00,568588,ok,4.44,568848
ore_ont_3205,ok,0.04,12708,ok,0.04,12732
ore_ont_3214,ok,0.27,31912,ok,0.20,32396
ore_ont_3215,dnf,60.03,447308,dnf,60.03,433364
ore_ont_3231,ok,0.11,9456,ok,0.10,9552
ore_ont_3237,dnf,60.02,361148,dnf,60.02,328988
ore_ont_3238,ok,0.23,67304,ok,0.18,67444
ore_ont_3241,ok,0.12,33964,ok,0.11,33876
ore_ont_3250,ok,32.78,24768,ok,32.05,24672
ore_ont_3255,ok,0.39,79572,ok,0.30,79840
ore_ont_3258,ok,0.06,8916,ok,0.05,8764
ore_ont_3259,ok,0.03,7660,ok,0.02,7600
ore_ont_3260,ok,0.02,8136,ok,0.01,8112
ore_ont_3262,ok,12.74,139876,ok,12.59,139864
ore_ont_3263,ok,0.07,8288,ok,0.05,8372
ore_ont_3270,ok,0.02,8208,ok,0.02,8316
ore_ont_3274,ok,3.98,681268,ok,2.89,681208
ore_ont_3281,ok,4.01,10540,ok,4.04,10384
ore_ont_3282,ok,14.96,863664,ok,14.73,861632
ore_ont_3292,ok,0.02,7356,ok,0.07,7572
ore_ont_33,ok,0.26,48716,ok,0.46,48640
ore_ont_330,ok,0.13,33908,ok,0.28,34064
ore_ont_3301,ok,0.05,10140,ok,0.04,10320
ore_ont_3313,ok,0.06,13400,ok,0.05,13496
ore_ont_3329,ok,0.30,30440,ok,0.22,29056
ore_ont_3330,ok,0.01,7900,ok,0.02,8004
ore_ont_3341,ok,0.16,8120,ok,0.02,8184
ore_ont_3344,ok,0.03,10276,ok,0.03,10132
ore_ont_3349,ok,0.15,8064,ok,0.03,8328
ore_ont_3352,ok,0.03,9364,ok,0.04,9184
ore_ont_3357,ok,0.29,32144,ok,0.26,31892
ore_ont_336,ok,0.28,32684,ok,0.22,32288
ore_ont_3377,ok,25.15,2169216,ok,18.51,2169320
ore_ont_338,ok,0.02,7188,ok,0.03,7192
ore_ont_3381,ok,0.22,28156,ok,0.20,28400
ore_ont_3406,ok,0.81,126900,ok,0.80,127112
ore_ont_3411,ok,0.05,9136,ok,0.03,8940
ore_ont_3414,ok,10.98,935808,ok,8.54,933600
ore_ont_3418,ok,0.02,7240,ok,0.14,7192
ore_ont_345,dnf,60.05,1441028,dnf,60.09,1440928
ore_ont_3455,ok,0.03,8020,ok,0.25,8176
ore_ont_3463,ok,0.01,7084,ok,0.16,7296
ore_ont_3480,ok,0.43,193300,ok,0.46,193224
ore_ont_3484,ok,0.07,20988,ok,0.18,20844
ore_ont_3500,ok,0.26,31272,ok,0.20,31300
ore_ont_3503,ok,0.08,13972,ok,0.07,14112
ore_ont_3504,ok,0.02,8228,ok,0.02,7940
ore_ont_3508,ok,8.17,971112,ok,6.42,967256
ore_ont_3515,ok,0.06,10656,ok,0.04,10500
ore_ont_3516,ok,0.19,41972,ok,0.16,41760
ore_ont_3524,ok,37.60,3988392,ok,23.50,3988332
ore_ont_3529,ok,0.20,42928,ok,0.18,42948
ore_ont_3545,ok,0.05,12132,ok,0.03,12488
ore_ont_3550,ok,0.06,16596,ok,0.05,16608
ore_ont_3560,ok,8.23,1051228,ok,6.15,1051312
ore_ont_3561,ok,0.46,83956,ok,0.27,83956
ore_ont_3562,ok,17.65,78072,ok,13.25,78032
ore_ont_3566,ok,0.15,8656,ok,0.14,8836
ore_ont_3575,dnf,60.03,885980,dnf,60.05,886020
ore_ont_3584,ok,0.27,29336,ok,0.22,28596
ore_ont_3592,ok,0.02,8248,ok,0.01,8112
ore_ont_360,ok,0.15,45564,ok,0.15,45552
ore_ont_3635,ok,0.04,10580,ok,0.07,10568
ore_ont_3639,ok,0.02,7252,ok,0.02,7312
ore_ont_3640,ok,0.10,21936,ok,0.08,21876
ore_ont_3658,ok,5.43,676804,ok,3.68,677056
ore_ont_3671,ok,0.01,7940,ok,0.02,7936
ore_ont_3680,ok,0.50,215968,ok,0.44,215912
ore_ont_3685,ok,0.05,10028,ok,0.05,10080
ore_ont_3696,ok,3.37,582260,ok,3.11,582540
ore_ont_3708,ok,0.03,8684,ok,0.14,8664
ore_ont_3712,ok,0.24,46808,ok,0.38,46604
ore_ont_3726,ok,0.04,9052,ok,0.09,9044
ore_ont_3733,ok,40.06,526632,ok,33.28,513944
ore_ont_3737,ok,1.55,233776,ok,1.37,233800
ore_ont_3770,ok,0.04,7720,ok,0.02,7552
ore_ont_3771,ok,0.07,15544,ok,0.06,15472
ore_ont_3775,ok,0.02,8236,ok,0.04,8264
ore_ont_3780,ok,0.04,7444,ok,0.03,7644
ore_ont_3781,ok,0.15,39284,ok,0.11,39348
ore_ont_3783,ok,0.10,13312,ok,0.10,13480
ore_ont_3784,ok,0.13,30388,ok,0.11,30356
ore_ont_3789,ok,0.02,8416,ok,0.02,8184
ore_ont_3794,dnf,60.10,1746892,dnf,60.10,1573860
ore_ont_3795,ok,0.28,31708,ok,0.22,32184
ore_ont_3797,ok,0.25,57012,ok,0.17,56916
ore_ont_380,ok,0.07,12112,ok,0.03,12296
ore_ont_3806,ok,0.05,8472,ok,0.03,8480
ore_ont_3816,ok,29.47,207320,ok,0.77,207520
ore_ont_3832,ok,0.03,7408,ok,0.02,7500
ore_ont_3835,ok,0.04,9116,ok,0.03,9080
ore_ont_3836,ok,22.71,4978308,ok,15.71,4978580
ore_ont_3839,ok,0.28,45848,ok,0.23,45912
ore_ont_3842,ok,0.01,7092,ok,0.01,7024
ore_ont_3843,ok,0.03,8904,ok,0.03,8756
ore_ont_385,ok,0.02,8332,ok,0.02,8352
ore_ont_3852,ok,0.02,8264,ok,0.02,8192
ore_ont_3873,ok,2.06,308184,ok,1.78,308272
ore_ont_3884,ok,0.02,7544,ok,0.02,7436
ore_ont_3892,ok,0.05,9144,ok,0.02,9260
ore_ont_3905,ok,0.22,28016,ok,0.20,27708
ore_ont_3909,ok,0.01,6948,ok,0.02,7092
ore_ont_3910,ok,0.02,8344,ok,0.03,8280
ore_ont_3914,ok,12.14,1884660,ok,10.09,1884716
ore_ont_3916,ok,0.22,30260,ok,0.15,30156
ore_ont_3917,ok,2.14,86068,ok,1.80,78740
ore_ont_3919,ok,0.41,57748,ok,0.39,58036
ore_ont_3931,ok,0.30,19068,ok,0.29,19020
ore_ont_3936,ok,0.02,7440,ok,0.01,7400
ore_ont_394,ok,0.05,8976,ok,0.03,9064
ore_ont_3954,ok,1.56,268308,ok,1.09,268132
ore_ont_3966,ok,0.05,8168,ok,0.03,8280
ore_ont_3968,ok,0.04,14472,ok,0.04,14120
ore_ont_3978,ok,0.02,9672,ok,0.03,9644
ore_ont_3987,ok,0.01,8224,ok,0.02,8300
ore_ont_399,ok,0.24,28340,ok,0.20,28612
ore_ont_4006,ok,1.11,572724,ok,0.94,572616
ore_ont_4032,ok,0.04,10180,ok,0.04,9920
ore_ont_4033,ok,1.15,286140,ok,0.93,286012
ore_ont_4035,ok,0.06,7584,ok,0.03,7600
ore_ont_4049,ok,0.59,138844,ok,0.39,138756
ore_ont_4054,ok,4.43,479204,ok,3.68,479388
ore_ont_4074,ok,0.20,7760,ok,0.02,7736
ore_ont_4092,ok,0.35,31360,ok,0.21,31720
ore_ont_4106,ok,0.22,8028,ok,0.02,7964
ore_ont_412,ok,0.24,12740,ok,0.18,12680
ore_ont_4127,ok,0.28,52304,ok,0.23,52372
ore_ont_4133,ok,0.08,8836,ok,0.03,8828
ore_ont_4141,dnf,60.02,468744,dnf,60.78,14999816
ore_ont_4162,ok,0.28,29504,ok,0.21,28816
ore_ont_4166,ok,1.36,290644,ok,1.05,290464
ore_ont_4178,ok,0.41,195040,ok,0.37,194564
ore_ont_4182,ok,0.11,26960,ok,0.08,27144
ore_ont_4187,ok,3.89,786900,ok,2.87,786828
ore_ont_4188,ok,0.29,32108,ok,0.21,31692
ore_ont_4193,ok,0.02,8196,ok,0.02,8276
ore_ont_4198,ok,0.15,28412,ok,0.11,28436
ore_ont_420,ok,0.02,7244,ok,0.01,7380
ore_ont_4205,ok,8.59,1620192,ok,5.91,1620228
ore_ont_4208,dnf,60.05,555828,dnf,60.08,555744
ore_ont_4210,ok,0.26,32408,ok,0.71,31700
ore_ont_4223,ok,0.02,7792,ok,0.18,8224
ore_ont_4226,ok,0.15,41760,ok,0.26,41728
ore_ont_4233,ok,3.50,574924,ok,3.17,574484
ore_ont_4235,ok,0.45,183412,ok,0.39,183060
ore_ont_4242,ok,1.04,301916,ok,0.84,301908
ore_ont_4260,ok,0.13,32064,ok,0.13,31960
ore_ont_4261,ok,0.04,9244,ok,0.03,9408
ore_ont_4263,ok,0.29,28904,ok,0.22,28568
ore_ont_4279,ok,0.06,13168,ok,0.05,13224
ore_ont_430,ok,0.01,7460,ok,0.02,7544
ore_ont_4313,ok,0.02,8188,ok,0.02,7832
ore_ont_4315,ok,0.02,7492,ok,0.02,7344
ore_ont_4354,ok,0.04,10584,ok,0.04,10288
ore_ont_4363,ok,0.25,29552,ok,0.21,29292
ore_ont_4382,ok,0.02,7204,ok,0.01,7196
ore_ont_4383,ok,0.04,12524,ok,0.05,12656
ore_ont_4388,ok,0.02,7620,ok,0.02,7572
ore_ont_4400,ok,0.03,8720,ok,0.05,8640
ore_ont_4410,ok,3.79,407656,ok,2.48,407576
ore_ont_4412,dnf,60.05,1292968,dnf,60.05,1292848
ore_ont_4423,ok,0.28,31752,ok,0.22,31784
ore_ont_4428,ok,0.02,8176,ok,0.02,8196
ore_ont_4429,ok,0.27,29364,ok,0.20,29184
ore_ont_443,ok,1.09,140268,ok,0.58,140388
ore_ont_4460,ok,0.35,50096,ok,0.39,50108
ore_ont_4469,ok,0.22,9520,ok,0.04,9520
ore_ont_4487,ok,1.38,365460,ok,1.14,364712
ore_ont_4503,ok,0.24,41320,ok,0.15,41412
ore_ont_4510,ok,2.79,643708,ok,2.17,643800
ore_ont_4515,ok,0.27,29392,ok,0.22,28816
ore_ont_4516,ok,0.06,10100,ok,0.07,10056
ore_ont_4527,ok,0.07,14664,ok,0.05,14592
ore_ont_4557,ok,2.33,501896,ok,1.87,501968
ore_ont_4567,ok,1.95,49068,ok,1.66,48560
ore_ont_457,ok,0.04,9008,ok,0.03,9000
ore_ont_4570,ok,0.54,77764,ok,0.48,77800
ore_ont_4572,dnf,60.03,492612,dnf,60.02,492644
ore_ont_4577,ok,2.24,565304,ok,1.80,565248
ore_ont_4578,ok,0.20,40032,ok,0.17,39460
ore_ont_4581,ok,0.28,29380,ok,0.22,28560
ore_ont_4587,ok,0.28,32992,ok,0.24,32376
ore_ont_4598,ok,6.91,653548,ok,5.43,648648
ore_ont_4604,dnf,60.03,557956,dnf,60.06,558024
ore_ont_4609,ok,3.52,474988,ok,3.17,475056
ore_ont_4610,ok,0.12,38720,ok,0.12,38832
ore_ont_4616,ok,0.85,330120,ok,0.68,329568
ore_ont_4617,ok,1.71,549612,ok,1.31,535872
ore_ont_4639,ok,0.27,50640,ok,0.30,50496
ore_ont_4652,ok,0.05,13040,ok,0.04,12892
ore_ont_4655,ok,0.11,23028,ok,0.30,23092
ore_ont_4662,ok,0.26,66976,ok,0.26,67248
ore_ont_4668,ok,0.03,8808,ok,0.13,8916
ore_ont_4669,dnf,60.02,438684,dnf,60.03,434600
ore_ont_4671,ok,0.03,7872,ok,0.02,8132
ore_ont_4719,ok,0.02,8968,ok,0.02,8944
ore_ont_4724,ok,0.01,7028,ok,0.01,7280
ore_ont_4732,ok,0.24,50408,ok,0.21,50220
ore_ont_4733,ok,0.26,89264,ok,0.22,89004
ore_ont_4737,ok,0.12,26964,ok,0.10,26900
ore_ont_4744,ok,5.31,459548,ok,4.54,459636
ore_ont_4755,ok,4.60,542164,ok,3.90,542200
ore_ont_4767,ok,0.02,7252,ok,0.02,7084
ore_ont_4770,ok,0.26,31788,ok,0.24,31396
ore_ont_4775,ok,0.30,58120,ok,0.26,58040
ore_ont_4780,ok,0.35,32932,ok,0.26,33408
ore_ont_4782,ok,1.74,443432,ok,1.44,442800
ore_ont_4796,dnf,60.01,166004,dnf,60.01,165988
ore_ont_4798,ok,0.13,19576,ok,0.08,19604
ore_ont_480,ok,0.02,7276,ok,0.03,7596
ore_ont_4802,ok,4.69,502988,ok,4.22,491112
ore_ont_4827,dnf,60.00,14828,dnf,60.02,15048
ore_ont_4834,ok,0.27,31796,ok,0.42,31600
ore_ont_4855,ok,0.03,6988,ok,0.11,7072
ore_ont_4856,ok,0.04,7312,ok,0.03,7252
ore_ont_4875,ok,0.02,7944,ok,0.22,7736
ore_ont_4897,ok,0.02,8456,ok,0.10,8300
ore_ont_4898,ok,0.09,8444,ok,0.12,8456
ore_ont_4903,ok,58.03,90000,ok,57.46,86932
ore_ont_4911,ok,17.02,2498660,ok,12.95,2498300
ore_ont_4917,ok,1.44,104740,ok,0.85,104512
ore_ont_4918,ok,0.10,7540,ok,0.16,7672
ore_ont_4936,ok,0.11,8064,ok,0.04,8104
ore_ont_4938,ok,0.56,67920,ok,0.60,67712
ore_ont_4952,ok,2.13,418320,ok,1.59,418124
ore_ont_4958,ok,0.26,31856,ok,0.24,32128
ore_ont_4961,ok,0.05,9316,ok,0.05,9312
ore_ont_4983,ok,0.04,9764,ok,0.04,9608
ore_ont_5002,ok,0.14,42168,ok,0.13,42052
ore_ont_5014,ok,0.04,10512,ok,0.03,10492
ore_ont_5033,ok,0.02,8668,ok,0.02,8632
ore_ont_5057,ok,0.03,7796,ok,0.02,7752
ore_ont_5059,ok,3.02,91788,ok,0.85,91716
ore_ont_507,ok,0.07,16412,ok,0.06,16492
ore_ont_5074,ok,0.02,7452,ok,0.02,7480
ore_ont_5078,ok,0.06,13308,ok,0.04,13260
ore_ont_508,ok,0.01,7464,ok,0.02,7292
ore_ont_5080,ok,0.05,13500,ok,0.05,13460
ore_ont_5089,ok,0.03,7192,ok,0.02,7156
ore_ont_509,ok,0.14,19740,ok,0.11,20140
ore_ont_5090,ok,0.02,7124,ok,0.01,7192
ore_ont_5092,ok,0.29,29476,ok,0.21,29712
ore_ont_5103,ok,0.69,161400,ok,0.53,161424
ore_ont_5107,ok,2.38,9156,ok,0.82,9124
ore_ont_5115,ok,0.25,41552,ok,0.21,41752
ore_ont_5141,dnf,60.02,478584,dnf,60.03,478024
ore_ont_5149,ok,0.05,16636,ok,0.07,16584
ore_ont_5159,ok,0.03,8216,ok,0.02,8204
ore_ont_5162,dnf,60.02,457252,dnf,60.03,452824
ore_ont_5164,ok,0.04,7396,ok,0.02,7608
ore_ont_5184,ok,0.02,8848,ok,0.03,8896
ore_ont_5188,ok,0.37,117412,ok,0.29,116972
ore_ont_5193,ok,0.74,160012,ok,0.56,160088
ore_ont_5197,ok,0.11,19168,ok,0.09,19068
ore_ont_5204,ok,0.02,8352,ok,0.02,8200
ore_ont_5205,ok,0.02,7896,ok,0.01,7848
ore_ont_5206,ok,0.02,8040,ok,0.04,8116
ore_ont_5213,ok,0.07,14048,ok,0.04,13896
ore_ont_5216,ok,0.04,8536,ok,0.03,8620
ore_ont_5218,dnf,60.04,886076,dnf,60.05,885992
ore_ont_5220,ok,0.05,9060,ok,0.03,9224
ore_ont_524,ok,0.05,14760,ok,0.05,14612
ore_ont_5241,ok,0.08,20132,ok,0.07,20272
ore_ont_5253,ok,2.56,214460,ok,2.33,214264
ore_ont_5255,ok,0.01,6900,ok,0.02,7068
ore_ont_5258,ok,0.02,7436,ok,0.02,7392
ore_ont_5260,dnf,60.02,367052,dnf,60.02,366532
ore_ont_5263,ok,0.02,7544,ok,0.02,7264
ore_ont_5266,ok,0.07,11956,ok,0.04,12032
ore_ont_5289,ok,24.00,567724,ok,23.80,570080
ore_ont_5292,ok,0.02,7952,ok,0.02,7896
ore_ont_5295,ok,4.36,609144,ok,3.62,609132
ore_ont_5298,ok,0.28,31084,ok,0.22,31388
ore_ont_5303,ok,4.73,16112,ok,2.78,16388
ore_ont_5324,ok,0.03,9172,ok,0.03,9108
ore_ont_5358,ok,4.06,479328,ok,3.70,479184
ore_ont_5359,ok,4.43,16024,ok,4.46,16028
ore_ont_5368,dnf,60.88,19098048,dnf,61.06,19097988
ore_ont_5376,ok,0.09,10468,ok,0.03,10340
ore_ont_5398,ok,0.36,31768,ok,0.19,31752
ore_ont_5404,ok,0.03,8252,ok,0.05,8208
ore_ont_541,ok,0.09,8988,ok,0.09,9104
ore_ont_5418,ok,5.47,594924,ok,4.85,595044
ore_ont_5438,dnf,60.04,471888,dnf,60.03,455116
ore_ont_544,ok,0.06,14400,ok,0.05,14392
ore_ont_5448,ok,0.29,29124,ok,0.22,29004
ore_ont_5462,ok,0.10,30348,ok,0.11,30284
ore_ont_5475,ok,8.96,1066764,ok,7.99,1066640
ore_ont_5481,ok,6.76,886104,ok,5.82,886116
ore_ont_5485,ok,0.04,12656,ok,0.05,12680
ore_ont_5487,ok,0.36,133916,ok,0.30,133648
ore_ont_5492,ok,0.17,38980,ok,0.16,39048
ore_ont_5502,ok,0.71,21204,ok,0.62,21332
ore_ont_5507,ok,0.23,72108,ok,0.20,71868
ore_ont_5509,ok,0.02,7680,ok,0.02,7732
ore_ont_5519,ok,8.05,1017920,ok,6.28,1018104
ore_ont_5539,ok,0.03,8028,ok,0.04,8032
ore_ont_5543,ok,0.29,30044,ok,0.22,28744
ore_ont_5544,ok,0.51,152364,ok,0.43,152152
ore_ont_5548,dnf,60.02,397140,dnf,60.03,397264
ore_ont_5549,ok,2.86,343808,ok,2.62,343768
ore_ont_5550,ok,0.08,22628,ok,0.07,22696
ore_ont_5564,ok,0.04,9748,ok,0.06,9800
ore_ont_5566,ok,3.26,576000,ok,2.40,576184
ore_ont_5572,ok,0.02,8220,ok,0.03,8232
ore_ont_5596,ok,1.84,508780,ok,1.51,508868
ore_ont_5602,ok,2.34,513604,ok,1.89,513668
ore_ont_5604,ok,0.06,8976,ok,0.04,9000
ore_ont_5612,ok,10.19,717596,ok,11.68,717324
ore_ont_5617,ok,58.04,75796,ok,34.43,76740
ore_ont_5646,ok,0.11,7120,ok,0.02,7180
ore_ont_566,ok,0.04,12180,ok,0.04,12424
ore_ont_5664,ok,0.30,33212,ok,0.27,32520
ore_ont_5665,ok,0.05,7252,ok,0.02,7320
ore_ont_5669,ok,0.10,25504,ok,0.09,25500
ore_ont_5679,ok,0.02,7204,ok,0.03,7120
ore_ont_568,ok,0.05,8772,ok,0.03,8740
ore_ont_5688,ok,0.08,12152,ok,0.05,11996
ore_ont_5690,ok,0.14,51696,ok,0.12,51680
ore_ont_5695,ok,0.23,31060,ok,0.18,30980
ore_ont_5696,ok,0.02,7072,ok,0.02,7040
ore_ont_5707,ok,0.28,11748,ok,0.21,11644
ore_ont_572,ok,0.50,125428,ok,0.34,125480
ore_ont_5721,ok,0.12,33784,ok,0.10,33856
ore_ont_5730,ok,0.34,33456,ok,0.26,32592
ore_ont_5742,ok,0.02,7168,ok,0.02,6972
ore_ont_5753,dnf,60.00,264012,ok,0.88,264000
ore_ont_5755,ok,1.39,273160,ok,1.12,273124
ore_ont_5760,ok,3.18,639932,ok,2.30,640076
ore_ont_5764,dnf,60.00,17500,dnf,60.00,17296
ore_ont_5769,ok,1.80,445004,ok,1.31,444968
ore_ont_5774,ok,0.03,8272,ok,0.03,8300
ore_ont_5781,ok,1.20,274612,ok,0.95,274628
ore_ont_5792,ok,0.21,33476,ok,0.14,33404
ore_ont_580,ok,0.03,7712,ok,0.03,7664
ore_ont_5815,ok,0.43,162044,ok,0.41,161656
ore_ont_5834,ok,7.11,15416,ok,7.08,15412
ore_ont_5840,ok,2.11,446052,ok,2.12,445940
ore_ont_5841,ok,0.24,45156,ok,0.44,45116
ore_ont_5849,ok,16.15,863724,ok,14.62,860428
ore_ont_5852,ok,0.03,7004,ok,0.01,6964
ore_ont_5857,dnf,60.05,1706568,dnf,60.08,1706624
ore_ont_586,ok,0.07,16220,ok,0.05,16184
ore_ont_589,ok,0.64,126424,ok,0.42,125956
ore_ont_5894,ok,0.29,19836,ok,0.12,19860
ore_ont_5927,ok,4.59,337772,ok,3.90,337724
ore_ont_5932,ok,0.02,7344,ok,0.02,7484
ore_ont_5940,ok,0.04,10692,ok,0.05,11068
ore_ont_5943,ok,0.27,31296,ok,0.21,31440
ore_ont_5964,ok,41.92,26536,ok,41.29,26384
ore_ont_5965,ok,0.25,71556,ok,0.20,71596
ore_ont_5966,ok,0.11,7496,ok,0.02,7672
ore_ont_5974,ok,0.26,71804,ok,0.22,71212
ore_ont_5978,ok,0.03,7612,ok,0.03,7592
ore_ont_5983,ok,0.08,14192,ok,0.06,14196
ore_ont_6009,ok,1.97,183668,ok,1.84,183792
ore_ont_6020,ok,0.15,11032,ok,0.12,11068
ore_ont_6024,ok,0.08,7064,ok,0.02,7236
ore_ont_6035,ok,0.40,56404,ok,0.35,56276
ore_ont_6060,ok,0.47,32064,ok,0.22,31748
ore_ont_6065,ok,0.51,70096,ok,0.48,70140
ore_ont_6067,ok,0.05,8280,ok,0.03,8384
ore_ont_6076,ok,0.40,56492,ok,0.38,56472
ore_ont_6102,ok,0.31,101836,ok,0.27,101848
ore_ont_6108,ok,5.19,337156,ok,4.19,334008
ore_ont_6109,ok,0.20,39700,ok,0.18,40012
ore_ont_6111,ok,2.39,34944,ok,2.03,34684
ore_ont_6120,ok,1.62,247476,ok,1.31,247448
ore_ont_6132,ok,33.58,542984,ok,33.83,543056
ore_ont_6134,dnf,60.06,1297116,dnf,60.09,1296800
ore_ont_6146,ok,0.10,23288,ok,0.10,23476
ore_ont_6149,ok,0.04,9960,ok,0.03,10044
ore_ont_6198,ok,0.34,43984,ok,0.34,43888
ore_ont_6202,ok,0.23,41664,ok,0.21,41584
ore_ont_6207,ok,0.02,7180,ok,0.03,7136
ore_ont_6212,ok,18.23,2236168,ok,13.37,2236096
ore_ont_6223,ok,4.99,594360,ok,4.56,594436
ore_ont_6226,ok,0.05,12340,ok,0.04,12192
ore_ont_6230,ok,0.66,41912,ok,0.15,41852
ore_ont_6233,ok,6.94,1340840,ok,5.31,1340924
ore_ont_6234,ok,2.85,43032,ok,2.27,42976
ore_ont_6246,ok,0.46,27860,ok,0.45,27876
ore_ont_6258,ok,0.08,17352,ok,0.08,16992
ore_ont_6260,ok,0.02,8180,ok,0.02,8268
ore_ont_6266,ok,0.29,29244,ok,0.22,29184
ore_ont_6272,ok,7.25,14768,ok,7.22,14708
ore_ont_6278,ok,0.06,10384,ok,0.04,10508
ore_ont_6298,ok,0.10,9668,ok,0.11,9592
ore_ont_630,ok,0.02,8188,ok,0.02,8096
ore_ont_6310,ok,0.76,324784,ok,0.69,324360
ore_ont_6315,ok,4.11,674656,ok,4.31,674008
ore_ont_6333,dnf,60.01,71004,dnf,60.15,71120
ore_ont_6338,ok,0.02,7296,ok,0.14,7312
ore_ont_6354,ok,0.25,28168,ok,0.30,27404
ore_ont_6358,ok,0.26,49820,ok,0.39,49232
ore_ont_6368,ok,0.03,7100,ok,0.14,7100
ore_ont_637,ok,0.05,7568,ok,0.19,7600
ore_ont_6378,ok,0.03,7244,ok,0.11,7224
ore_ont_6401,ok,0.06,10200,ok,0.15,10236
ore_ont_6409,ok,0.04,12036,ok,0.12,12164
ore_ont_6417,ok,0.03,7444,ok,0.03,7536
ore_ont_6423,ok,0.48,24420,ok,0.32,24536
ore_ont_6433,ok,0.35,96176,ok,0.29,96188
ore_ont_6437,ok,0.11,13240,ok,0.10,13328
ore_ont_644,ok,0.10,25380,ok,0.10,25380
ore_ont_6443,ok,0.29,31492,ok,0.27,31696
ore_ont_6444,ok,0.48,93592,ok,0.35,93532
ore_ont_6446,ok,0.23,28028,ok,0.08,28100
ore_ont_6452,ok,0.29,29480,ok,0.21,29624
ore_ont_6453,ok,0.25,71732,ok,0.25,71676
ore_ont_6461,ok,0.02,7492,ok,0.04,7592
ore_ont_6469,ok,0.29,29216,ok,0.22,29392
ore_ont_6470,ok,0.07,8168,ok,0.02,8168
ore_ont_6477,ok,4.64,758948,ok,3.46,759056
ore_ont_6478,ok,0.83,155972,ok,0.65,155860
ore_ont_6483,ok,0.27,31740,ok,0.23,32020
ore_ont_6485,dnf,60.00,23912,dnf,60.00,24100
ore_ont_6495,ok,0.02,8224,ok,0.04,7968
ore_ont_6504,ok,0.54,31116,ok,0.26,32316
ore_ont_6535,ok,0.38,30988,ok,0.25,30108
ore_ont_6542,ok,0.08,8228,ok,0.02,7892
ore_ont_6566,ok,0.11,14652,ok,0.05,14544
ore_ont_6589,ok,0.02,8160,ok,0.02,8204
ore_ont_6608,dnf,60.02,99548,dnf,60.01,99176
ore_ont_6615,ok,0.16,8608,ok,0.03,8600
ore_ont_6617,ok,0.14,8336,ok,0.02,8228
ore_ont_6622,ok,0.36,67208,ok,0.19,67168
ore_ont_6627,dnf,60.07,988160,dnf,60.07,987344
ore_ont_6635,ok,0.16,7964,ok,0.02,8016
ore_ont_6659,ok,1.37,135712,ok,0.99,135508
ore_ont_6664,ok,1.27,327908,ok,0.87,327860
ore_ont_668,ok,12.51,429852,ok,1.63,429884
ore_ont_6682,dnf,60.04,755724,dnf,60.04,755724
ore_ont_6696,ok,0.09,8872,ok,0.03,8684
ore_ont_670,ok,0.11,12468,ok,0.04,12644
ore_ont_6712,dnf,60.02,247744,dnf,60.02,258564
ore_ont_6720,ok,0.14,7944,ok,0.04,7988
ore_ont_6722,ok,2.37,438592,ok,1.92,424556
ore_ont_6726,ok,1.58,482996,ok,1.21,483144
ore_ont_6727,ok,0.19,20368,ok,0.14,21148
ore_ont_6729,ok,0.35,32568,ok,0.21,31688
ore_ont_6735,ok,0.06,7100,ok,0.01,7064
ore_ont_6737,ok,0.08,23080,ok,0.06,23172
ore_ont_6751,ok,0.22,44276,ok,0.18,44444
ore_ont_6765,ok,0.27,29488,ok,0.21,28864
ore_ont_6792,ok,0.25,33544,ok,0.11,33468
ore_ont_6796,ok,0.02,7152,ok,0.02,7156
ore_ont_6800,ok,0.34,84752,ok,0.29,83788
ore_ont_6812,ok,0.02,6920,ok,0.03,7152
ore_ont_6815,ok,0.28,29056,ok,0.20,29180
ore_ont_6816,ok,2.04,291832,ok,1.75,291804
ore_ont_6817,ok,0.11,14400,ok,0.05,14348
ore_ont_6822,ok,0.29,17016,ok,0.13,17160
ore_ont_6833,ok,1.58,356848,ok,1.17,356940
ore_ont_6835,ok,2.26,556980,ok,1.59,556816
ore_ont_6847,ok,0.38,31456,ok,0.20,31360
ore_ont_6855,ok,0.16,8476,ok,0.02,8388
ore_ont_6857,ok,0.21,10052,ok,0.04,10164
ore_ont_6859,ok,0.03,8468,ok,0.02,8548
ore_ont_6862,ok,0.51,45968,ok,0.21,45820
ore_ont_6869,ok,0.26,45976,ok,0.22,46024
ore_ont_6870,ok,0.29,89368,ok,0.22,89440
ore_ont_6889,ok,0.08,7352,ok,0.02,7248
ore_ont_6892,ok,0.41,30376,ok,0.23,30000
ore_ont_6896,ok,2.77,522392,ok,2.03,522460
ore_ont_6905,ok,0.11,19232,ok,0.11,19196
ore_ont_6910,dnf,60.00,86840,dnf,60.01,86200
ore_ont_6923,dnf,60.00,18084,dnf,60.00,18376
ore_ont_6934,ok,0.10,12552,ok,0.06,12220
ore_ont_6939,ok,0.03,11528,ok,0.04,11580
ore_ont_6948,ok,17.10,2164200,ok,12.47,2164292
ore_ont_6951,ok,0.19,46896,ok,0.14,46752
ore_ont_6952,dnf,60.02,392456,dnf,60.04,442000
ore_ont_6967,ok,0.08,11056,ok,0.05,11032
ore_ont_6981,ok,0.04,8584,ok,0.03,8660
ore_ont_6983,ok,0.03,9844,ok,0.03,9648
ore_ont_699,ok,3.18,68328,ok,2.46,67932
ore_ont_6999,ok,0.14,9724,ok,0.03,9536
ore_ont_7003,ok,0.04,7236,ok,0.01,7084
ore_ont_7007,ok,0.71,26240,ok,0.62,26128
ore_ont_7011,ok,46.65,15488,ok,46.31,15456
ore_ont_7014,ok,0.28,31900,ok,0.22,32052
ore_ont_7015,ok,0.13,32940,ok,0.12,33024
ore_ont_7025,ok,0.25,32536,ok,0.23,31744
ore_ont_703,ok,0.03,7508,ok,0.02,7548
ore_ont_7052,ok,0.23,32404,ok,0.13,32452
ore_ont_7073,ok,0.03,7224,ok,0.02,7304
ore_ont_7079,ok,0.28,32792,ok,0.22,32304
ore_ont_7084,ok,0.29,30024,ok,0.22,28644
ore_ont_7102,ok,0.29,29192,ok,0.21,28552
ore_ont_7108,ok,0.17,22008,ok,0.13,21532
ore_ont_7111,dnf,60.02,541292,dnf,60.03,491352
ore_ont_7120,ok,0.06,14316,ok,0.06,14256
ore_ont_7127,dnf,60.02,365684,dnf,60.02,357800
ore_ont_714,ok,0.05,8392,ok,0.02,8192
ore_ont_7169,ok,0.07,9548,ok,0.04,9536
ore_ont_7174,dnf,60.01,114208,dnf,60.01,110312
ore_ont_7178,ok,0.60,280040,ok,0.47,279152
ore_ont_7179,ok,0.03,7432,ok,0.04,7308
ore_ont_7180,ok,0.18,27528,ok,0.15,27256
ore_ont_7188,ok,0.47,26648,ok,0.42,26600
ore_ont_7192,dnf,60.05,6872632,ok,56.75,6872688
ore_ont_7195,ok,0.22,37572,ok,0.15,37688
ore_ont_7203,ok,27.92,62404,ok,9.82,61972
ore_ont_7204,ok,59.60,540956,ok,55.41,539748
ore_ont_7216,ok,0.93,112644,ok,0.90,112612
ore_ont_7218,ok,0.12,31140,ok,0.10,31072
ore_ont_7220,ok,0.03,9020,ok,0.03,9116
ore_ont_7226,ok,0.21,58820,ok,0.16,58608
ore_ont_7234,ok,0.30,52588,ok,0.25,52584
ore_ont_7237,ok,0.28,32916,ok,0.20,31808
ore_ont_7246,dnf,60.06,1168768,dnf,60.06,1187188
ore_ont_725,ok,0.05,12348,ok,0.04,12400
ore_ont_7251,ok,0.23,59556,ok,0.19,59528
ore_ont_7256,ok,0.95,421040,ok,0.83,420480
ore_ont_727,ok,0.05,12136,ok,0.05,11900
ore_ont_7270,ok,0.01,7028,ok,0.02,7064
ore_ont_7275,ok,0.15,41088,ok,0.15,41116
ore_ont_7278,ok,0.06,8800,ok,0.04,8900
ore_ont_7300,ok,1.02,524520,ok,0.90,524012
ore_ont_7320,ok,0.25,30752,ok,0.22,30656
ore_ont_7327,ok,0.09,13152,ok,0.08,12964
ore_ont_7339,ok,0.03,8860,ok,0.02,8904
ore_ont_7340,ok,3.61,622084,ok,2.36,622056
ore_ont_7342,ok,0.03,9216,ok,0.02,9112
ore_ont_7343,ok,1.65,412788,ok,1.31,412728
ore_ont_7345,ok,1.16,29944,ok,0.27,30064
ore_ont_7356,ok,0.13,39540,ok,0.13,39312
ore_ont_7361,dnf,60.10,1575272,dnf,60.09,1420784
ore_ont_7364,ok,0.26,11704,ok,0.07,11596
ore_ont_7370,ok,4.03,673108,ok,3.24,673032
ore_ont_7372,ok,0.15,25252,ok,0.09,25268
ore_ont_7373,ok,0.03,7368,ok,0.03,7484
ore_ont_7389,ok,0.47,141716,ok,0.37,141956
ore_ont_7394,ok,0.02,7280,ok,0.02,7264
ore_ont_7399,ok,0.31,29304,ok,0.22,29056
ore_ont_7401,ok,0.81,308796,ok,0.70,308260
ore_ont_7409,dnf,60.07,604592,dnf,60.06,588700
ore_ont_7416,ok,8.75,304940,ok,7.92,303004
ore_ont_7417,ok,0.02,8232,ok,0.02,8428
ore_ont_7418,ok,0.02,7488,ok,0.04,7596
ore_ont_7439,ok,0.16,41680,ok,0.17,41676
ore_ont_7455,ok,1.57,284360,ok,1.42,283984
ore_ont_7464,ok,0.04,8216,ok,0.03,8276
ore_ont_7474,ok,0.27,29492,ok,0.21,28780
ore_ont_7479,ok,0.26,29768,ok,0.25,29988
ore_ont_7482,ok,0.06,6992,ok,0.01,7068
ore_ont_7483,ok,0.06,14036,ok,0.09,13808
ore_ont_7488,ok,0.13,33796,ok,0.14,33564
ore_ont_7493,ok,1.86,468260,ok,1.82,468392
ore_ont_7496,ok,2.50,367192,ok,2.06,367172
ore_ont_7499,dnf,60.01,64200,dnf,60.03,64580
ore_ont_7507,dnf,60.06,1272704,dnf,60.12,1272680
ore_ont_751,ok,4.96,635632,ok,4.17,635800
ore_ont_7517,ok,0.04,8404,ok,0.02,8428
ore_ont_7525,ok,0.04,8300,ok,0.02,8284
ore_ont_7532,ok,3.23,40264,ok,2.79,40572
ore_ont_7536,ok,0.74,140064,ok,0.59,140028
ore_ont_7537,ok,0.45,32584,ok,0.21,31552
ore_ont_7540,ok,1.12,445876,ok,0.84,443164
ore_ont_7557,ok,16.07,817452,ok,16.11,818772
ore_ont_7567,ok,2.61,510048,ok,1.96,510076
ore_ont_7569,ok,0.30,32324,ok,0.22,31956
ore_ont_7576,ok,0.02,7164,ok,0.02,7256
ore_ont_7578,ok,11.35,1066832,ok,10.18,1066684
ore_ont_7581,dnf,60.04,639544,dnf,60.04,639340
ore_ont_7584,ok,0.05,9188,ok,0.04,9168
ore_ont_7607,ok,4.67,180688,ok,2.59,180740
ore_ont_7608,ok,0.52,262372,ok,0.46,262556
ore_ont_7610,ok,0.10,13808,ok,0.07,13880
ore_ont_762,ok,9.47,598836,ok,8.20,598820
ore_ont_7639,ok,0.02,7828,ok,0.02,8176
ore_ont_7646,dnf,60.08,4369700,dnf,60.10,4369456
ore_ont_766,ok,0.07,8420,ok,0.07,8276
ore_ont_7663,ok,0.03,7776,ok,0.02,7788
ore_ont_7668,ok,0.10,9412,ok,0.04,9264
ore_ont_7680,ok,0.08,22360,ok,0.07,22416
ore_ont_770,ok,0.28,32588,ok,0.21,31616
ore_ont_7706,ok,1.52,95292,ok,0.47,95288
ore_ont_7712,dnf,60.02,366972,dnf,60.02,368148
ore_ont_7716,ok,0.40,108112,ok,0.37,107712
ore_ont_7726,ok,0.21,40640,ok,0.18,40600
ore_ont_7728,ok,1.98,376172,ok,1.58,376376
ore_ont_7729,dnf,60.08,795580,dnf,60.08,787976
ore_ont_773,ok,1.26,253676,ok,1.04,253840
ore_ont_7730,ok,0.04,8624,ok,0.02,8668
ore_ont_7743,ok,0.09,21876,ok,0.07,21844
ore_ont_7758,ok,0.30,29640,ok,0.21,29004
ore_ont_7775,ok,12.47,20572,ok,3.56,20528
ore_ont_7776,ok,0.05,12808,ok,0.04,12824
ore_ont_7778,ok,0.06,15848,ok,0.05,15772
ore_ont_778,ok,2.36,12892,ok,2.41,13084
ore_ont_7789,ok,0.02,8576,ok,0.17,8780
ore_ont_7800,ok,0.03,7520,ok,0.05,7620
ore_ont_7803,ok,8.83,335608,ok,9.25,334596
ore_ont_7817,ok,0.14,20628,ok,0.11,21056
ore_ont_7818,ok,0.18,12716,ok,0.05,12672
ore_ont_7820,ok,0.04,8692,ok,0.02,8568
ore_ont_7823,ok,0.30,85868,ok,0.22,85524
ore_ont_7828,dnf,60.00,15152,dnf,60.00,15292
ore_ont_7831,ok,0.62,143928,ok,0.40,144176
ore_ont_7833,ok,0.07,11644,ok,0.04,11556
ore_ont_7839,ok,0.02,7824,ok,0.03,7796
ore_ont_7858,ok,0.27,67356,ok,0.23,67256
ore_ont_786,ok,1.45,92960,ok,1.49,92952
ore_ont_7868,ok,4.93,361924,ok,3.65,361740
ore_ont_7877,ok,0.08,10860,ok,0.08,10872
ore_ont_7890,ok,0.02,7320,ok,0.02,7336
ore_ont_7893,ok,0.24,12568,ok,0.17,12600
ore_ont_7894,ok,0.03,7712,ok,0.02,8132
ore_ont_7901,ok,0.02,8720,ok,0.03,8556
ore_ont_7908,ok,4.08,704204,ok,2.87,704116
ore_ont_7914,dnf,60.02,365964,dnf,60.02,366592
ore_ont_7926,ok,0.29,85476,ok,0.21,85512
ore_ont_7938,ok,0.04,12176,ok,0.06,12292
ore_ont_7944,ok,0.35,31844,ok,0.22,31660
ore_ont_795,ok,4.76,686432,ok,4.83,686020
ore_ont_7956,dnf,60.06,1081860,dnf,60.07,1080380
ore_ont_7962,ok,0.02,8208,ok,0.02,8296
ore_ont_7969,ok,0.03,7084,ok,0.01,7240
ore_ont_7988,ok,0.04,10372,ok,0.03,10324
ore_ont_7993,ok,2.75,603968,ok,2.14,604148
ore_ont_7995,ok,0.02,7328,ok,0.03,7356
ore_ont_8006,ok,0.09,12380,ok,0.07,12648
ore_ont_8019,ok,0.17,12404,ok,0.08,12536
ore_ont_802,ok,0.16,30784,ok,0.14,30776
ore_ont_8021,ok,0.03,7868,ok,0.03,7976
ore_ont_8030,ok,0.05,11192,ok,0.04,11268
ore_ont_8042,ok,7.11,15536,ok,7.12,15388
ore_ont_8047,ok,0.05,7972,ok,0.04,7816
ore_ont_8050,ok,0.04,9456,ok,0.03,9388
ore_ont_8068,ok,2.75,344324,ok,2.39,344312
ore_ont_8090,ok,0.09,19640,ok,0.08,19532
ore_ont_8094,ok,0.03,8028,ok,0.02,8080
ore_ont_8119,ok,0.04,8464,ok,0.02,8556
ore_ont_8128,ok,0.02,8044,ok,0.02,8048
ore_ont_8135,ok,0.04,9768,ok,0.04,9848
ore_ont_8141,ok,4.42,16024,ok,4.49,15920
ore_ont_8142,ok,0.08,11224,ok,0.04,11096
ore_ont_8145,ok,1.68,432464,ok,1.30,432400
ore_ont_8148,ok,1.42,44424,ok,1.20,44140
ore_ont_8166,ok,0.02,8340,ok,0.04,8408
ore_ont_8169,ok,0.09,7204,ok,0.03,7248
ore_ont_8171,ok,0.29,29700,ok,0.37,28876
ore_ont_8175,ok,0.05,14456,ok,0.06,14384
ore_ont_8187,ok,0.03,9556,ok,0.07,9648
ore_ont_8189,ok,0.06,7492,ok,0.01,7504
ore_ont_8194,dnf,60.05,825672,dnf,60.06,827104
ore_ont_8203,ok,0.12,19000,ok,0.08,19068
ore_ont_8226,ok,0.01,7104,ok,0.02,7308
ore_ont_8250,ok,0.37,15124,ok,0.39,15172
ore_ont_8273,dnf,60.00,57308,dnf,60.00,58404
ore_ont_8280,ok,0.15,8048,ok,0.04,7776
ore_ont_8286,ok,0.29,29120,ok,0.21,28772
ore_ont_8290,ok,0.07,14952,ok,0.05,14752
ore_ont_8294,ok,0.42,23456,ok,0.52,23112
ore_ont_8298,ok,0.11,17852,ok,0.10,17012
ore_ont_8322,ok,0.57,29652,ok,0.24,29484
ore_ont_8326,ok,0.63,29600,ok,0.25,29100
ore_ont_8327,ok,0.02,7660,ok,0.02,7544
ore_ont_8329,ok,0.14,30504,ok,0.10,30516
ore_ont_8335,ok,0.02,8356,ok,0.03,8184
ore_ont_8347,ok,0.34,82692,ok,0.21,82684
ore_ont_8355,ok,0.09,7724,ok,0.02,7532
ore_ont_8359,ok,0.29,29680,ok,0.23,28764
ore_ont_8362,ok,0.02,7648,ok,0.02,7560
ore_ont_8369,ok,0.02,7400,ok,0.02,7540
ore_ont_8377,ok,0.45,88860,ok,0.38,88684
ore_ont_8387,ok,0.04,9608,ok,0.06,9220
ore_ont_8388,dnf,60.10,1372052,dnf,60.10,1221524
ore_ont_8396,ok,0.03,9424,ok,0.04,9280
ore_ont_8399,ok,0.13,13640,ok,0.08,13532
ore_ont_840,ok,2.13,386900,ok,1.97,387048
ore_ont_8417,ok,0.25,32568,ok,0.23,32060
ore_ont_8429,dnf,60.00,15716,dnf,60.00,15452
ore_ont_8431,ok,0.28,29056,ok,0.22,28892
ore_ont_8432,ok,0.87,162876,ok,0.69,162948
ore_ont_8441,dnf,60.01,114444,dnf,60.01,113616
ore_ont_8445,dnf,60.01,328468,dnf,60.54,8327628
ore_ont_8460,ok,0.13,16784,ok,0.11,16956
ore_ont_8462,ok,0.08,7484,ok,0.03,7456
ore_ont_8470,ok,0.58,143936,ok,0.48,143500
ore_ont_8475,dnf,60.09,4023364,dnf,60.12,4023316
ore_ont_8480,ok,1.35,104304,ok,1.43,104300
ore_ont_8486,dnf,60.07,2640788,ok,50.60,2640652
ore_ont_8492,ok,0.15,41040,ok,0.13,41316
ore_ont_85,ok,0.04,8944,ok,0.03,9064
ore_ont_850,ok,7.14,15544,ok,7.08,15532
ore_ont_8502,ok,0.02,7588,ok,0.02,7504
ore_ont_8509,ok,0.52,19356,ok,0.42,19560
ore_ont_8557,ok,0.85,235984,ok,0.69,236048
ore_ont_8563,ok,0.08,13748,ok,0.08,13880
ore_ont_8578,ok,0.03,8980,ok,0.04,8836
ore_ont_8579,ok,0.26,87944,ok,0.25,87952
ore_ont_8595,ok,0.13,20060,ok,0.13,19728
ore_ont_8627,ok,0.09,28372,ok,0.09,28392
ore_ont_8631,ok,0.09,11544,ok,0.10,11688
ore_ont_8634,ok,2.10,392296,ok,2.09,391904
ore_ont_8640,ok,0.10,18744,ok,0.08,18800
ore_ont_8641,ok,0.13,24380,ok,0.12,24368
ore_ont_8662,ok,0.03,7804,ok,0.03,7796
ore_ont_8665,ok,0.02,8404,ok,0.04,8200
ore_ont_8666,dnf,60.00,20548,dnf,60.00,20496
ore_ont_8667,ok,0.02,6948,ok,0.02,7016
ore_ont_8668,ok,0.26,30620,ok,0.24,32012
ore_ont_8671,ok,5.26,602844,ok,2.71,602988
ore_ont_868,dnf,60.12,3370432,ok,59.35,3370264
ore_ont_8684,ok,0.36,29508,ok,0.46,28932
ore_ont_8688,ok,0.32,29224,ok,0.51,29324
ore_ont_869,ok,0.11,17492,ok,0.28,17644
ore_ont_8705,ok,5.90,58980,ok,3.76,59096
ore_ont_8712,ok,0.40,136372,ok,0.33,136404
ore_ont_8719,ok,0.29,29956,ok,0.21,28624
ore_ont_8723,ok,1.40,219208,ok,1.21,218864
ore_ont_8730,ok,0.02,10320,ok,0.03,10580
ore_ont_8737,dnf,60.09,6416516,dnf,60.11,6416800
ore_ont_8744,ok,0.07,18148,ok,0.06,18020
ore_ont_8755,ok,0.27,48932,ok,0.23,48724
ore_ont_8759,ok,0.14,24400,ok,0.10,24188
ore_ont_8779,ok,0.08,30636,ok,0.10,30612
ore_ont_8781,ok,0.02,8716,ok,0.02,8912
ore_ont_8786,ok,6.34,15540,ok,6.29,15672
ore_ont_8787,ok,2.53,379224,ok,2.08,378992
ore_ont_8792,ok,0.40,75148,ok,0.35,75380
ore_ont_8806,ok,0.02,7224,ok,0.02,7088
ore_ont_8844,ok,0.29,32504,ok,0.27,32744
ore_ont_8858,ok,1.38,296108,ok,1.12,296152
ore_ont_8864,ok,0.26,58888,ok,0.25,58412
ore_ont_8882,ok,0.10,31040,ok,0.12,30720
ore_ont_8902,ok,0.24,30096,ok,0.21,29272
ore_ont_891,ok,0.27,32500,ok,0.24,31616
ore_ont_8911,ok,35.43,194828,ok,35.40,195384
ore_ont_8916,ok,0.05,12232,ok,0.03,12124
ore_ont_8933,ok,0.11,25256,ok,0.08,25300
ore_ont_8937,ok,0.01,7036,ok,0.01,7108
ore_ont_894,ok,0.03,12588,ok,0.06,12468
ore_ont_8940,ok,0.07,20752,ok,0.10,21056
ore_ont_8941,ok,0.06,12844,ok,0.07,12316
ore_ont_8948,ok,0.04,9716,ok,0.05,9852
ore_ont_8949,ok,0.01,7124,ok,0.02,7200
ore_ont_8951,ok,0.01,8276,ok,0.02,8276
ore_ont_8974,ok,0.01,6932,ok,0.07,7132
ore_ont_8975,ok,0.02,9292,ok,0.04,9084
ore_ont_8982,ok,2.99,549896,ok,2.49,549940
ore_ont_8989,ok,2.06,234624,ok,0.91,234560
ore_ont_8995,ok,0.40,56696,ok,0.40,56532
ore_ont_8999,ok,0.32,29300,ok,0.24,28996
ore_ont_9002,ok,0.02,8284,ok,0.03,8116
ore_ont_9012,ok,1.15,15816,ok,1.12,15988
ore_ont_9014,ok,0.13,36872,ok,0.13,36952
ore_ont_9020,ok,0.08,26192,ok,0.08,26160
ore_ont_9024,ok,0.66,12456,ok,0.71,12520
ore_ont_9027,dnf,60.04,705024,dnf,60.08,704748
ore_ont_9031,ok,0.02,7144,ok,0.24,7012
ore_ont_9037,ok,0.28,29608,ok,0.43,28540
ore_ont_904,ok,1.45,45004,ok,1.35,44404
ore_ont_9046,ok,1.13,248336,ok,0.90,248404
ore_ont_9053,ok,1.67,47224,ok,1.20,47356
ore_ont_9054,ok,0.05,10008,ok,0.05,9904
ore_ont_9088,ok,0.02,8604,ok,0.03,8308
ore_ont_9096,ok,0.06,12804,ok,0.07,12744
ore_ont_9119,ok,0.46,191600,ok,0.40,191464
ore_ont_9122,ok,0.13,77536,ok,0.16,77432
ore_ont_9151,ok,36.09,132888,ok,35.14,132048
ore_ont_9154,ok,0.02,7932,ok,0.04,7484
ore_ont_9186,ok,0.28,29028,ok,0.28,28552
ore_ont_9204,ok,0.02,7288,ok,0.03,7436
ore_ont_9240,ok,0.26,11744,ok,0.23,11656
ore_ont_9248,ok,0.14,20216,ok,0.13,19940
ore_ont_9249,ok,0.08,18356,ok,0.09,18312
ore_ont_9251,ok,0.03,10444,ok,0.05,10484
ore_ont_9257,ok,0.25,45788,ok,0.27,45680
ore_ont_928,ok,0.07,22592,ok,0.07,22884
ore_ont_9299,dnf,60.00,48680,ok,36.72,48692
ore_ont_9303,ok,0.20,30052,ok,0.47,30300
ore_ont_9318,ok,0.99,444324,ok,0.82,443988
ore_ont_934,dnf,60.01,79580,dnf,60.01,85492
ore_ont_9347,ok,10.89,226952,ok,5.66,227400
ore_ont_935,ok,0.46,57840,ok,0.38,57676
ore_ont_9382,ok,0.28,29600,ok,0.24,29088
ore_ont_9386,ok,0.08,26984,ok,0.07,26992
ore_ont_9400,ok,4.64,609048,ok,4.01,608944
ore_ont_9402,ok,0.06,12704,ok,0.06,12676
ore_ont_9413,ok,3.01,550960,ok,2.33,550840
ore_ont_9422,ok,0.03,8000,ok,0.03,8040
ore_ont_9429,dnf,60.01,105556,dnf,60.03,103416
ore_ont_9435,ok,0.11,16384,ok,0.07,16396
ore_ont_9462,ok,0.02,7604,ok,0.02,7488
ore_ont_947,ok,0.19,41296,ok,0.17,41172
ore_ont_9498,ok,13.30,1189716,ok,9.63,1189696
ore_ont_9499,ok,5.09,637168,ok,4.39,637284
ore_ont_950,ok,0.72,28960,ok,0.14,28984
ore_ont_9509,ok,0.20,7316,ok,0.01,7256
ore_ont_9513,ok,0.66,192904,ok,0.39,192512
ore_ont_9534,ok,0.46,29740,ok,0.25,28796
ore_ont_954,ok,12.96,391292,ok,12.66,391324
ore_ont_9540,dnf,60.11,11116,dnf,60.05,11280
ore_ont_9545,ok,0.82,187208,ok,0.85,187396
ore_ont_955,dnf,60.36,789192,dnf,60.09,789784
ore_ont_9557,ok,0.11,8504,ok,0.11,8328
ore_ont_9558,ok,0.36,29564,ok,0.29,28852
ore_ont_9567,ok,1.52,273104,ok,1.17,273260
ore_ont_9577,dnf,60.01,160356,dnf,60.01,160016
ore_ont_9590,ok,0.41,173516,ok,0.34,173028
ore_ont_9596,ok,0.22,40240,ok,0.21,40068
ore_ont_9598,ok,0.05,13292,ok,0.04,13284
ore_ont_960,ok,0.29,29392,ok,0.23,29088
ore_ont_9600,ok,0.02,8240,ok,0.02,8268
ore_ont_9612,ok,0.16,42228,ok,0.14,42300
ore_ont_9617,ok,0.05,13200,ok,0.06,13164
ore_ont_9635,ok,0.04,8344,ok,0.02,8408
ore_ont_964,ok,0.33,114620,ok,0.28,114240
ore_ont_9646,ok,0.07,19292,ok,0.10,19348
ore_ont_9654,ok,12.99,1271640,ok,8.86,1271712
ore_ont_9662,ok,2.40,38332,ok,2.34,38268
ore_ont_9663,dnf,60.03,435164,dnf,60.03,430256
ore_ont_9666,ok,0.02,8272,ok,0.02,8144
ore_ont_9668,ok,0.29,29008,ok,0.22,29160
ore_ont_9673,ok,0.09,19392,ok,0.10,19180
ore_ont_9674,dnf,60.09,3370404,ok,58.66,3370060
ore_ont_9684,dnf,60.01,129608,dnf,60.01,129452
ore_ont_9689,ok,0.06,10004,ok,0.05,10056
ore_ont_9690,ok,0.05,7620,ok,0.02,7716
ore_ont_9694,ok,1.67,87956,ok,0.84,87916
ore_ont_9695,ok,0.03,7656,ok,0.02,7312
ore_ont_9709,ok,0.03,7948,ok,0.01,8072
ore_ont_9724,dnf,60.09,1572736,dnf,60.10,1420624
ore_ont_9736,ok,0.02,7172,ok,0.02,7164
ore_ont_9739,dnf,60.01,124860,dnf,60.01,124400
ore_ont_9758,ok,0.35,29384,ok,0.21,28600
ore_ont_9761,ok,0.15,38928,ok,0.12,38768
ore_ont_9767,ok,5.09,594380,ok,4.52,594252
ore_ont_9768,ok,2.43,523424,ok,1.88,523324
ore_ont_9772,ok,0.11,22432,ok,0.06,22560
ore_ont_9783,ok,0.04,11524,ok,0.04,11968
ore_ont_9786,ok,7.13,53892,ok,7.01,52784
ore_ont_9790,ok,0.14,24212,ok,0.10,24272
ore_ont_9791,dnf,60.03,459572,dnf,60.03,451448
ore_ont_9792,ok,0.31,51256,ok,0.60,51044
ore_ont_9794,ok,7.97,1697652,ok,6.09,1697616
ore_ont_980,ok,0.31,32976,ok,0.21,32032
ore_ont_9800,ok,1.60,40100,ok,1.32,40044
ore_ont_9805,ok,0.28,7144,ok,0.03,6948
ore_ont_9809,ok,4.64,731848,ok,3.28,732064
ore_ont_9816,ok,1.06,440272,ok,0.85,437836
ore_ont_9835,dnf,60.03,441040,dnf,60.03,423284
ore_ont_9854,ok,0.08,6972,ok,0.02,6992
ore_ont_9855,dnf,60.01,167220,dnf,60.01,156404
ore_ont_9857,ok,0.06,10248,ok,0.04,10432
ore_ont_9864,dnf,60.00,15336,dnf,60.00,15100
ore_ont_9867,ok,0.01,7152,ok,0.03,7052
ore_ont_9881,ok,0.33,29532,ok,0.18,29360
ore_ont_9884,ok,0.13,27840,ok,0.14,27852
ore_ont_9886,ok,1.72,355796,ok,1.28,355760
ore_ont_9890,dnf,60.01,55828,dnf,60.00,55760
ore_ont_9894,ok,1.14,275208,ok,0.97,275028
ore_ont_9896,ok,0.12,32488,ok,0.13,32644
ore_ont_9899,ok,33.68,545284,ok,30.40,544720
ore_ont_990,ok,0.31,31660,ok,0.21,31784
ore_ont_9904,ok,0.02,8180,ok,0.03,8228
ore_ont_9928,ok,0.03,7672,ok,0.02,7512
ore_ont_9941,ok,8.60,51688,ok,8.86,50940
ore_ont_9943,ok,0.12,20608,ok,0.06,20724
ore_ont_9944,dnf,60.00,92928,dnf,60.01,92656
ore_ont_9947,ok,0.11,18028,ok,0.05,18048
ore_ont_9957,ok,0.12,13576,ok,0.12,13880
ore_ont_9958,ok,8.43,678924,ok,5.30,678940
ore_ont_9972,ok,0.28,29564,ok,0.48,29164
ore_ont_9994,ok,0.02,8356,ok,0.08,8340
ore_ont_9998,ok,0.05,14772,ok,0.22,14832
