ont	on_w	on_convert_ms	on_rules	off_w	off_convert_ms	off_rules	speedup
ore_ont_10929	97.6	96461	57355	2.7	1508	12	36.1
ore_ont_15635	92.6	90325	54248	4.8	2531	400	19.3
ore_ont_1833	29.7	29360	14030936	0.5	310	249	59.4
ore_ont_2504	206.5	187172	68761866	2.0	1342	68545	103.2
ore_ont_4141	111.7	111071	42738529	0.5	228	105	223.4
ore_ont_4572	300.9	NA	NA	2.4	1388	115	125.4
ore_ont_5368	38.8	38474	18620251	0.2	75	6100	194.0
ore_ont_5548	0.7	565	250546	0.2	74	8300	3.5
ore_ont_8445	303.2	NA	NA	1.1	478	323	275.6
