stem,default_outcome,default_wall_s,pair5_outcome,pair5_wall_s
ore_ont_10004,ok,0.04,ok,0.05
ore_ont_10006,ok,11.02,ok,10.27
ore_ont_10008,ok,1.53,ok,1.55
ore_ont_10009,ok,0.13,ok,0.04
ore_ont_10016,ok,2.96,ok,2.91
ore_ont_10019,dnf,60.00,ok,2.34
ore_ont_10026,ok,0.05,ok,0.05
ore_ont_10032,ok,1.79,ok,1.81
ore_ont_10053,ok,0.19,ok,0.19
ore_ont_10056,ok,0.03,ok,0.02
ore_ont_10058,ok,0.22,ok,0.22
ore_ont_10068,ok,2.17,ok,2.16
ore_ont_10073,ok,5.79,ok,5.70
ore_ont_10080,dnf,60.05,dnf,60.01
ore_ont_10088,ok,0.15,ok,0.02
ore_ont_10109,dnf,60.01,dnf,60.00
ore_ont_1012,ok,7.56,ok,7.28
ore_ont_10123,ok,0.14,ok,0.13
ore_ont_10125,ok,13.09,ok,13.04
ore_ont_10127,ok,1.04,ok,0.94
ore_ont_10133,ok,0.02,ok,0.02
ore_ont_10134,ok,0.04,ok,0.05
ore_ont_10136,ok,17.34,ok,15.74
ore_ont_10140,dnf,60.05,dnf,60.06
ore_ont_10146,ok,0.07,ok,0.05
ore_ont_1016,ok,0.27,ok,0.27
ore_ont_10160,ok,0.05,ok,0.10
ore_ont_10161,ok,6.05,ok,5.96
ore_ont_10162,ok,0.03,ok,0.04
ore_ont_1017,ok,0.04,ok,0.03
ore_ont_10173,ok,0.22,ok,0.22
ore_ont_10174,ok,0.02,ok,0.03
ore_ont_10175,ok,4.35,ok,4.33
ore_ont_10176,ok,0.03,ok,0.02
ore_ont_10197,ok,0.21,ok,0.19
ore_ont_10199,ok,0.06,ok,0.02
ore_ont_10212,ok,0.14,ok,0.14
ore_ont_10230,ok,0.07,ok,0.06
ore_ont_10242,ok,0.21,ok,0.23
ore_ont_10248,ok,12.57,ok,12.03
ore_ont_10254,ok,0.18,ok,0.16
ore_ont_10264,ok,0.02,ok,0.01
ore_ont_10270,ok,0.25,ok,0.25
ore_ont_10275,ok,0.18,ok,0.11
ore_ont_1028,dnf,60.01,dnf,60.01
ore_ont_10280,ok,0.14,ok,0.16
ore_ont_10283,ok,0.03,ok,0.04
ore_ont_10285,ok,0.02,ok,0.03
ore_ont_10309,ok,0.01,ok,0.01
ore_ont_10314,ok,0.02,ok,0.02
ore_ont_10320,ok,0.02,ok,0.05
ore_ont_10321,ok,0.01,ok,0.02
ore_ont_10326,ok,0.25,ok,0.26
ore_ont_1034,ok,0.01,ok,0.03
ore_ont_10340,ok,0.01,ok,0.03
ore_ont_10348,ok,0.17,ok,0.20
ore_ont_10350,ok,0.04,ok,0.07
ore_ont_10355,ok,0.01,ok,0.04
ore_ont_10362,ok,0.02,ok,0.04
ore_ont_10366,ok,0.04,ok,0.03
ore_ont_10380,ok,12.82,ok,11.60
ore_ont_10384,ok,0.17,ok,0.21
ore_ont_10388,ok,0.02,ok,0.03
ore_ont_10389,ok,0.19,ok,0.18
ore_ont_10391,ok,0.38,ok,0.39
ore_ont_10407,ok,8.94,ok,7.42
ore_ont_10409,ok,0.23,ok,0.21
ore_ont_10413,ok,0.02,ok,0.01
ore_ont_10419,ok,0.03,ok,0.02
ore_ont_10423,ok,0.46,ok,0.22
ore_ont_10425,ok,17.80,ok,17.38
ore_ont_1043,ok,1.61,ok,1.52
ore_ont_10431,ok,0.02,ok,0.02
ore_ont_10445,ok,3.59,ok,3.54
ore_ont_10460,dnf,60.01,dnf,60.00
ore_ont_10481,ok,0.22,ok,0.22
ore_ont_105,ok,0.02,ok,0.02
ore_ont_10503,ok,0.03,ok,0.03
ore_ont_10516,ok,0.11,ok,0.03
ore_ont_10517,dnf,60.00,dnf,60.00
ore_ont_10536,ok,0.01,ok,0.02
ore_ont_10537,ok,0.01,ok,0.04
ore_ont_10568,dnf,60.08,dnf,60.08
ore_ont_10571,ok,0.03,ok,0.05
ore_ont_10580,ok,0.03,ok,0.03
ore_ont_10588,ok,0.22,ok,0.22
ore_ont_1059,dnf,60.06,dnf,60.06
ore_ont_10594,ok,0.22,ok,0.21
ore_ont_10608,ok,0.13,ok,0.10
ore_ont_1062,ok,0.22,ok,0.24
ore_ont_10621,dnf,60.79,dnf,60.68
ore_ont_1065,ok,0.09,ok,0.10
ore_ont_1066,dnf,60.06,dnf,60.06
ore_ont_10672,ok,0.21,ok,0.24
ore_ont_10681,ok,0.02,ok,0.04
ore_ont_10689,ok,58.71,ok,58.27
ore_ont_10697,ok,1.67,ok,1.62
ore_ont_10702,ok,6.05,ok,0.25
ore_ont_10742,ok,0.20,ok,0.10
ore_ont_10749,ok,0.26,ok,0.26
ore_ont_10750,ok,7.52,ok,6.94
ore_ont_10752,ok,0.01,ok,0.02
ore_ont_10754,ok,0.33,ok,0.28
ore_ont_10769,ok,0.02,ok,0.02
ore_ont_10774,ok,0.18,ok,0.18
ore_ont_10776,ok,0.04,ok,0.03
ore_ont_10778,ok,2.78,ok,2.77
ore_ont_10781,ok,0.07,ok,0.09
ore_ont_10805,ok,0.02,ok,0.02
ore_ont_10806,ok,0.19,ok,0.21
ore_ont_10807,dnf,60.00,dnf,60.00
ore_ont_1082,ok,1.16,ok,1.17
ore_ont_10823,ok,0.01,ok,0.02
ore_ont_10833,ok,0.01,ok,0.02
ore_ont_10838,ok,6.32,ok,6.09
ore_ont_10860,err_reject,0.01,err_reject,0.02
ore_ont_10874,ok,0.13,ok,0.12
ore_ont_10888,ok,0.01,ok,0.04
ore_ont_10890,ok,0.24,ok,0.25
ore_ont_10892,ok,0.22,ok,0.22
ore_ont_10894,ok,1.59,ok,1.60
ore_ont_10906,ok,0.02,ok,0.02
ore_ont_10908,ok,0.26,ok,0.28
ore_ont_1091,ok,0.23,ok,0.46
ore_ont_10926,dnf,60.25,dnf,60.24
ore_ont_10929,dnf,60.03,dnf,60.05
ore_ont_10930,ok,0.96,ok,1.14
ore_ont_10949,dnf,60.00,dnf,60.00
ore_ont_10951,ok,0.19,ok,0.26
ore_ont_10952,ok,0.12,ok,0.22
ore_ont_10965,ok,0.93,ok,0.95
ore_ont_10968,ok,0.07,ok,0.07
ore_ont_10985,ok,0.21,ok,0.24
ore_ont_10991,ok,0.11,ok,0.12
ore_ont_10992,ok,0.16,ok,0.18
ore_ont_11003,ok,0.02,ok,0.04
ore_ont_11004,ok,0.02,ok,0.04
ore_ont_11005,ok,34.78,ok,34.82
ore_ont_11009,ok,0.17,ok,0.04
ore_ont_11010,ok,0.02,ok,0.02
ore_ont_11014,ok,0.03,ok,0.03
ore_ont_11016,ok,0.02,ok,0.02
ore_ont_11037,dnf,60.09,dnf,60.06
ore_ont_11053,ok,0.90,ok,0.89
ore_ont_11064,ok,0.05,ok,0.06
ore_ont_11081,ok,0.51,ok,0.53
ore_ont_11085,err_reject,51.10,err_reject,52.09
ore_ont_11110,ok,1.33,ok,1.40
ore_ont_11115,ok,0.04,ok,0.03
ore_ont_1112,ok,0.14,ok,0.14
ore_ont_11124,ok,0.15,ok,0.15
ore_ont_11125,ok,0.02,ok,0.04
ore_ont_11126,ok,8.36,ok,8.61
ore_ont_11131,ok,0.09,ok,0.10
ore_ont_11133,ok,0.02,ok,0.02
ore_ont_11140,ok,0.08,ok,0.10
ore_ont_11149,ok,0.02,ok,0.02
ore_ont_1115,ok,0.63,ok,0.66
ore_ont_11157,ok,0.19,ok,0.24
ore_ont_1117,ok,0.04,ok,0.07
ore_ont_1119,ok,0.33,ok,0.33
ore_ont_11196,dnf,60.08,dnf,60.05
ore_ont_11198,ok,2.12,ok,2.07
ore_ont_11203,ok,0.01,ok,0.04
ore_ont_11207,ok,3.39,ok,3.43
ore_ont_1123,dnf,60.10,dnf,60.10
ore_ont_11270,dnf,60.60,dnf,60.73
ore_ont_11274,ok,0.02,ok,0.04
ore_ont_11282,ok,0.63,ok,0.63
ore_ont_11287,ok,1.33,ok,1.33
ore_ont_11289,ok,0.21,ok,0.23
ore_ont_11291,ok,0.02,ok,0.04
ore_ont_11293,ok,12.30,ok,11.43
ore_ont_11296,ok,0.02,ok,0.04
ore_ont_11298,ok,0.07,ok,0.08
ore_ont_11305,ok,0.24,ok,0.25
ore_ont_11311,dnf,60.01,dnf,60.01
ore_ont_11315,ok,6.59,ok,6.67
ore_ont_11316,ok,0.05,ok,0.06
ore_ont_11349,ok,0.06,ok,0.09
ore_ont_11357,ok,0.02,ok,0.07
ore_ont_11362,ok,0.04,ok,0.06
ore_ont_11371,ok,0.02,ok,0.08
ore_ont_11378,ok,3.03,ok,2.79
ore_ont_11380,ok,0.02,ok,0.02
ore_ont_11389,ok,2.70,ok,2.50
ore_ont_11392,ok,0.02,ok,0.04
ore_ont_11395,ok,22.91,ok,22.76
ore_ont_11401,ok,0.02,ok,0.04
ore_ont_11411,ok,0.18,ok,0.19
ore_ont_11416,ok,0.03,ok,0.02
ore_ont_11426,ok,0.91,ok,0.88
ore_ont_11452,ok,0.19,ok,0.21
ore_ont_11457,ok,3.26,ok,3.72
ore_ont_11459,ok,4.50,ok,4.90
ore_ont_11460,dnf,60.04,dnf,60.03
ore_ont_11464,ok,4.31,ok,4.28
ore_ont_11477,ok,6.37,ok,0.31
ore_ont_11484,ok,0.13,ok,0.13
ore_ont_11495,dnf,60.09,dnf,60.06
ore_ont_11497,ok,0.04,ok,0.05
ore_ont_11500,ok,0.69,ok,0.69
ore_ont_11502,ok,0.16,ok,0.17
ore_ont_11504,ok,0.02,ok,0.02
ore_ont_11519,ok,3.81,ok,4.34
ore_ont_11522,ok,0.03,ok,0.18
ore_ont_11523,ok,0.03,ok,0.19
ore_ont_11526,ok,0.01,ok,0.08
ore_ont_11533,ok,0.10,ok,0.08
ore_ont_11536,ok,0.23,ok,0.37
ore_ont_11553,dnf,60.06,dnf,60.07
ore_ont_11554,ok,1.30,ok,0.95
ore_ont_11559,ok,1.02,ok,1.02
ore_ont_11564,ok,0.42,ok,0.23
ore_ont_11572,ok,0.13,ok,0.05
ore_ont_11577,ok,0.10,ok,0.02
ore_ont_11592,ok,0.04,ok,0.04
ore_ont_11597,ok,0.64,ok,0.62
ore_ont_11600,ok,0.14,ok,0.14
ore_ont_11619,ok,0.06,ok,0.06
ore_ont_11623,ok,0.28,ok,0.26
ore_ont_11626,ok,0.09,ok,0.08
ore_ont_11629,dnf,60.01,dnf,60.01
ore_ont_11635,ok,0.08,ok,0.09
ore_ont_11636,ok,0.25,ok,0.21
ore_ont_11639,ok,0.01,ok,0.03
ore_ont_11647,ok,1.30,ok,1.31
ore_ont_11675,ok,0.16,ok,0.16
ore_ont_11676,ok,0.02,ok,0.02
ore_ont_11685,ok,0.05,ok,0.03
ore_ont_11694,ok,0.02,ok,0.02
ore_ont_11695,dnf,60.02,dnf,60.02
ore_ont_11696,ok,0.24,ok,0.21
ore_ont_11703,ok,0.06,ok,0.08
ore_ont_11719,ok,0.05,ok,0.04
ore_ont_1172,ok,0.02,ok,0.02
ore_ont_11739,ok,15.39,ok,15.26
ore_ont_11745,dnf,60.04,dnf,60.03
ore_ont_11778,ok,1.64,ok,1.62
ore_ont_11792,ok,0.02,ok,0.05
ore_ont_11817,ok,4.32,ok,4.98
ore_ont_1182,ok,6.46,ok,6.42
ore_ont_11827,ok,2.56,ok,2.51
ore_ont_11834,ok,0.04,ok,0.02
ore_ont_11866,ok,0.04,ok,0.03
ore_ont_11878,ok,0.17,ok,0.15
ore_ont_11889,ok,0.04,ok,0.03
ore_ont_11895,ok,0.02,ok,0.02
ore_ont_11896,ok,0.08,ok,0.10
ore_ont_11899,ok,6.70,ok,6.64
ore_ont_11901,ok,0.02,ok,0.03
ore_ont_11906,ok,0.31,ok,0.30
ore_ont_11910,ok,0.11,ok,0.09
ore_ont_11929,ok,0.04,ok,0.03
ore_ont_1194,dnf,60.07,dnf,60.07
ore_ont_11948,ok,0.25,ok,0.22
ore_ont_11949,ok,0.04,ok,0.03
ore_ont_11972,ok,0.02,ok,0.06
ore_ont_11978,ok,0.02,ok,0.02
ore_ont_11989,ok,0.26,ok,0.23
ore_ont_1199,ok,16.15,ok,16.48
ore_ont_12000,ok,0.33,ok,0.39
ore_ont_12007,ok,0.12,ok,0.12
ore_ont_12009,ok,0.10,ok,0.18
ore_ont_12012,ok,5.43,ok,5.36
ore_ont_12039,ok,0.23,ok,0.21
ore_ont_12043,ok,0.21,ok,0.25
ore_ont_12061,ok,0.03,ok,0.03
ore_ont_12084,ok,0.05,ok,0.05
ore_ont_12087,ok,2.85,ok,2.86
ore_ont_12097,ok,0.06,ok,0.04
ore_ont_12101,ok,0.03,ok,0.03
ore_ont_12107,ok,0.02,ok,0.04
ore_ont_1211,ok,0.05,ok,0.05
ore_ont_12112,ok,0.03,ok,0.03
ore_ont_12118,ok,0.01,ok,0.02
ore_ont_1212,ok,0.26,ok,0.24
ore_ont_12128,dnf,60.07,dnf,60.07
ore_ont_12141,ok,0.63,ok,0.42
ore_ont_12149,ok,1.82,ok,1.82
ore_ont_12150,ok,0.02,ok,0.02
ore_ont_12152,ok,0.23,ok,0.24
ore_ont_12161,ok,0.20,ok,0.19
ore_ont_12174,ok,0.82,ok,0.76
ore_ont_12182,ok,1.02,ok,1.02
ore_ont_12191,ok,2.89,ok,2.66
ore_ont_12194,ok,0.44,ok,0.45
ore_ont_12203,ok,3.24,ok,3.01
ore_ont_12208,dnf,60.05,dnf,60.05
ore_ont_12219,ok,0.32,ok,0.23
ore_ont_1222,ok,0.02,ok,0.02
ore_ont_12221,ok,0.58,ok,0.56
ore_ont_12253,ok,0.02,ok,0.02
ore_ont_12269,ok,0.20,ok,0.22
ore_ont_12270,ok,0.05,ok,0.05
ore_ont_12281,ok,0.04,ok,0.04
ore_ont_12284,ok,0.22,ok,0.23
ore_ont_12317,ok,0.67,ok,0.69
ore_ont_12323,ok,0.03,ok,0.04
ore_ont_12325,ok,0.13,ok,0.14
ore_ont_12330,ok,0.56,ok,0.55
ore_ont_12342,ok,0.07,ok,0.09
ore_ont_12351,ok,11.17,ok,11.23
ore_ont_12360,ok,0.02,ok,0.02
ore_ont_12369,ok,0.02,ok,0.03
ore_ont_12372,ok,0.05,ok,0.04
ore_ont_12379,ok,0.05,ok,0.04
ore_ont_12382,ok,0.03,ok,0.04
ore_ont_12387,ok,3.43,ok,3.43
ore_ont_12397,ok,0.06,ok,0.07
ore_ont_12405,ok,0.12,ok,0.09
ore_ont_12410,ok,0.23,ok,0.23
ore_ont_12414,ok,2.73,ok,2.71
ore_ont_12415,ok,0.02,ok,0.02
ore_ont_12418,ok,0.23,ok,0.23
ore_ont_12432,dnf,60.00,dnf,60.00
ore_ont_12433,ok,0.57,ok,0.34
ore_ont_12448,ok,1.84,ok,1.82
ore_ont_12451,dnf,60.02,dnf,60.02
ore_ont_12452,ok,0.43,ok,0.38
ore_ont_12468,ok,0.21,ok,0.22
ore_ont_12474,ok,0.23,ok,0.25
ore_ont_12486,ok,0.53,ok,0.53
ore_ont_12522,ok,0.50,ok,0.52
ore_ont_12528,ok,10.78,ok,10.15
ore_ont_12536,ok,1.45,ok,1.15
ore_ont_12566,ok,0.12,ok,0.14
ore_ont_12567,ok,16.91,ok,16.80
ore_ont_12584,ok,0.02,ok,0.02
ore_ont_12635,ok,0.06,ok,0.08
ore_ont_12651,ok,4.52,ok,4.49
ore_ont_12653,ok,25.35,ok,0.55
ore_ont_12665,ok,0.15,ok,0.14
ore_ont_12676,ok,0.39,ok,0.36
ore_ont_12698,ok,5.47,ok,5.29
ore_ont_1270,ok,3.37,ok,3.34
ore_ont_1272,ok,14.84,ok,14.41
ore_ont_12721,ok,0.02,ok,0.04
ore_ont_12723,dnf,60.01,ok,14.37
ore_ont_12743,dnf,60.07,dnf,60.08
ore_ont_12764,ok,0.02,ok,0.14
ore_ont_12776,ok,0.09,ok,0.19
ore_ont_12792,ok,0.44,ok,0.53
ore_ont_12801,ok,0.32,ok,0.28
ore_ont_12802,ok,0.26,ok,0.29
ore_ont_12824,ok,0.02,ok,0.04
ore_ont_12831,ok,0.03,ok,0.05
ore_ont_12836,ok,0.06,ok,0.08
ore_ont_12839,ok,0.76,ok,0.74
ore_ont_12884,ok,0.22,ok,0.22
ore_ont_12892,ok,0.10,ok,0.04
ore_ont_12898,ok,42.10,ok,40.31
ore_ont_12901,ok,1.66,ok,1.63
ore_ont_12906,ok,0.01,ok,0.02
ore_ont_12914,ok,0.07,ok,0.07
ore_ont_12916,ok,0.35,ok,0.17
ore_ont_12925,ok,0.06,ok,0.05
ore_ont_12931,ok,0.04,ok,0.04
ore_ont_12932,ok,0.01,ok,0.04
ore_ont_12936,ok,0.33,ok,0.34
ore_ont_12948,ok,0.05,ok,0.03
ore_ont_12955,ok,0.04,ok,0.05
ore_ont_12957,ok,0.01,ok,0.02
ore_ont_12965,ok,0.03,ok,0.05
ore_ont_12985,ok,1.67,ok,1.49
ore_ont_12987,ok,0.21,ok,0.04
ore_ont_12992,ok,0.47,ok,0.43
ore_ont_12993,dnf,60.07,dnf,60.03
ore_ont_13000,ok,0.24,ok,0.13
ore_ont_13018,ok,0.09,ok,0.02
ore_ont_13035,ok,0.04,ok,0.04
ore_ont_13052,ok,5.75,ok,5.39
ore_ont_13053,ok,0.07,ok,0.02
ore_ont_1306,ok,5.53,ok,5.39
ore_ont_13064,ok,0.04,ok,0.03
ore_ont_13066,ok,0.04,ok,0.11
ore_ont_13071,ok,52.86,ok,44.99
ore_ont_13077,ok,0.02,ok,0.04
ore_ont_13078,ok,0.32,ok,0.30
ore_ont_13082,ok,0.90,ok,0.86
ore_ont_13097,ok,0.03,ok,0.03
ore_ont_1310,ok,0.91,ok,0.89
ore_ont_13100,ok,0.05,ok,0.05
ore_ont_13103,dnf,60.03,dnf,60.03
ore_ont_13106,ok,1.79,ok,1.77
ore_ont_13112,ok,0.05,ok,0.03
ore_ont_13113,ok,0.08,ok,0.07
ore_ont_13122,dnf,60.01,dnf,60.01
ore_ont_13124,ok,0.14,ok,0.14
ore_ont_13129,ok,0.04,ok,0.03
ore_ont_13132,ok,0.02,ok,0.04
ore_ont_13136,dnf,60.01,dnf,60.01
ore_ont_13139,ok,0.12,ok,0.11
ore_ont_13141,ok,0.09,ok,0.12
ore_ont_13150,ok,0.24,ok,0.22
ore_ont_13153,ok,0.11,ok,0.13
ore_ont_13178,ok,0.22,ok,0.26
ore_ont_13204,ok,0.04,ok,0.02
ore_ont_13219,ok,0.04,ok,0.05
ore_ont_13220,ok,0.86,ok,0.87
ore_ont_13224,ok,7.60,ok,7.54
ore_ont_13229,dnf,60.03,dnf,60.03
ore_ont_13230,ok,0.18,ok,0.19
ore_ont_13233,ok,0.45,ok,0.45
ore_ont_13234,ok,0.02,ok,0.03
ore_ont_13242,dnf,60.03,dnf,60.02
ore_ont_13243,ok,2.80,ok,2.80
ore_ont_1325,ok,0.03,ok,0.04
ore_ont_13276,dnf,60.06,dnf,60.08
ore_ont_13277,ok,0.02,ok,0.05
ore_ont_13298,ok,0.04,ok,0.04
ore_ont_13299,ok,0.82,ok,0.77
ore_ont_1330,ok,0.99,ok,1.00
ore_ont_13301,ok,0.04,ok,0.03
ore_ont_13306,ok,0.03,ok,0.03
ore_ont_13336,ok,0.19,ok,0.20
ore_ont_13337,ok,0.21,ok,0.21
ore_ont_13355,ok,8.33,ok,8.73
ore_ont_13359,ok,0.68,ok,0.67
ore_ont_13383,ok,0.05,ok,0.18
ore_ont_13392,ok,0.04,ok,0.02
ore_ont_13398,ok,0.05,ok,0.04
ore_ont_1340,ok,0.21,ok,0.19
ore_ont_13404,ok,0.04,ok,0.05
ore_ont_13405,ok,0.06,ok,0.08
ore_ont_13413,ok,0.09,ok,0.05
ore_ont_1342,ok,0.02,ok,0.04
ore_ont_13423,ok,4.49,ok,4.49
ore_ont_13429,ok,0.03,ok,0.04
ore_ont_13430,ok,0.12,ok,0.12
ore_ont_13444,ok,0.36,ok,0.39
ore_ont_13451,ok,0.25,ok,0.25
ore_ont_1346,ok,0.06,ok,0.18
ore_ont_13460,ok,0.13,ok,0.35
ore_ont_13474,ok,0.06,ok,0.25
ore_ont_13482,ok,8.93,ok,9.43
ore_ont_13483,ok,0.02,ok,0.12
ore_ont_13503,ok,0.01,ok,0.07
ore_ont_13524,ok,0.03,ok,0.06
ore_ont_13526,ok,0.43,ok,0.57
ore_ont_13530,ok,0.04,ok,0.02
ore_ont_13545,ok,46.38,ok,2.36
ore_ont_1357,ok,1.29,ok,1.27
ore_ont_13578,ok,0.04,ok,0.06
ore_ont_13581,ok,0.07,ok,0.04
ore_ont_13584,ok,0.04,ok,0.03
ore_ont_13591,ok,1.36,ok,1.37
ore_ont_13621,ok,0.21,ok,0.23
ore_ont_13643,ok,0.03,ok,0.03
ore_ont_13646,ok,0.04,ok,0.04
ore_ont_13647,ok,14.45,ok,14.48
ore_ont_13657,ok,0.04,ok,0.03
ore_ont_13664,ok,0.74,ok,0.74
ore_ont_13665,ok,0.33,ok,0.33
ore_ont_13674,ok,0.22,ok,0.22
ore_ont_13679,ok,0.26,ok,0.22
ore_ont_13680,ok,0.03,ok,0.04
ore_ont_13684,ok,0.85,ok,0.89
ore_ont_13690,ok,4.57,ok,4.57
ore_ont_1370,ok,4.61,ok,4.67
ore_ont_13700,ok,0.32,ok,0.31
ore_ont_13704,ok,0.03,ok,0.03
ore_ont_13708,ok,3.32,ok,3.26
ore_ont_13723,ok,22.50,ok,22.78
ore_ont_13737,ok,0.02,ok,0.20
ore_ont_13740,ok,0.02,ok,0.16
ore_ont_13752,ok,0.20,ok,0.24
ore_ont_13755,ok,0.10,ok,0.14
ore_ont_13759,ok,0.03,ok,0.15
ore_ont_13762,ok,0.02,ok,0.07
ore_ont_13772,ok,0.03,ok,0.14
ore_ont_13776,ok,0.21,ok,0.30
ore_ont_13799,ok,0.03,ok,0.05
ore_ont_13805,ok,0.03,ok,0.04
ore_ont_13811,ok,0.22,ok,0.24
ore_ont_13833,ok,0.02,ok,0.04
ore_ont_13837,ok,0.05,ok,0.05
ore_ont_13840,ok,0.11,ok,0.12
ore_ont_13846,dnf,60.07,dnf,60.06
ore_ont_13851,ok,0.22,ok,0.31
ore_ont_13852,ok,0.23,ok,0.22
ore_ont_13857,ok,0.24,ok,0.22
ore_ont_13859,ok,48.42,ok,4.28
ore_ont_13872,ok,0.02,ok,0.03
ore_ont_13880,ok,0.02,ok,0.03
ore_ont_13885,ok,0.04,ok,0.03
ore_ont_13887,ok,0.04,ok,0.05
ore_ont_13897,ok,0.02,ok,0.02
ore_ont_13898,ok,0.05,ok,0.06
ore_ont_13902,ok,0.76,ok,0.77
ore_ont_13912,ok,0.07,ok,0.06
ore_ont_13919,ok,0.12,ok,0.14
ore_ont_13928,ok,27.39,ok,27.59
ore_ont_13937,ok,1.85,ok,1.81
ore_ont_13941,ok,0.24,ok,0.23
ore_ont_13949,ok,0.15,ok,0.16
ore_ont_13954,ok,6.30,ok,0.27
ore_ont_13964,ok,0.46,ok,0.39
ore_ont_13969,ok,4.63,ok,4.51
ore_ont_1397,ok,6.30,ok,0.26
ore_ont_13991,ok,41.24,ok,40.87
ore_ont_14012,dnf,60.01,dnf,60.01
ore_ont_14025,ok,1.42,ok,1.42
ore_ont_14027,ok,0.20,ok,0.24
ore_ont_14031,ok,0.06,ok,0.06
ore_ont_14040,ok,0.25,ok,0.27
ore_ont_14042,ok,22.18,ok,22.21
ore_ont_1406,ok,0.03,ok,0.04
ore_ont_14066,ok,0.61,ok,0.61
ore_ont_14101,ok,4.67,ok,4.67
ore_ont_14123,ok,0.04,ok,0.07
ore_ont_14128,ok,0.03,ok,0.01
ore_ont_14134,ok,0.22,ok,0.22
ore_ont_14153,ok,0.04,ok,0.05
ore_ont_14154,ok,1.37,ok,1.40
ore_ont_14175,ok,0.02,ok,0.03
ore_ont_14183,ok,0.22,ok,0.24
ore_ont_14185,ok,0.02,ok,0.04
ore_ont_14191,ok,0.28,ok,0.25
ore_ont_14194,ok,0.22,ok,0.25
ore_ont_1420,ok,0.01,ok,0.02
ore_ont_14216,ok,1.95,ok,1.99
ore_ont_1422,ok,1.76,ok,1.85
ore_ont_14221,ok,1.12,ok,1.10
ore_ont_14223,dnf,60.04,dnf,60.01
ore_ont_14237,ok,0.26,ok,0.24
ore_ont_14255,ok,0.31,ok,0.26
ore_ont_14258,ok,0.15,ok,0.17
ore_ont_14272,dnf,60.02,ok,22.26
ore_ont_14273,ok,0.12,ok,0.03
ore_ont_14280,ok,0.27,ok,0.22
ore_ont_14285,ok,0.03,ok,0.03
ore_ont_14286,ok,0.12,ok,0.12
ore_ont_14294,ok,0.26,ok,0.23
ore_ont_1430,ok,0.03,ok,0.03
ore_ont_14308,ok,10.31,ok,10.15
ore_ont_14312,ok,1.37,ok,1.40
ore_ont_14321,ok,0.03,ok,0.06
ore_ont_14325,ok,0.02,ok,0.03
ore_ont_14327,ok,0.03,ok,0.03
ore_ont_14328,ok,0.01,ok,0.02
ore_ont_14331,ok,0.22,ok,0.23
ore_ont_14334,ok,5.74,ok,0.27
ore_ont_14341,ok,0.04,ok,0.03
ore_ont_14348,ok,0.03,ok,0.04
ore_ont_14351,ok,1.49,ok,1.52
ore_ont_14353,ok,0.05,ok,0.05
ore_ont_14355,ok,2.33,ok,2.55
ore_ont_14365,ok,0.80,ok,0.84
ore_ont_14367,ok,0.23,ok,0.24
ore_ont_14370,ok,0.03,ok,0.05
ore_ont_14375,ok,0.52,ok,0.48
ore_ont_14379,ok,1.42,ok,0.06
ore_ont_14380,ok,1.97,ok,2.29
ore_ont_14381,ok,0.04,ok,0.04
ore_ont_14388,ok,0.05,ok,0.05
ore_ont_14396,ok,0.05,ok,0.09
ore_ont_14407,ok,0.31,ok,0.31
ore_ont_14412,ok,0.02,ok,0.02
ore_ont_14425,ok,0.95,ok,0.42
ore_ont_1445,ok,0.20,ok,0.04
ore_ont_14450,ok,0.28,ok,0.23
ore_ont_14452,ok,0.36,ok,0.25
ore_ont_14459,ok,46.45,ok,45.83
ore_ont_14486,ok,0.03,ok,0.03
ore_ont_14499,ok,0.13,ok,0.15
ore_ont_14508,ok,0.59,ok,0.59
ore_ont_14517,ok,0.02,ok,0.02
ore_ont_14518,ok,0.04,ok,0.03
ore_ont_14543,ok,1.65,ok,1.68
ore_ont_14551,dnf,60.01,dnf,60.01
ore_ont_14556,ok,0.58,ok,0.58
ore_ont_14572,dnf,60.11,dnf,60.07
ore_ont_14574,ok,0.09,ok,0.12
ore_ont_14587,ok,0.26,ok,0.25
ore_ont_14588,ok,0.03,ok,0.04
ore_ont_14593,ok,0.23,ok,0.22
ore_ont_14601,ok,1.17,ok,1.13
ore_ont_14607,ok,2.13,ok,2.11
ore_ont_1461,ok,0.03,ok,0.03
ore_ont_14667,ok,0.06,ok,0.07
ore_ont_14684,ok,0.05,ok,0.04
ore_ont_1469,ok,0.21,ok,0.21
ore_ont_1473,ok,0.04,ok,0.03
ore_ont_14742,dnf,60.06,dnf,60.04
ore_ont_14746,ok,0.02,ok,0.03
ore_ont_1475,ok,0.29,ok,0.30
ore_ont_14766,ok,0.21,ok,0.21
ore_ont_14767,ok,0.23,ok,0.26
ore_ont_14776,ok,0.67,ok,0.65
ore_ont_1478,ok,1.74,ok,1.34
ore_ont_148,ok,0.23,ok,0.22
ore_ont_14800,ok,0.03,ok,0.04
ore_ont_1481,ok,0.23,ok,0.24
ore_ont_14816,ok,0.01,ok,0.02
ore_ont_14817,dnf,60.03,dnf,60.02
ore_ont_14818,ok,0.20,ok,0.21
ore_ont_14826,ok,0.03,ok,0.02
ore_ont_14831,ok,0.01,ok,0.02
ore_ont_14840,ok,0.04,ok,0.04
ore_ont_14848,ok,0.01,ok,0.03
ore_ont_14860,ok,2.02,ok,2.00
ore_ont_14861,ok,4.12,ok,3.89
ore_ont_14863,ok,0.09,ok,0.12
ore_ont_14878,ok,0.22,ok,0.24
ore_ont_14879,ok,1.01,ok,1.01
ore_ont_14881,ok,10.36,ok,10.37
ore_ont_14883,ok,0.08,ok,0.10
ore_ont_14896,ok,0.21,ok,0.23
ore_ont_14897,dnf,60.01,dnf,60.01
ore_ont_14901,ok,0.03,ok,0.03
ore_ont_14906,ok,0.22,ok,0.23
ore_ont_14909,ok,0.33,ok,0.37
ore_ont_14912,ok,0.09,ok,0.09
ore_ont_14919,ok,0.23,ok,0.24
ore_ont_14924,ok,0.04,ok,0.06
ore_ont_14926,ok,0.01,ok,0.04
ore_ont_1493,ok,0.20,ok,0.21
ore_ont_14931,ok,0.02,ok,0.04
ore_ont_14934,ok,1.16,ok,1.14
ore_ont_14936,ok,0.52,ok,0.33
ore_ont_1494,ok,0.02,ok,0.04
ore_ont_14981,ok,0.05,ok,0.02
ore_ont_14995,ok,0.10,ok,0.11
ore_ont_1501,ok,0.15,ok,0.14
ore_ont_15010,ok,6.19,ok,6.19
ore_ont_15013,ok,0.13,ok,0.12
ore_ont_15030,ok,0.04,ok,0.04
ore_ont_15058,ok,0.02,ok,0.03
ore_ont_15059,ok,28.11,ok,27.33
ore_ont_15063,ok,0.15,ok,0.15
ore_ont_15066,ok,39.20,ok,35.56
ore_ont_15068,ok,0.02,ok,0.04
ore_ont_15074,dnf,60.00,dnf,60.01
ore_ont_1508,dnf,60.01,dnf,60.01
ore_ont_1509,ok,27.76,ok,4.28
ore_ont_15098,ok,0.09,ok,0.11
ore_ont_15099,ok,0.69,ok,0.70
ore_ont_15103,ok,0.03,ok,0.03
ore_ont_15108,ok,43.28,ok,44.13
ore_ont_15125,ok,1.30,ok,1.38
ore_ont_15133,ok,2.54,ok,2.52
ore_ont_15145,ok,0.02,ok,0.03
ore_ont_15152,ok,0.07,ok,0.09
ore_ont_15160,ok,0.02,ok,0.03
ore_ont_15167,ok,0.02,ok,0.04
ore_ont_1517,ok,0.22,ok,0.24
ore_ont_15172,ok,0.89,ok,0.86
ore_ont_15178,ok,0.29,ok,0.29
ore_ont_15184,ok,0.22,ok,0.23
ore_ont_15203,dnf,60.16,dnf,60.15
ore_ont_15210,ok,0.02,ok,0.02
ore_ont_15217,ok,0.02,ok,0.02
ore_ont_15222,ok,0.08,ok,0.08
ore_ont_15224,ok,0.08,ok,0.09
ore_ont_15226,ok,29.05,ok,29.88
ore_ont_15229,ok,0.04,ok,0.24
ore_ont_15231,ok,0.02,ok,0.13
ore_ont_15237,ok,0.56,ok,0.67
ore_ont_1524,ok,0.45,ok,0.58
ore_ont_15249,ok,0.87,ok,0.95
ore_ont_1526,ok,0.02,ok,0.02
ore_ont_15260,ok,0.25,ok,1.06
ore_ont_15273,ok,0.09,ok,0.14
ore_ont_15280,ok,8.39,ok,8.36
ore_ont_15288,ok,0.75,ok,0.79
ore_ont_15291,ok,0.04,ok,0.26
ore_ont_15292,ok,0.07,ok,0.15
ore_ont_15297,ok,0.12,ok,0.29
ore_ont_153,ok,0.21,ok,0.26
ore_ont_15301,ok,0.07,ok,0.07
ore_ont_15318,ok,0.01,ok,0.03
ore_ont_1533,ok,0.21,ok,0.23
ore_ont_15331,ok,0.02,ok,0.04
ore_ont_15341,ok,0.11,ok,0.13
ore_ont_15344,dnf,60.00,dnf,60.00
ore_ont_15352,ok,0.25,ok,0.21
ore_ont_15355,ok,0.09,ok,0.12
ore_ont_15363,ok,0.13,ok,0.13
ore_ont_1537,ok,0.02,ok,0.04
ore_ont_15372,ok,1.21,ok,1.18
ore_ont_15388,ok,3.93,ok,4.03
ore_ont_1539,ok,0.23,ok,0.30
ore_ont_15397,ok,0.03,ok,0.04
ore_ont_15399,ok,0.01,ok,0.03
ore_ont_15407,ok,0.03,ok,0.04
ore_ont_15413,ok,0.04,ok,0.03
ore_ont_15418,dnf,60.04,dnf,60.03
ore_ont_15421,ok,0.04,ok,0.03
ore_ont_15450,ok,0.21,ok,0.36
ore_ont_15461,ok,0.02,ok,0.03
ore_ont_15475,ok,0.22,ok,0.22
ore_ont_15490,ok,0.11,ok,0.10
ore_ont_15491,ok,28.73,ok,27.49
ore_ont_155,ok,0.03,ok,0.03
ore_ont_15514,ok,0.07,ok,0.24
ore_ont_15516,ok,0.02,ok,0.11
ore_ont_15526,dnf,60.01,ok,14.90
ore_ont_15536,ok,0.69,ok,0.69
ore_ont_15544,ok,0.22,ok,0.26
ore_ont_1555,ok,0.15,ok,0.17
ore_ont_15557,ok,2.46,ok,2.42
ore_ont_15575,ok,0.05,ok,0.07
ore_ont_15576,ok,0.02,ok,0.04
ore_ont_15583,ok,0.06,ok,0.05
ore_ont_1559,ok,23.62,ok,24.19
ore_ont_15596,ok,0.04,ok,0.04
ore_ont_15612,ok,0.17,ok,0.19
ore_ont_15615,ok,0.27,ok,0.28
ore_ont_15621,ok,1.30,ok,1.32
ore_ont_15623,dnf,60.00,dnf,60.00
ore_ont_15635,dnf,60.07,dnf,60.05
ore_ont_15652,ok,0.02,ok,0.03
ore_ont_15655,ok,19.75,ok,19.32
ore_ont_15667,ok,0.02,ok,0.02
ore_ont_15672,ok,0.06,ok,0.07
ore_ont_15680,ok,3.47,ok,3.19
ore_ont_15682,ok,0.20,ok,0.19
ore_ont_15685,ok,0.03,ok,0.04
ore_ont_15687,dnf,60.10,dnf,60.08
ore_ont_15692,ok,0.24,ok,0.23
ore_ont_15695,dnf,60.08,dnf,60.08
ore_ont_15696,ok,3.25,ok,3.26
ore_ont_15703,ok,21.32,ok,21.10
ore_ont_15725,ok,1.33,ok,1.27
ore_ont_15733,dnf,60.01,dnf,60.01
ore_ont_15737,ok,0.02,ok,0.04
ore_ont_15741,ok,0.05,ok,0.08
ore_ont_15753,ok,0.02,ok,0.04
ore_ont_1579,ok,3.74,ok,3.48
ore_ont_15790,ok,0.59,ok,0.57
ore_ont_15791,ok,0.23,ok,0.25
ore_ont_15793,ok,0.19,ok,0.18
ore_ont_15796,ok,0.24,ok,0.23
ore_ont_15800,ok,0.01,ok,0.02
ore_ont_15803,dnf,60.15,dnf,60.09
ore_ont_15846,ok,8.50,ok,8.16
ore_ont_15860,ok,0.06,ok,0.05
ore_ont_15871,ok,0.09,ok,0.10
ore_ont_15878,ok,0.36,ok,0.37
ore_ont_15882,ok,0.02,ok,0.02
ore_ont_15917,ok,0.10,ok,0.13
ore_ont_15921,ok,0.06,ok,0.08
ore_ont_15929,ok,11.46,ok,11.69
ore_ont_15932,ok,0.06,ok,0.21
ore_ont_15933,ok,0.04,ok,0.13
ore_ont_15944,ok,0.10,ok,0.17
ore_ont_15950,ok,0.04,ok,0.13
ore_ont_15968,ok,0.07,ok,0.36
ore_ont_15971,ok,0.02,ok,0.13
ore_ont_15976,ok,2.90,ok,2.95
ore_ont_15985,ok,0.03,ok,0.03
ore_ont_15991,ok,0.45,ok,0.44
ore_ont_15993,ok,0.64,ok,0.58
ore_ont_16008,ok,37.42,ok,37.65
ore_ont_16010,ok,0.02,ok,0.01
ore_ont_16017,ok,0.21,ok,0.20
ore_ont_1603,ok,1.52,ok,1.32
ore_ont_16033,ok,0.02,ok,0.01
ore_ont_16039,ok,0.07,ok,0.07
ore_ont_16054,ok,0.02,ok,0.02
ore_ont_16056,dnf,60.00,dnf,60.00
ore_ont_16076,ok,0.02,ok,0.04
ore_ont_16089,ok,7.72,ok,7.70
ore_ont_16105,ok,0.16,ok,0.16
ore_ont_16114,ok,0.26,ok,0.26
ore_ont_16115,ok,0.02,ok,0.04
ore_ont_16120,ok,0.21,ok,0.23
ore_ont_16124,ok,0.22,ok,0.22
ore_ont_16157,ok,0.03,ok,0.04
ore_ont_16166,ok,0.03,ok,0.03
ore_ont_16167,ok,0.02,ok,0.03
ore_ont_1618,ok,0.05,ok,0.02
ore_ont_16184,ok,5.47,ok,5.59
ore_ont_16188,ok,0.02,ok,0.04
ore_ont_16191,ok,0.04,ok,0.05
ore_ont_16197,ok,0.02,ok,0.04
ore_ont_16235,ok,3.10,ok,3.14
ore_ont_16255,ok,0.05,ok,0.04
ore_ont_16267,ok,0.02,ok,0.03
ore_ont_16268,ok,0.03,ok,0.02
ore_ont_16274,ok,0.50,ok,0.49
ore_ont_16283,ok,0.63,ok,0.63
ore_ont_16286,ok,5.24,ok,5.21
ore_ont_16289,ok,0.01,ok,0.02
ore_ont_16299,ok,0.16,ok,0.19
ore_ont_16303,ok,0.83,ok,0.84
ore_ont_16312,ok,0.03,ok,0.05
ore_ont_16315,ok,4.33,ok,4.23
ore_ont_16321,ok,0.04,ok,0.06
ore_ont_1634,dnf,60.01,dnf,60.01
ore_ont_16351,ok,0.02,ok,0.02
ore_ont_16359,ok,0.02,ok,0.03
ore_ont_16371,dnf,60.00,dnf,60.00
ore_ont_16372,ok,8.69,ok,10.72
ore_ont_16414,ok,4.51,ok,4.79
ore_ont_16420,dnf,60.01,dnf,60.04
ore_ont_16425,ok,0.02,ok,0.14
ore_ont_16428,ok,5.09,ok,5.15
ore_ont_16444,dnf,60.02,dnf,60.07
ore_ont_16453,ok,0.12,ok,0.17
ore_ont_16457,ok,6.52,ok,6.39
ore_ont_1646,ok,1.28,ok,1.03
ore_ont_16461,ok,0.02,ok,0.04
ore_ont_16462,dnf,60.08,dnf,60.07
ore_ont_16481,ok,45.07,ok,1.14
ore_ont_165,ok,0.03,ok,0.03
ore_ont_16501,ok,0.04,ok,0.04
ore_ont_16509,ok,0.17,ok,0.18
ore_ont_16511,ok,0.72,ok,0.72
ore_ont_16519,ok,1.54,ok,1.56
ore_ont_16535,ok,0.14,ok,0.13
ore_ont_16542,ok,0.78,ok,0.79
ore_ont_16547,ok,0.15,ok,0.12
ore_ont_16558,ok,0.10,ok,0.11
ore_ont_16559,ok,0.28,ok,0.28
ore_ont_16565,ok,0.22,ok,0.24
ore_ont_16586,ok,6.25,ok,6.08
ore_ont_16594,ok,0.15,ok,0.02
ore_ont_16596,ok,2.94,ok,2.86
ore_ont_16610,ok,0.10,ok,0.12
ore_ont_16617,ok,0.23,ok,0.24
ore_ont_16619,ok,0.35,ok,0.39
ore_ont_1662,ok,0.04,ok,0.03
ore_ont_16626,ok,0.03,ok,0.02
ore_ont_16630,ok,0.02,ok,0.04
ore_ont_16632,ok,8.87,ok,8.71
ore_ont_16642,ok,0.22,ok,0.25
ore_ont_1666,ok,0.11,ok,0.16
ore_ont_16666,ok,1.34,ok,1.33
ore_ont_16669,ok,0.28,ok,0.28
ore_ont_16670,ok,0.02,ok,0.04
ore_ont_16680,dnf,60.08,dnf,60.06
ore_ont_16684,ok,1.00,ok,1.01
ore_ont_16687,ok,0.60,ok,0.62
ore_ont_16701,ok,4.51,ok,4.52
ore_ont_16703,ok,0.61,ok,0.62
ore_ont_16708,ok,0.05,ok,0.05
ore_ont_1672,ok,0.11,ok,0.15
ore_ont_16723,ok,0.02,ok,0.02
ore_ont_1673,dnf,60.11,dnf,60.09
ore_ont_16730,ok,0.02,ok,0.02
ore_ont_16738,ok,0.27,ok,0.24
ore_ont_16744,dnf,60.08,dnf,60.09
ore_ont_16746,ok,0.38,ok,0.37
ore_ont_16750,ok,0.11,ok,0.12
ore_ont_16759,ok,0.22,ok,0.24
ore_ont_16767,ok,0.76,ok,0.75
ore_ont_16777,ok,0.02,ok,0.03
ore_ont_16800,ok,20.20,ok,31.42
ore_ont_16806,ok,0.07,ok,0.07
ore_ont_16814,ok,0.02,ok,0.02
ore_ont_16821,ok,0.02,ok,0.02
ore_ont_16822,ok,0.22,ok,0.22
ore_ont_16827,ok,0.02,ok,0.04
ore_ont_16829,ok,1.99,ok,2.02
ore_ont_16847,ok,0.65,ok,0.42
ore_ont_1685,ok,2.03,ok,2.05
ore_ont_16850,ok,0.03,ok,0.02
ore_ont_16853,ok,1.92,ok,1.94
ore_ont_16855,ok,0.02,ok,0.02
ore_ont_1705,ok,0.02,ok,0.04
ore_ont_1707,dnf,60.00,ok,19.20
ore_ont_1728,ok,0.03,ok,0.05
ore_ont_1734,ok,22.83,ok,23.77
ore_ont_1743,ok,0.23,ok,0.24
ore_ont_1746,ok,0.03,ok,0.03
ore_ont_1756,ok,0.03,ok,0.02
ore_ont_1767,ok,0.22,ok,0.21
ore_ont_178,ok,0.02,ok,0.02
ore_ont_1784,ok,0.06,ok,0.08
ore_ont_1790,ok,0.21,ok,0.23
ore_ont_1793,ok,0.02,ok,0.02
ore_ont_1820,ok,1.57,ok,1.58
ore_ont_1821,ok,1.72,ok,1.78
ore_ont_1823,ok,0.07,ok,0.07
ore_ont_1833,dnf,60.72,dnf,60.57
ore_ont_1834,ok,0.05,ok,0.04
ore_ont_1840,ok,0.96,ok,0.95
ore_ont_185,ok,0.09,ok,0.08
ore_ont_1853,ok,0.02,ok,0.02
ore_ont_1866,ok,0.02,ok,0.02
ore_ont_1869,ok,0.01,ok,0.03
ore_ont_1870,ok,0.21,ok,0.20
ore_ont_1886,ok,1.87,ok,1.85
ore_ont_1898,ok,0.02,ok,0.05
ore_ont_1902,ok,0.02,ok,0.03
ore_ont_191,ok,1.35,ok,1.34
ore_ont_1931,ok,0.06,ok,0.08
ore_ont_1938,dnf,60.07,dnf,60.06
ore_ont_1944,ok,0.02,ok,0.03
ore_ont_1954,ok,0.22,ok,0.21
ore_ont_1958,ok,13.91,ok,2.56
ore_ont_1965,ok,0.22,ok,0.24
ore_ont_1966,ok,5.09,ok,5.17
ore_ont_1967,ok,0.02,ok,0.02
ore_ont_1970,ok,0.12,ok,0.13
ore_ont_1988,ok,0.02,ok,0.03
ore_ont_1997,ok,2.79,ok,1.28
ore_ont_20,dnf,60.05,ok,3.19
ore_ont_2011,ok,0.03,ok,0.06
ore_ont_2012,ok,0.05,ok,0.04
ore_ont_2017,ok,0.02,ok,0.05
ore_ont_202,ok,0.03,ok,0.02
ore_ont_2020,ok,0.35,ok,0.37
ore_ont_2022,ok,0.04,ok,0.04
ore_ont_2036,ok,0.01,ok,0.03
ore_ont_2038,ok,0.01,ok,0.03
ore_ont_2046,ok,1.60,ok,1.57
ore_ont_205,dnf,60.01,dnf,60.01
ore_ont_2063,ok,0.03,ok,0.04
ore_ont_2066,ok,0.02,ok,0.04
ore_ont_2082,ok,2.27,ok,2.25
ore_ont_2105,ok,0.25,ok,0.26
ore_ont_2111,dnf,60.04,dnf,60.04
ore_ont_2121,ok,23.11,ok,23.55
ore_ont_2128,ok,0.21,ok,0.30
ore_ont_2129,ok,0.13,ok,0.35
ore_ont_2134,ok,1.77,ok,1.72
ore_ont_2142,ok,1.29,ok,1.19
ore_ont_218,ok,1.13,ok,1.02
ore_ont_2182,ok,42.07,ok,1.04
ore_ont_2195,ok,0.15,ok,0.04
ore_ont_22,ok,0.29,ok,0.17
ore_ont_2213,ok,0.21,ok,0.24
ore_ont_2228,ok,0.02,ok,0.02
ore_ont_2229,ok,0.01,ok,0.04
ore_ont_2232,ok,23.54,ok,22.71
ore_ont_2237,ok,0.02,ok,0.12
ore_ont_2243,ok,2.48,ok,2.46
ore_ont_2253,ok,2.06,ok,2.00
ore_ont_2266,ok,0.21,ok,0.07
ore_ont_2291,ok,2.31,ok,2.30
ore_ont_2302,dnf,60.09,dnf,60.06
ore_ont_2303,ok,0.06,ok,0.03
ore_ont_231,ok,0.04,ok,0.03
ore_ont_2313,ok,2.50,ok,2.34
ore_ont_2317,ok,0.22,ok,0.37
ore_ont_2318,ok,0.26,ok,0.39
ore_ont_2333,ok,0.16,ok,0.29
ore_ont_2338,ok,0.03,ok,0.13
ore_ont_236,ok,0.13,ok,0.13
ore_ont_2360,ok,0.23,ok,0.40
ore_ont_2361,ok,2.61,ok,2.63
ore_ont_237,ok,0.04,ok,0.74
ore_ont_2377,ok,0.06,ok,0.11
ore_ont_2378,ok,0.04,ok,0.12
ore_ont_239,dnf,60.01,dnf,60.01
ore_ont_2397,ok,1.24,ok,1.22
ore_ont_2415,ok,19.22,ok,17.57
ore_ont_2440,ok,0.20,ok,0.10
ore_ont_2453,ok,0.21,ok,0.07
ore_ont_2454,ok,0.17,ok,0.10
ore_ont_2456,ok,0.11,ok,0.04
ore_ont_2469,ok,1.68,ok,1.57
ore_ont_2485,ok,0.02,ok,0.04
ore_ont_2486,ok,10.79,ok,10.69
ore_ont_2488,ok,0.04,ok,0.03
ore_ont_2491,ok,0.30,ok,0.30
ore_ont_2496,ok,0.04,ok,0.06
ore_ont_2497,ok,0.22,ok,0.24
ore_ont_2504,dnf,60.31,dnf,60.26
ore_ont_2513,ok,3.01,ok,2.90
ore_ont_2526,ok,0.02,ok,0.03
ore_ont_253,ok,0.29,ok,0.29
ore_ont_2531,ok,0.24,ok,0.25
ore_ont_2548,ok,0.34,ok,0.31
ore_ont_2556,ok,0.02,ok,0.02
ore_ont_2557,ok,0.01,ok,0.03
ore_ont_2569,ok,0.07,ok,0.08
ore_ont_257,ok,0.18,ok,0.18
ore_ont_2574,ok,59.11,ok,56.26
ore_ont_2577,ok,10.38,ok,10.87
ore_ont_2578,ok,3.64,ok,3.61
ore_ont_258,ok,0.04,ok,0.02
ore_ont_259,ok,0.21,ok,0.25
ore_ont_2591,ok,0.21,ok,0.24
ore_ont_260,ok,0.23,ok,0.23
ore_ont_2604,ok,0.18,ok,0.17
ore_ont_2608,ok,0.02,ok,0.05
ore_ont_2612,ok,0.06,ok,0.06
ore_ont_2622,ok,2.31,ok,2.42
ore_ont_2624,ok,0.18,ok,0.18
ore_ont_2627,ok,0.74,ok,0.76
ore_ont_2632,ok,12.29,ok,12.36
ore_ont_264,ok,0.16,ok,0.17
ore_ont_2646,ok,0.03,ok,0.05
ore_ont_2652,ok,0.06,ok,0.05
ore_ont_2654,ok,0.02,ok,0.03
ore_ont_2656,ok,0.33,ok,0.30
ore_ont_2658,ok,0.83,ok,0.82
ore_ont_2661,ok,0.62,ok,0.56
ore_ont_2662,ok,0.02,ok,0.04
ore_ont_2664,ok,0.20,ok,0.22
ore_ont_2669,ok,0.02,ok,0.04
ore_ont_2672,ok,0.02,ok,0.03
ore_ont_2677,ok,0.21,ok,0.21
ore_ont_2678,ok,0.03,ok,0.04
ore_ont_269,ok,0.69,ok,0.69
ore_ont_2697,ok,0.01,ok,0.04
ore_ont_2700,ok,0.21,ok,0.24
ore_ont_2703,ok,0.15,ok,0.18
ore_ont_2713,ok,0.03,ok,0.04
ore_ont_2719,ok,0.24,ok,0.24
ore_ont_2720,ok,0.05,ok,0.05
ore_ont_2738,dnf,60.03,dnf,60.02
ore_ont_2744,ok,0.04,ok,0.03
ore_ont_2749,ok,0.13,ok,0.14
ore_ont_2753,ok,0.02,ok,0.05
ore_ont_2775,ok,0.02,ok,0.04
ore_ont_2783,ok,0.20,ok,0.22
ore_ont_2792,ok,1.13,ok,1.12
ore_ont_2803,ok,7.74,ok,7.68
ore_ont_2817,ok,0.21,ok,0.23
ore_ont_2820,ok,1.35,ok,1.35
ore_ont_2826,ok,7.10,ok,0.27
ore_ont_2828,ok,4.37,ok,4.38
ore_ont_283,ok,1.43,ok,1.42
ore_ont_2837,ok,0.02,ok,0.02
ore_ont_2848,ok,0.15,ok,0.15
ore_ont_2860,ok,0.03,ok,0.04
ore_ont_2874,dnf,60.05,dnf,60.03
ore_ont_2876,ok,0.04,ok,0.04
ore_ont_290,ok,0.22,ok,0.22
ore_ont_2901,dnf,60.01,dnf,60.00
ore_ont_2936,ok,0.02,ok,0.03
ore_ont_2950,ok,0.10,ok,0.10
ore_ont_2989,ok,0.04,ok,0.05
ore_ont_3003,ok,0.07,ok,0.04
ore_ont_3010,ok,6.25,ok,0.27
ore_ont_3022,ok,0.03,ok,0.04
ore_ont_304,ok,0.04,ok,0.03
ore_ont_3050,ok,0.22,ok,0.21
ore_ont_3053,ok,0.02,ok,0.02
ore_ont_3060,ok,0.02,ok,0.03
ore_ont_307,ok,0.12,ok,0.15
ore_ont_3077,ok,2.46,ok,2.30
ore_ont_3080,dnf,60.08,dnf,60.08
ore_ont_3082,ok,0.02,ok,0.03
ore_ont_3087,ok,4.86,ok,4.90
ore_ont_3100,ok,4.54,ok,4.47
ore_ont_3102,ok,0.06,ok,0.07
ore_ont_3106,ok,0.15,ok,0.17
ore_ont_3114,ok,0.21,ok,0.21
ore_ont_3128,ok,0.02,ok,0.03
ore_ont_3133,ok,3.60,ok,3.33
ore_ont_3156,ok,6.15,ok,0.26
ore_ont_316,ok,0.04,ok,0.05
ore_ont_3164,ok,2.11,ok,2.11
ore_ont_3177,ok,0.13,ok,0.37
ore_ont_318,ok,4.44,ok,4.55
ore_ont_3205,ok,0.04,ok,0.05
ore_ont_3214,ok,0.20,ok,0.21
ore_ont_3215,dnf,60.03,dnf,60.03
ore_ont_3231,ok,0.10,ok,0.09
ore_ont_3237,dnf,60.02,dnf,60.02
ore_ont_3238,ok,0.18,ok,0.25
ore_ont_3241,ok,0.11,ok,0.37
ore_ont_3250,ok,32.05,ok,2.00
ore_ont_3255,ok,0.30,ok,0.31
ore_ont_3258,ok,0.05,ok,0.07
ore_ont_3259,ok,0.02,ok,0.04
ore_ont_3260,ok,0.01,ok,0.03
ore_ont_3262,ok,12.59,ok,2.97
ore_ont_3263,ok,0.05,ok,0.08
ore_ont_3270,ok,0.02,ok,0.03
ore_ont_3274,ok,2.89,ok,2.87
ore_ont_3281,ok,4.04,ok,4.03
ore_ont_3282,ok,14.73,ok,15.46
ore_ont_3292,ok,0.07,ok,0.03
ore_ont_33,ok,0.46,ok,0.26
ore_ont_330,ok,0.28,ok,0.16
ore_ont_3301,ok,0.04,ok,0.05
ore_ont_3313,ok,0.05,ok,0.05
ore_ont_3329,ok,0.22,ok,0.22
ore_ont_3330,ok,0.02,ok,0.02
ore_ont_3341,ok,0.02,ok,0.01
ore_ont_3344,ok,0.03,ok,0.06
ore_ont_3349,ok,0.03,ok,0.04
ore_ont_3352,ok,0.04,ok,0.03
ore_ont_3357,ok,0.26,ok,0.25
ore_ont_336,ok,0.22,ok,0.26
ore_ont_3377,ok,18.51,ok,19.03
ore_ont_338,ok,0.03,ok,0.02
ore_ont_3381,ok,0.20,ok,0.21
ore_ont_3406,ok,0.80,ok,0.80
ore_ont_3411,ok,0.03,ok,0.04
ore_ont_3414,ok,8.54,ok,8.45
ore_ont_3418,ok,0.14,ok,0.04
ore_ont_345,dnf,60.09,dnf,60.06
ore_ont_3455,ok,0.25,ok,0.03
ore_ont_3463,ok,0.16,ok,0.01
ore_ont_3480,ok,0.46,ok,0.36
ore_ont_3484,ok,0.18,ok,0.07
ore_ont_3500,ok,0.20,ok,0.24
ore_ont_3503,ok,0.07,ok,0.08
ore_ont_3504,ok,0.02,ok,0.02
ore_ont_3508,ok,6.42,ok,6.32
ore_ont_3515,ok,0.04,ok,0.04
ore_ont_3516,ok,0.16,ok,0.16
ore_ont_3524,ok,23.50,ok,22.20
ore_ont_3529,ok,0.18,ok,0.19
ore_ont_3545,ok,0.03,ok,0.06
ore_ont_3550,ok,0.05,ok,0.06
ore_ont_3560,ok,6.15,ok,6.09
ore_ont_3561,ok,0.27,ok,0.28
ore_ont_3562,ok,13.25,ok,13.34
ore_ont_3566,ok,0.14,ok,0.13
ore_ont_3575,dnf,60.05,dnf,60.05
ore_ont_3584,ok,0.22,ok,0.26
ore_ont_3592,ok,0.01,ok,0.05
ore_ont_360,ok,0.15,ok,0.13
ore_ont_3635,ok,0.07,ok,0.06
ore_ont_3639,ok,0.02,ok,0.01
ore_ont_3640,ok,0.08,ok,0.09
ore_ont_3658,ok,3.68,ok,3.55
ore_ont_3671,ok,0.02,ok,0.03
ore_ont_3680,ok,0.44,ok,0.45
ore_ont_3685,ok,0.05,ok,0.08
ore_ont_3696,ok,3.11,ok,2.98
ore_ont_3708,ok,0.14,ok,0.03
ore_ont_3712,ok,0.38,ok,0.22
ore_ont_3726,ok,0.09,ok,0.04
ore_ont_3733,ok,33.28,ok,33.14
ore_ont_3737,ok,1.37,ok,1.35
ore_ont_3770,ok,0.02,ok,0.03
ore_ont_3771,ok,0.06,ok,0.09
ore_ont_3775,ok,0.04,ok,0.02
ore_ont_3780,ok,0.03,ok,0.03
ore_ont_3781,ok,0.11,ok,0.13
ore_ont_3783,ok,0.10,ok,0.11
ore_ont_3784,ok,0.11,ok,0.12
ore_ont_3789,ok,0.02,ok,0.08
ore_ont_3794,dnf,60.10,dnf,60.09
ore_ont_3795,ok,0.22,ok,0.22
ore_ont_3797,ok,0.17,ok,0.18
ore_ont_380,ok,0.03,ok,0.05
ore_ont_3806,ok,0.03,ok,0.04
ore_ont_3816,ok,0.77,ok,0.76
ore_ont_3832,ok,0.02,ok,0.04
ore_ont_3835,ok,0.03,ok,0.03
ore_ont_3836,ok,15.71,ok,15.52
ore_ont_3839,ok,0.23,ok,0.27
ore_ont_3842,ok,0.01,ok,0.04
ore_ont_3843,ok,0.03,ok,0.04
ore_ont_385,ok,0.02,ok,0.03
ore_ont_3852,ok,0.02,ok,0.04
ore_ont_3873,ok,1.78,ok,1.70
ore_ont_3884,ok,0.02,ok,0.05
ore_ont_3892,ok,0.02,ok,0.05
ore_ont_3905,ok,0.20,ok,0.21
ore_ont_3909,ok,0.02,ok,0.01
ore_ont_3910,ok,0.03,ok,0.03
ore_ont_3914,ok,10.09,ok,10.12
ore_ont_3916,ok,0.15,ok,0.13
ore_ont_3917,ok,1.80,ok,1.81
ore_ont_3919,ok,0.39,ok,0.37
ore_ont_3931,ok,0.29,ok,0.28
ore_ont_3936,ok,0.01,ok,0.05
ore_ont_394,ok,0.03,ok,0.05
ore_ont_3954,ok,1.09,ok,1.09
ore_ont_3966,ok,0.03,ok,0.04
ore_ont_3968,ok,0.04,ok,0.06
ore_ont_3978,ok,0.03,ok,0.06
ore_ont_3987,ok,0.02,ok,0.03
ore_ont_399,ok,0.20,ok,0.19
ore_ont_4006,ok,0.94,ok,0.90
ore_ont_4032,ok,0.04,ok,0.05
ore_ont_4033,ok,0.93,ok,0.95
ore_ont_4035,ok,0.03,ok,0.05
ore_ont_4049,ok,0.39,ok,0.40
ore_ont_4054,ok,3.68,ok,3.90
ore_ont_4074,ok,0.02,ok,0.05
ore_ont_4092,ok,0.21,ok,0.23
ore_ont_4106,ok,0.02,ok,0.03
ore_ont_412,ok,0.18,ok,0.21
ore_ont_4127,ok,0.23,ok,0.26
ore_ont_4133,ok,0.03,ok,0.03
ore_ont_4141,dnf,60.78,dnf,60.54
ore_ont_4162,ok,0.21,ok,0.30
ore_ont_4166,ok,1.05,ok,1.03
ore_ont_4178,ok,0.37,ok,0.36
ore_ont_4182,ok,0.08,ok,0.08
ore_ont_4187,ok,2.87,ok,2.84
ore_ont_4188,ok,0.21,ok,0.26
ore_ont_4193,ok,0.02,ok,0.02
ore_ont_4198,ok,0.11,ok,0.11
ore_ont_420,ok,0.01,ok,0.05
ore_ont_4205,ok,5.91,ok,5.86
ore_ont_4208,dnf,60.08,dnf,60.06
ore_ont_4210,ok,0.71,ok,0.29
ore_ont_4223,ok,0.18,ok,0.23
ore_ont_4226,ok,0.26,ok,0.21
ore_ont_4233,ok,3.17,ok,3.15
ore_ont_4235,ok,0.39,ok,0.37
ore_ont_4242,ok,0.84,ok,0.89
ore_ont_4260,ok,0.13,ok,0.11
ore_ont_4261,ok,0.03,ok,0.04
ore_ont_4263,ok,0.22,ok,0.24
ore_ont_4279,ok,0.05,ok,0.05
ore_ont_430,ok,0.02,ok,0.05
ore_ont_4313,ok,0.02,ok,0.05
ore_ont_4315,ok,0.02,ok,0.05
ore_ont_4354,ok,0.04,ok,0.06
ore_ont_4363,ok,0.21,ok,0.24
ore_ont_4382,ok,0.01,ok,0.03
ore_ont_4383,ok,0.05,ok,0.09
ore_ont_4388,ok,0.02,ok,0.06
ore_ont_4400,ok,0.05,ok,0.03
ore_ont_4410,ok,2.48,ok,2.48
ore_ont_4412,dnf,60.05,dnf,60.05
ore_ont_4423,ok,0.22,ok,0.24
ore_ont_4428,ok,0.02,ok,0.03
ore_ont_4429,ok,0.20,ok,0.24
ore_ont_443,ok,0.58,ok,0.55
ore_ont_4460,ok,0.39,ok,0.25
ore_ont_4469,ok,0.04,ok,0.06
ore_ont_4487,ok,1.14,ok,1.14
ore_ont_4503,ok,0.15,ok,0.16
ore_ont_4510,ok,2.17,ok,2.42
ore_ont_4515,ok,0.22,ok,0.22
ore_ont_4516,ok,0.07,ok,0.07
ore_ont_4527,ok,0.05,ok,0.09
ore_ont_4557,ok,1.87,ok,1.78
ore_ont_4567,ok,1.66,ok,1.86
ore_ont_457,ok,0.03,ok,0.08
ore_ont_4570,ok,0.48,ok,0.60
ore_ont_4572,dnf,60.02,dnf,60.02
ore_ont_4577,ok,1.80,ok,1.74
ore_ont_4578,ok,0.17,ok,0.15
ore_ont_4581,ok,0.22,ok,0.24
ore_ont_4587,ok,0.24,ok,0.24
ore_ont_4598,ok,5.43,ok,5.42
ore_ont_4604,dnf,60.06,dnf,60.05
ore_ont_4609,ok,3.17,ok,3.34
ore_ont_4610,ok,0.12,ok,0.26
ore_ont_4616,ok,0.68,ok,0.76
ore_ont_4617,ok,1.31,ok,1.28
ore_ont_4639,ok,0.30,ok,0.25
ore_ont_4652,ok,0.04,ok,0.07
ore_ont_4655,ok,0.30,ok,0.07
ore_ont_4662,ok,0.26,ok,0.23
ore_ont_4668,ok,0.13,ok,0.03
ore_ont_4669,dnf,60.03,dnf,60.03
ore_ont_4671,ok,0.02,ok,0.02
ore_ont_4719,ok,0.02,ok,0.07
ore_ont_4724,ok,0.01,ok,0.03
ore_ont_4732,ok,0.21,ok,0.25
ore_ont_4733,ok,0.22,ok,0.23
ore_ont_4737,ok,0.10,ok,0.11
ore_ont_4744,ok,4.54,ok,4.59
ore_ont_4755,ok,3.90,ok,3.92
ore_ont_4767,ok,0.02,ok,0.02
ore_ont_4770,ok,0.24,ok,0.25
ore_ont_4775,ok,0.26,ok,0.26
ore_ont_4780,ok,0.26,ok,0.30
ore_ont_4782,ok,1.44,ok,1.48
ore_ont_4796,dnf,60.01,ok,38.84
ore_ont_4798,ok,0.08,ok,0.08
ore_ont_480,ok,0.03,ok,0.03
ore_ont_4802,ok,4.22,ok,4.12
ore_ont_4827,dnf,60.02,ok,38.13
ore_ont_4834,ok,0.42,ok,0.27
ore_ont_4855,ok,0.11,ok,0.03
ore_ont_4856,ok,0.03,ok,0.03
ore_ont_4875,ok,0.22,ok,0.03
ore_ont_4897,ok,0.10,ok,0.02
ore_ont_4898,ok,0.12,ok,0.04
ore_ont_4903,ok,57.46,ok,10.95
ore_ont_4911,ok,12.95,ok,13.02
ore_ont_4917,ok,0.85,ok,0.96
ore_ont_4918,ok,0.16,ok,0.03
ore_ont_4936,ok,0.04,ok,0.03
ore_ont_4938,ok,0.60,ok,0.41
ore_ont_4952,ok,1.59,ok,1.59
ore_ont_4958,ok,0.24,ok,0.22
ore_ont_4961,ok,0.05,ok,0.06
ore_ont_4983,ok,0.04,ok,0.04
ore_ont_5002,ok,0.13,ok,0.15
ore_ont_5014,ok,0.03,ok,0.04
ore_ont_5033,ok,0.02,ok,0.04
ore_ont_5057,ok,0.02,ok,0.05
ore_ont_5059,ok,0.85,ok,0.88
ore_ont_507,ok,0.06,ok,0.07
ore_ont_5074,ok,0.02,ok,0.02
ore_ont_5078,ok,0.04,ok,0.04
ore_ont_508,ok,0.02,ok,0.04
ore_ont_5080,ok,0.05,ok,0.04
ore_ont_5089,ok,0.02,ok,0.03
ore_ont_509,ok,0.11,ok,0.11
ore_ont_5090,ok,0.01,ok,0.03
ore_ont_5092,ok,0.21,ok,0.24
ore_ont_5103,ok,0.53,ok,0.54
ore_ont_5107,ok,0.82,ok,6.66
ore_ont_5115,ok,0.21,ok,0.24
ore_ont_5141,dnf,60.03,dnf,60.03
ore_ont_5149,ok,0.07,ok,0.07
ore_ont_5159,ok,0.02,ok,0.02
ore_ont_5162,dnf,60.03,dnf,60.03
ore_ont_5164,ok,0.02,ok,0.02
ore_ont_5184,ok,0.03,ok,0.03
ore_ont_5188,ok,0.29,ok,0.29
ore_ont_5193,ok,0.56,ok,0.60
ore_ont_5197,ok,0.09,ok,0.08
ore_ont_5204,ok,0.02,ok,0.03
ore_ont_5205,ok,0.01,ok,0.03
ore_ont_5206,ok,0.04,ok,0.03
ore_ont_5213,ok,0.04,ok,0.06
ore_ont_5216,ok,0.03,ok,0.03
ore_ont_5218,dnf,60.05,dnf,60.04
ore_ont_5220,ok,0.03,ok,0.04
ore_ont_524,ok,0.05,ok,0.07
ore_ont_5241,ok,0.07,ok,0.09
ore_ont_5253,ok,2.33,ok,2.28
ore_ont_5255,ok,0.02,ok,0.03
ore_ont_5258,ok,0.02,ok,0.03
ore_ont_5260,dnf,60.02,dnf,60.02
ore_ont_5263,ok,0.02,ok,0.02
ore_ont_5266,ok,0.04,ok,0.04
ore_ont_5289,ok,23.80,ok,23.94
ore_ont_5292,ok,0.02,ok,0.04
ore_ont_5295,ok,3.62,ok,3.62
ore_ont_5298,ok,0.22,ok,0.23
ore_ont_5303,ok,2.78,ok,1.22
ore_ont_5324,ok,0.03,ok,0.04
ore_ont_5358,ok,3.70,ok,3.73
ore_ont_5359,ok,4.46,ok,4.85
ore_ont_5368,dnf,61.06,dnf,60.84
ore_ont_5376,ok,0.03,ok,0.05
ore_ont_5398,ok,0.19,ok,0.24
ore_ont_5404,ok,0.05,ok,0.05
ore_ont_541,ok,0.09,ok,0.06
ore_ont_5418,ok,4.85,ok,5.14
ore_ont_5438,dnf,60.03,dnf,60.04
ore_ont_544,ok,0.05,ok,0.08
ore_ont_5448,ok,0.22,ok,0.25
ore_ont_5462,ok,0.11,ok,0.12
ore_ont_5475,ok,7.99,ok,7.91
ore_ont_5481,ok,5.82,ok,6.12
ore_ont_5485,ok,0.05,ok,0.06
ore_ont_5487,ok,0.30,ok,0.31
ore_ont_5492,ok,0.16,ok,0.16
ore_ont_5502,ok,0.62,ok,0.54
ore_ont_5507,ok,0.20,ok,0.23
ore_ont_5509,ok,0.02,ok,0.04
ore_ont_5519,ok,6.28,ok,6.31
ore_ont_5539,ok,0.04,ok,0.08
ore_ont_5543,ok,0.22,ok,0.20
ore_ont_5544,ok,0.43,ok,0.46
ore_ont_5548,dnf,60.03,dnf,60.04
ore_ont_5549,ok,2.62,ok,2.63
ore_ont_5550,ok,0.07,ok,0.08
ore_ont_5564,ok,0.06,ok,0.05
ore_ont_5566,ok,2.40,ok,2.47
ore_ont_5572,ok,0.03,ok,0.13
ore_ont_5596,ok,1.51,ok,1.53
ore_ont_5602,ok,1.89,ok,1.90
ore_ont_5604,ok,0.04,ok,0.05
ore_ont_5612,ok,11.68,ok,12.58
ore_ont_5617,ok,34.43,ok,32.40
ore_ont_5646,ok,0.02,ok,0.03
ore_ont_566,ok,0.04,ok,0.06
ore_ont_5664,ok,0.27,ok,0.25
ore_ont_5665,ok,0.02,ok,0.02
ore_ont_5669,ok,0.09,ok,0.12
ore_ont_5679,ok,0.03,ok,0.07
ore_ont_568,ok,0.03,ok,0.03
ore_ont_5688,ok,0.05,ok,0.09
ore_ont_5690,ok,0.12,ok,0.15
ore_ont_5695,ok,0.18,ok,0.20
ore_ont_5696,ok,0.02,ok,0.01
ore_ont_5707,ok,0.21,ok,0.22
ore_ont_572,ok,0.34,ok,0.36
ore_ont_5721,ok,0.10,ok,0.12
ore_ont_5730,ok,0.26,ok,0.25
ore_ont_5742,ok,0.02,ok,0.03
ore_ont_5753,ok,0.88,ok,0.86
ore_ont_5755,ok,1.12,ok,1.16
ore_ont_5760,ok,2.30,ok,2.31
ore_ont_5764,dnf,60.00,dnf,60.00
ore_ont_5769,ok,1.31,ok,1.29
ore_ont_5774,ok,0.03,ok,0.04
ore_ont_5781,ok,0.95,ok,0.97
ore_ont_5792,ok,0.14,ok,0.15
ore_ont_580,ok,0.03,ok,0.02
ore_ont_5815,ok,0.41,ok,0.42
ore_ont_5834,ok,7.08,ok,0.36
ore_ont_5840,ok,2.12,ok,2.25
ore_ont_5841,ok,0.44,ok,0.21
ore_ont_5849,ok,14.62,ok,13.85
ore_ont_5852,ok,0.01,ok,0.04
ore_ont_5857,dnf,60.08,dnf,60.08
ore_ont_586,ok,0.05,ok,0.07
ore_ont_589,ok,0.42,ok,0.43
ore_ont_5894,ok,0.12,ok,0.15
ore_ont_5927,ok,3.90,ok,3.94
ore_ont_5932,ok,0.02,ok,0.02
ore_ont_5940,ok,0.05,ok,0.04
ore_ont_5943,ok,0.21,ok,0.21
ore_ont_5964,ok,41.29,ok,2.70
ore_ont_5965,ok,0.20,ok,0.21
ore_ont_5966,ok,0.02,ok,0.04
ore_ont_5974,ok,0.22,ok,0.20
ore_ont_5978,ok,0.03,ok,0.03
ore_ont_5983,ok,0.06,ok,0.04
ore_ont_6009,ok,1.84,ok,1.87
ore_ont_6020,ok,0.12,ok,0.14
ore_ont_6024,ok,0.02,ok,0.03
ore_ont_6035,ok,0.35,ok,0.37
ore_ont_6060,ok,0.22,ok,0.24
ore_ont_6065,ok,0.48,ok,0.48
ore_ont_6067,ok,0.03,ok,0.04
ore_ont_6076,ok,0.38,ok,0.37
ore_ont_6102,ok,0.27,ok,0.27
ore_ont_6108,ok,4.19,ok,4.00
ore_ont_6109,ok,0.18,ok,0.19
ore_ont_6111,ok,2.03,ok,2.07
ore_ont_6120,ok,1.31,ok,1.31
ore_ont_6132,ok,33.83,ok,20.25
ore_ont_6134,dnf,60.09,dnf,60.05
ore_ont_6146,ok,0.10,ok,0.11
ore_ont_6149,ok,0.03,ok,0.05
ore_ont_6198,ok,0.34,ok,0.32
ore_ont_6202,ok,0.21,ok,0.21
ore_ont_6207,ok,0.03,ok,0.06
ore_ont_6212,ok,13.37,ok,13.60
ore_ont_6223,ok,4.56,ok,4.69
ore_ont_6226,ok,0.04,ok,0.06
ore_ont_6230,ok,0.15,ok,0.15
ore_ont_6233,ok,5.31,ok,5.64
ore_ont_6234,ok,2.27,ok,2.42
ore_ont_6246,ok,0.45,ok,0.53
ore_ont_6258,ok,0.08,ok,0.11
ore_ont_6260,ok,0.02,ok,0.03
ore_ont_6266,ok,0.22,ok,0.24
ore_ont_6272,ok,7.22,ok,0.19
ore_ont_6278,ok,0.04,ok,0.06
ore_ont_6298,ok,0.11,ok,0.09
ore_ont_630,ok,0.02,ok,0.02
ore_ont_6310,ok,0.69,ok,0.67
ore_ont_6315,ok,4.31,ok,4.43
ore_ont_6333,dnf,60.15,dnf,60.01
ore_ont_6338,ok,0.14,ok,0.09
ore_ont_6354,ok,0.30,ok,0.46
ore_ont_6358,ok,0.39,ok,0.40
ore_ont_6368,ok,0.14,ok,0.12
ore_ont_637,ok,0.19,ok,0.05
ore_ont_6378,ok,0.11,ok,0.03
ore_ont_6401,ok,0.15,ok,0.15
ore_ont_6409,ok,0.12,ok,0.19
ore_ont_6417,ok,0.03,ok,0.08
ore_ont_6423,ok,0.32,ok,0.63
ore_ont_6433,ok,0.29,ok,0.61
ore_ont_6437,ok,0.10,ok,0.13
ore_ont_644,ok,0.10,ok,0.17
ore_ont_6443,ok,0.27,ok,0.30
ore_ont_6444,ok,0.35,ok,0.35
ore_ont_6446,ok,0.08,ok,0.11
ore_ont_6452,ok,0.21,ok,0.27
ore_ont_6453,ok,0.25,ok,0.22
ore_ont_6461,ok,0.04,ok,0.03
ore_ont_6469,ok,0.22,ok,0.23
ore_ont_6470,ok,0.02,ok,0.06
ore_ont_6477,ok,3.46,ok,3.41
ore_ont_6478,ok,0.65,ok,0.67
ore_ont_6483,ok,0.23,ok,0.30
ore_ont_6485,dnf,60.00,ok,4.03
ore_ont_6495,ok,0.04,ok,0.04
ore_ont_6504,ok,0.26,ok,0.28
ore_ont_6535,ok,0.25,ok,0.24
ore_ont_6542,ok,0.02,ok,0.07
ore_ont_6566,ok,0.05,ok,0.05
ore_ont_6589,ok,0.02,ok,0.03
ore_ont_6608,dnf,60.01,dnf,60.00
ore_ont_6615,ok,0.03,ok,0.04
ore_ont_6617,ok,0.02,ok,0.04
ore_ont_6622,ok,0.19,ok,0.19
ore_ont_6627,dnf,60.07,dnf,60.07
ore_ont_6635,ok,0.02,ok,0.03
ore_ont_6659,ok,0.99,ok,1.04
ore_ont_6664,ok,0.87,ok,0.87
ore_ont_668,ok,1.63,ok,1.65
ore_ont_6682,dnf,60.04,dnf,60.04
ore_ont_6696,ok,0.03,ok,0.04
ore_ont_670,ok,0.04,ok,0.05
ore_ont_6712,dnf,60.02,dnf,60.02
ore_ont_6720,ok,0.04,ok,0.04
ore_ont_6722,ok,1.92,ok,1.87
ore_ont_6726,ok,1.21,ok,1.24
ore_ont_6727,ok,0.14,ok,0.13
ore_ont_6729,ok,0.21,ok,0.22
ore_ont_6735,ok,0.01,ok,0.03
ore_ont_6737,ok,0.06,ok,0.07
ore_ont_6751,ok,0.18,ok,0.21
ore_ont_6765,ok,0.21,ok,0.25
ore_ont_6792,ok,0.11,ok,0.13
ore_ont_6796,ok,0.02,ok,0.02
ore_ont_6800,ok,0.29,ok,0.31
ore_ont_6812,ok,0.03,ok,0.03
ore_ont_6815,ok,0.20,ok,0.23
ore_ont_6816,ok,1.75,ok,1.76
ore_ont_6817,ok,0.05,ok,0.06
ore_ont_6822,ok,0.13,ok,0.19
ore_ont_6833,ok,1.17,ok,1.20
ore_ont_6835,ok,1.59,ok,1.63
ore_ont_6847,ok,0.20,ok,0.24
ore_ont_6855,ok,0.02,ok,0.10
ore_ont_6857,ok,0.04,ok,0.04
ore_ont_6859,ok,0.02,ok,0.04
ore_ont_6862,ok,0.21,ok,0.21
ore_ont_6869,ok,0.22,ok,0.26
ore_ont_6870,ok,0.22,ok,0.24
ore_ont_6889,ok,0.02,ok,0.05
ore_ont_6892,ok,0.23,ok,0.46
ore_ont_6896,ok,2.03,ok,2.27
ore_ont_6905,ok,0.11,ok,0.10
ore_ont_6910,dnf,60.01,dnf,60.00
ore_ont_6923,dnf,60.00,ok,39.23
ore_ont_6934,ok,0.06,ok,0.08
ore_ont_6939,ok,0.04,ok,0.07
ore_ont_6948,ok,12.47,ok,12.64
ore_ont_6951,ok,0.14,ok,0.12
ore_ont_6952,dnf,60.04,dnf,60.05
ore_ont_6967,ok,0.05,ok,0.05
ore_ont_6981,ok,0.03,ok,0.03
ore_ont_6983,ok,0.03,ok,0.03
ore_ont_699,ok,2.46,ok,2.28
ore_ont_6999,ok,0.03,ok,0.02
ore_ont_7003,ok,0.01,ok,0.01
ore_ont_7007,ok,0.62,ok,0.34
ore_ont_7011,ok,46.31,ok,2.34
ore_ont_7014,ok,0.22,ok,0.24
ore_ont_7015,ok,0.12,ok,0.28
ore_ont_7025,ok,0.23,ok,0.30
ore_ont_703,ok,0.02,ok,0.18
ore_ont_7052,ok,0.13,ok,0.21
ore_ont_7073,ok,0.02,ok,0.20
ore_ont_7079,ok,0.22,ok,0.36
ore_ont_7084,ok,0.22,ok,0.22
ore_ont_7102,ok,0.21,ok,0.22
ore_ont_7108,ok,0.13,ok,0.15
ore_ont_7111,dnf,60.03,dnf,60.06
ore_ont_7120,ok,0.06,ok,0.07
ore_ont_7127,dnf,60.02,dnf,60.05
ore_ont_714,ok,0.02,ok,0.25
ore_ont_7169,ok,0.04,ok,0.04
ore_ont_7174,dnf,60.01,dnf,60.01
ore_ont_7178,ok,0.47,ok,0.47
ore_ont_7179,ok,0.04,ok,0.02
ore_ont_7180,ok,0.15,ok,0.16
ore_ont_7188,ok,0.42,ok,0.30
ore_ont_7192,ok,56.75,ok,55.87
ore_ont_7195,ok,0.15,ok,0.16
ore_ont_7203,ok,9.82,ok,9.27
ore_ont_7204,ok,55.41,ok,58.46
ore_ont_7216,ok,0.90,ok,0.89
ore_ont_7218,ok,0.10,ok,0.12
ore_ont_7220,ok,0.03,ok,0.03
ore_ont_7226,ok,0.16,ok,0.17
ore_ont_7234,ok,0.25,ok,0.28
ore_ont_7237,ok,0.20,ok,0.22
ore_ont_7246,dnf,60.06,dnf,60.05
ore_ont_725,ok,0.04,ok,0.05
ore_ont_7251,ok,0.19,ok,0.20
ore_ont_7256,ok,0.83,ok,0.82
ore_ont_727,ok,0.05,ok,0.06
ore_ont_7270,ok,0.02,ok,0.02
ore_ont_7275,ok,0.15,ok,0.14
ore_ont_7278,ok,0.04,ok,0.03
ore_ont_7300,ok,0.90,ok,0.88
ore_ont_7320,ok,0.22,ok,0.22
ore_ont_7327,ok,0.08,ok,0.07
ore_ont_7339,ok,0.02,ok,0.03
ore_ont_7340,ok,2.36,ok,2.31
ore_ont_7342,ok,0.02,ok,0.03
ore_ont_7343,ok,1.31,ok,1.28
ore_ont_7345,ok,0.27,ok,0.26
ore_ont_7356,ok,0.13,ok,0.14
ore_ont_7361,dnf,60.09,dnf,60.08
ore_ont_7364,ok,0.07,ok,0.07
ore_ont_7370,ok,3.24,ok,2.79
ore_ont_7372,ok,0.09,ok,0.09
ore_ont_7373,ok,0.03,ok,0.03
ore_ont_7389,ok,0.37,ok,0.38
ore_ont_7394,ok,0.02,ok,0.02
ore_ont_7399,ok,0.22,ok,0.22
ore_ont_7401,ok,0.70,ok,0.69
ore_ont_7409,dnf,60.06,dnf,60.05
ore_ont_7416,ok,7.92,ok,7.33
ore_ont_7417,ok,0.02,ok,0.02
ore_ont_7418,ok,0.04,ok,0.03
ore_ont_7439,ok,0.17,ok,0.15
ore_ont_7455,ok,1.42,ok,1.42
ore_ont_7464,ok,0.03,ok,0.04
ore_ont_7474,ok,0.21,ok,0.22
ore_ont_7479,ok,0.25,ok,0.45
ore_ont_7482,ok,0.01,ok,0.24
ore_ont_7483,ok,0.09,ok,0.13
ore_ont_7488,ok,0.14,ok,0.16
ore_ont_7493,ok,1.82,ok,2.31
ore_ont_7496,ok,2.06,ok,2.07
ore_ont_7499,dnf,60.03,dnf,60.01
ore_ont_7507,dnf,60.12,dnf,60.06
ore_ont_751,ok,4.17,ok,4.42
ore_ont_7517,ok,0.02,ok,0.04
ore_ont_7525,ok,0.02,ok,0.07
ore_ont_7532,ok,2.79,ok,2.02
ore_ont_7536,ok,0.59,ok,0.58
ore_ont_7537,ok,0.21,ok,0.22
ore_ont_7540,ok,0.84,ok,0.87
ore_ont_7557,ok,16.11,ok,14.44
ore_ont_7567,ok,1.96,ok,2.00
ore_ont_7569,ok,0.22,ok,0.40
ore_ont_7576,ok,0.02,ok,0.10
ore_ont_7578,ok,10.18,ok,10.07
ore_ont_7581,dnf,60.04,dnf,60.03
ore_ont_7584,ok,0.04,ok,0.05
ore_ont_7607,ok,2.59,ok,2.58
ore_ont_7608,ok,0.46,ok,0.43
ore_ont_7610,ok,0.07,ok,0.07
ore_ont_762,ok,8.20,ok,8.13
ore_ont_7639,ok,0.02,ok,0.02
ore_ont_7646,dnf,60.10,dnf,60.06
ore_ont_766,ok,0.07,ok,0.04
ore_ont_7663,ok,0.02,ok,0.02
ore_ont_7668,ok,0.04,ok,0.03
ore_ont_7680,ok,0.07,ok,0.07
ore_ont_770,ok,0.21,ok,0.21
ore_ont_7706,ok,0.47,ok,0.46
ore_ont_7712,dnf,60.02,dnf,60.03
ore_ont_7716,ok,0.37,ok,0.34
ore_ont_7726,ok,0.18,ok,0.20
ore_ont_7728,ok,1.58,ok,1.51
ore_ont_7729,dnf,60.08,dnf,60.09
ore_ont_773,ok,1.04,ok,1.01
ore_ont_7730,ok,0.02,ok,0.05
ore_ont_7743,ok,0.07,ok,0.09
ore_ont_7758,ok,0.21,ok,0.20
ore_ont_7775,ok,3.56,ok,3.66
ore_ont_7776,ok,0.04,ok,0.31
ore_ont_7778,ok,0.05,ok,0.16
ore_ont_778,ok,2.41,ok,1.51
ore_ont_7789,ok,0.17,ok,0.03
ore_ont_7800,ok,0.05,ok,0.02
ore_ont_7803,ok,9.25,ok,10.66
ore_ont_7817,ok,0.11,ok,0.11
ore_ont_7818,ok,0.05,ok,0.04
ore_ont_7820,ok,0.02,ok,0.04
ore_ont_7823,ok,0.22,ok,0.22
ore_ont_7828,dnf,60.00,dnf,60.00
ore_ont_7831,ok,0.40,ok,0.42
ore_ont_7833,ok,0.04,ok,0.04
ore_ont_7839,ok,0.03,ok,0.02
ore_ont_7858,ok,0.23,ok,0.22
ore_ont_786,ok,1.49,ok,1.54
ore_ont_7868,ok,3.65,ok,3.67
ore_ont_7877,ok,0.08,ok,0.09
ore_ont_7890,ok,0.02,ok,0.02
ore_ont_7893,ok,0.17,ok,0.20
ore_ont_7894,ok,0.02,ok,0.03
ore_ont_7901,ok,0.03,ok,0.04
ore_ont_7908,ok,2.87,ok,2.93
ore_ont_7914,dnf,60.02,dnf,60.02
ore_ont_7926,ok,0.21,ok,0.21
ore_ont_7938,ok,0.06,ok,0.06
ore_ont_7944,ok,0.22,ok,0.19
ore_ont_795,ok,4.83,ok,4.82
ore_ont_7956,dnf,60.07,dnf,60.06
ore_ont_7962,ok,0.02,ok,0.02
ore_ont_7969,ok,0.01,ok,0.01
ore_ont_7988,ok,0.03,ok,0.05
ore_ont_7993,ok,2.14,ok,2.20
ore_ont_7995,ok,0.03,ok,0.11
ore_ont_8006,ok,0.07,ok,0.31
ore_ont_8019,ok,0.08,ok,0.16
ore_ont_802,ok,0.14,ok,0.16
ore_ont_8021,ok,0.03,ok,0.09
ore_ont_8030,ok,0.04,ok,0.08
ore_ont_8042,ok,7.12,ok,0.30
ore_ont_8047,ok,0.04,ok,0.04
ore_ont_8050,ok,0.03,ok,0.04
ore_ont_8068,ok,2.39,ok,2.35
ore_ont_8090,ok,0.08,ok,0.08
ore_ont_8094,ok,0.02,ok,0.04
ore_ont_8119,ok,0.02,ok,0.02
ore_ont_8128,ok,0.02,ok,0.01
ore_ont_8135,ok,0.04,ok,0.04
ore_ont_8141,ok,4.49,ok,4.72
ore_ont_8142,ok,0.04,ok,0.06
ore_ont_8145,ok,1.30,ok,1.30
ore_ont_8148,ok,1.20,ok,1.19
ore_ont_8166,ok,0.04,ok,0.03
ore_ont_8169,ok,0.03,ok,0.02
ore_ont_8171,ok,0.37,ok,0.22
ore_ont_8175,ok,0.06,ok,0.05
ore_ont_8187,ok,0.07,ok,0.05
ore_ont_8189,ok,0.01,ok,0.02
ore_ont_8194,dnf,60.06,dnf,60.04
ore_ont_8203,ok,0.08,ok,0.08
ore_ont_8226,ok,0.02,ok,0.05
ore_ont_8250,ok,0.39,ok,0.21
ore_ont_8273,dnf,60.00,dnf,60.00
ore_ont_8280,ok,0.04,ok,0.02
ore_ont_8286,ok,0.21,ok,0.21
ore_ont_8290,ok,0.05,ok,0.07
ore_ont_8294,ok,0.52,ok,0.37
ore_ont_8298,ok,0.10,ok,0.10
ore_ont_8322,ok,0.24,ok,0.22
ore_ont_8326,ok,0.25,ok,0.21
ore_ont_8327,ok,0.02,ok,0.03
ore_ont_8329,ok,0.10,ok,0.11
ore_ont_8335,ok,0.03,ok,0.04
ore_ont_8347,ok,0.21,ok,0.22
ore_ont_8355,ok,0.02,ok,0.02
ore_ont_8359,ok,0.23,ok,0.25
ore_ont_8362,ok,0.02,ok,0.02
ore_ont_8369,ok,0.02,ok,0.03
ore_ont_8377,ok,0.38,ok,0.38
ore_ont_8387,ok,0.06,ok,0.05
ore_ont_8388,dnf,60.10,dnf,60.10
ore_ont_8396,ok,0.04,ok,0.03
ore_ont_8399,ok,0.08,ok,0.11
ore_ont_840,ok,1.97,ok,1.94
ore_ont_8417,ok,0.23,ok,0.20
ore_ont_8429,dnf,60.00,ok,29.93
ore_ont_8431,ok,0.22,ok,0.21
ore_ont_8432,ok,0.69,ok,0.68
ore_ont_8441,dnf,60.01,dnf,60.01
ore_ont_8445,dnf,60.54,dnf,60.38
ore_ont_8460,ok,0.11,ok,0.11
ore_ont_8462,ok,0.03,ok,0.02
ore_ont_8470,ok,0.48,ok,0.50
ore_ont_8475,dnf,60.12,dnf,60.11
ore_ont_8480,ok,1.43,ok,1.55
ore_ont_8486,ok,50.60,ok,51.32
ore_ont_8492,ok,0.13,ok,0.13
ore_ont_85,ok,0.03,ok,0.03
ore_ont_850,ok,7.08,ok,0.26
ore_ont_8502,ok,0.02,ok,0.03
ore_ont_8509,ok,0.42,ok,0.34
ore_ont_8557,ok,0.69,ok,0.68
ore_ont_8563,ok,0.08,ok,0.07
ore_ont_8578,ok,0.04,ok,0.03
ore_ont_8579,ok,0.25,ok,0.23
ore_ont_8595,ok,0.13,ok,0.11
ore_ont_8627,ok,0.09,ok,0.08
ore_ont_8631,ok,0.10,ok,0.08
ore_ont_8634,ok,2.09,ok,2.07
ore_ont_8640,ok,0.08,ok,0.09
ore_ont_8641,ok,0.12,ok,0.10
ore_ont_8662,ok,0.03,ok,0.02
ore_ont_8665,ok,0.04,ok,0.02
ore_ont_8666,dnf,60.00,ok,5.58
ore_ont_8667,ok,0.02,ok,0.01
ore_ont_8668,ok,0.24,ok,0.21
ore_ont_8671,ok,2.71,ok,2.45
ore_ont_868,ok,59.35,ok,59.08
ore_ont_8684,ok,0.46,ok,0.22
ore_ont_8688,ok,0.51,ok,0.23
ore_ont_869,ok,0.28,ok,0.10
ore_ont_8705,ok,3.76,ok,3.62
ore_ont_8712,ok,0.33,ok,0.32
ore_ont_8719,ok,0.21,ok,0.43
ore_ont_8723,ok,1.21,ok,1.45
ore_ont_8730,ok,0.03,ok,0.06
ore_ont_8737,dnf,60.11,dnf,60.09
ore_ont_8744,ok,0.06,ok,0.16
ore_ont_8755,ok,0.23,ok,0.27
ore_ont_8759,ok,0.10,ok,0.10
ore_ont_8779,ok,0.10,ok,0.11
ore_ont_8781,ok,0.02,ok,0.05
ore_ont_8786,ok,6.29,ok,0.25
ore_ont_8787,ok,2.08,ok,2.07
ore_ont_8792,ok,0.35,ok,0.34
ore_ont_8806,ok,0.02,ok,0.02
ore_ont_8844,ok,0.27,ok,0.27
ore_ont_8858,ok,1.12,ok,1.02
ore_ont_8864,ok,0.25,ok,0.23
ore_ont_8882,ok,0.12,ok,0.09
ore_ont_8902,ok,0.21,ok,0.23
ore_ont_891,ok,0.24,ok,0.21
ore_ont_8911,ok,35.40,ok,11.60
ore_ont_8916,ok,0.03,ok,0.05
ore_ont_8933,ok,0.08,ok,0.14
ore_ont_8937,ok,0.01,ok,0.03
ore_ont_894,ok,0.06,ok,0.06
ore_ont_8940,ok,0.10,ok,0.07
ore_ont_8941,ok,0.07,ok,0.05
ore_ont_8948,ok,0.05,ok,0.04
ore_ont_8949,ok,0.02,ok,0.01
ore_ont_8951,ok,0.02,ok,0.01
ore_ont_8974,ok,0.07,ok,0.01
ore_ont_8975,ok,0.04,ok,0.05
ore_ont_8982,ok,2.49,ok,2.18
ore_ont_8989,ok,0.91,ok,0.95
ore_ont_8995,ok,0.40,ok,0.36
ore_ont_8999,ok,0.24,ok,0.21
ore_ont_9002,ok,0.03,ok,0.05
ore_ont_9012,ok,1.12,ok,0.60
ore_ont_9014,ok,0.13,ok,0.14
ore_ont_9020,ok,0.08,ok,0.11
ore_ont_9024,ok,0.71,ok,0.40
ore_ont_9027,dnf,60.08,dnf,60.04
ore_ont_9031,ok,0.24,ok,0.03
ore_ont_9037,ok,0.43,ok,0.21
ore_ont_904,ok,1.35,ok,1.16
ore_ont_9046,ok,0.90,ok,0.98
ore_ont_9053,ok,1.20,ok,1.27
ore_ont_9054,ok,0.05,ok,0.08
ore_ont_9088,ok,0.03,ok,0.04
ore_ont_9096,ok,0.07,ok,0.07
ore_ont_9119,ok,0.40,ok,0.39
ore_ont_9122,ok,0.16,ok,0.13
ore_ont_9151,ok,35.14,ok,33.67
ore_ont_9154,ok,0.04,ok,0.02
ore_ont_9186,ok,0.28,ok,0.20
ore_ont_9204,ok,0.03,ok,0.03
ore_ont_9240,ok,0.23,ok,0.22
ore_ont_9248,ok,0.13,ok,0.14
ore_ont_9249,ok,0.09,ok,0.10
ore_ont_9251,ok,0.05,ok,0.05
ore_ont_9257,ok,0.27,ok,0.29
ore_ont_928,ok,0.07,ok,0.09
ore_ont_9299,ok,36.72,ok,34.97
ore_ont_9303,ok,0.47,ok,0.16
ore_ont_9318,ok,0.82,ok,0.79
ore_ont_934,dnf,60.01,ok,50.17
ore_ont_9347,ok,5.66,ok,5.73
ore_ont_935,ok,0.38,ok,0.39
ore_ont_9382,ok,0.24,ok,0.24
ore_ont_9386,ok,0.07,ok,0.07
ore_ont_9400,ok,4.01,ok,4.48
ore_ont_9402,ok,0.06,ok,0.06
ore_ont_9413,ok,2.33,ok,2.19
ore_ont_9422,ok,0.03,ok,0.05
ore_ont_9429,dnf,60.03,ok,54.74
ore_ont_9435,ok,0.07,ok,0.09
ore_ont_9462,ok,0.02,ok,0.03
ore_ont_947,ok,0.17,ok,0.18
ore_ont_9498,ok,9.63,ok,9.17
ore_ont_9499,ok,4.39,ok,4.97
ore_ont_950,ok,0.14,ok,0.18
ore_ont_9509,ok,0.01,ok,0.03
ore_ont_9513,ok,0.39,ok,0.43
ore_ont_9534,ok,0.25,ok,0.25
ore_ont_954,ok,12.66,ok,11.88
ore_ont_9540,dnf,60.05,ok,8.51
ore_ont_9545,ok,0.85,ok,0.65
ore_ont_955,dnf,60.09,dnf,60.05
ore_ont_9557,ok,0.11,ok,0.03
ore_ont_9558,ok,0.29,ok,0.24
ore_ont_9567,ok,1.17,ok,1.12
ore_ont_9577,dnf,60.01,dnf,60.01
ore_ont_9590,ok,0.34,ok,0.32
ore_ont_9596,ok,0.21,ok,0.18
ore_ont_9598,ok,0.04,ok,0.05
ore_ont_960,ok,0.23,ok,0.22
ore_ont_9600,ok,0.02,ok,0.03
ore_ont_9612,ok,0.14,ok,0.15
ore_ont_9617,ok,0.06,ok,0.05
ore_ont_9635,ok,0.02,ok,0.02
ore_ont_964,ok,0.28,ok,0.26
ore_ont_9646,ok,0.10,ok,0.06
ore_ont_9654,ok,8.86,ok,8.39
ore_ont_9662,ok,2.34,ok,1.52
ore_ont_9663,dnf,60.03,dnf,60.03
ore_ont_9666,ok,0.02,ok,0.04
ore_ont_9668,ok,0.22,ok,0.24
ore_ont_9673,ok,0.10,ok,0.12
ore_ont_9674,ok,58.66,ok,59.51
ore_ont_9684,dnf,60.01,dnf,60.01
ore_ont_9689,ok,0.05,ok,0.04
ore_ont_9690,ok,0.02,ok,0.03
ore_ont_9694,ok,0.84,ok,0.85
ore_ont_9695,ok,0.02,ok,0.06
ore_ont_9709,ok,0.01,ok,0.03
ore_ont_9724,dnf,60.10,dnf,60.08
ore_ont_9736,ok,0.02,ok,0.03
ore_ont_9739,dnf,60.01,dnf,60.01
ore_ont_9758,ok,0.21,ok,0.25
ore_ont_9761,ok,0.12,ok,0.14
ore_ont_9767,ok,4.52,ok,4.52
ore_ont_9768,ok,1.88,ok,1.87
ore_ont_9772,ok,0.06,ok,0.06
ore_ont_9783,ok,0.04,ok,0.06
ore_ont_9786,ok,7.01,ok,2.40
ore_ont_9790,ok,0.10,ok,0.14
ore_ont_9791,dnf,60.03,dnf,60.03
ore_ont_9792,ok,0.60,ok,0.28
ore_ont_9794,ok,6.09,ok,6.02
ore_ont_980,ok,0.21,ok,0.23
ore_ont_9800,ok,1.32,ok,0.80
ore_ont_9805,ok,0.03,ok,0.01
ore_ont_9809,ok,3.28,ok,3.22
ore_ont_9816,ok,0.85,ok,0.85
ore_ont_9835,dnf,60.03,dnf,60.02
ore_ont_9854,ok,0.02,ok,0.03
ore_ont_9855,dnf,60.01,dnf,60.01
ore_ont_9857,ok,0.04,ok,0.05
ore_ont_9864,dnf,60.00,ok,24.93
ore_ont_9867,ok,0.03,ok,0.07
ore_ont_9881,ok,0.18,ok,0.21
ore_ont_9884,ok,0.14,ok,0.12
ore_ont_9886,ok,1.28,ok,1.28
ore_ont_9890,dnf,60.00,dnf,60.00
ore_ont_9894,ok,0.97,ok,0.96
ore_ont_9896,ok,0.13,ok,0.17
ore_ont_9899,ok,30.40,ok,23.07
ore_ont_990,ok,0.21,ok,0.23
ore_ont_9904,ok,0.03,ok,0.04
ore_ont_9928,ok,0.02,ok,0.05
ore_ont_9941,ok,8.86,ok,7.41
ore_ont_9943,ok,0.06,ok,0.07
ore_ont_9944,dnf,60.01,dnf,60.00
ore_ont_9947,ok,0.05,ok,0.05
ore_ont_9957,ok,0.12,ok,0.11
ore_ont_9958,ok,5.30,ok,4.72
ore_ont_9972,ok,0.48,ok,0.22
ore_ont_9994,ok,0.08,ok,0.03
ore_ont_9998,ok,0.22,ok,0.06
