ore_ont_12191	base	 8df06a2eae7b 8df06a2eae7b 8df06a2eae7b
ore_ont_12191	dkey	 8df06a2eae7b 8df06a2eae7b 8df06a2eae7b
ore_ont_10517	base	 TIMEOUT TIMEOUT c1e41e63d553
ore_ont_10517	dkey	 f90c25cb1970 TIMEOUT TIMEOUT
ore_ont_10894	base	 74ed29d7938b 74ed29d7938b 74ed29d7938b
ore_ont_10894	dkey	 74ed29d7938b 74ed29d7938b 74ed29d7938b
ore_ont_14551	base	 f55a416a2aef f55a416a2aef f55a416a2aef
ore_ont_14551	base	 f55a416a2aef f55a416a2aef f55a416a2aef
ore_ont_14551	dkey	 f55a416a2aef f55a416a2aef f55a416a2aef
ore_ont_16274	base	 fd017d355821 fd017d355821 fd017d355821
ore_ont_16274	dkey	 fd017d355821 fd017d355821 fd017d355821
ore_ont_3281	base	 6e1159caa848 6e1159caa848 6e1159caa848
ore_ont_3281	dkey	 6e1159caa848 f7af888c9517 f7af888c9517
ore_ont_4141	base	 8bfebc4d9624 8bfebc4d9624 8bfebc4d9624
ore_ont_4141	dkey	 8bfebc4d9624 8bfebc4d9624 8bfebc4d9624
ore_ont_7893	base	 00839d5882cd 00839d5882cd 00839d5882cd
ore_ont_7893	dkey	 00839d5882cd 00839d5882cd 00839d5882cd
ore_ont_9800	base	 84c65d960f4f 84c65d960f4f 84c65d960f4f
ore_ont_9800	dkey	 84c65d960f4f 84c65d960f4f 84c65d960f4f
