ont	pre	post	pre_s	post_s	identity
ore_ont_10004	ok	ok	0.0	0.0	IDENTICAL
ore_ont_10006	ok	ok	11.4	10.6	IDENTICAL
ore_ont_10008	ok	ok	1.7	1.7	IDENTICAL
ore_ont_10009	ok	ok	0.0	0.0	IDENTICAL
ore_ont_10016	ok	ok	3.3	3.4	IDENTICAL
ore_ont_10019	ok	ok	2.3	2.3	IDENTICAL
ore_ont_10026	ok	ok	0.0	0.0	IDENTICAL
ore_ont_10032	ok	ok	1.9	1.8	IDENTICAL
ore_ont_10053	ok	ok	0.2	0.2	IDENTICAL
ore_ont_10056	ok	ok	0.0	0.0	IDENTICAL
ore_ont_10058	ok	ok	0.2	0.2	IDENTICAL
ore_ont_10068	ok	ok	2.5	2.7	IDENTICAL
ore_ont_10073	ok	ok	6.2	6.1	IDENTICAL
ore_ont_10080	DNF	DNF	60.0	60.0	-
ore_ont_10088	ok	ok	0.0	0.0	IDENTICAL
ore_ont_10109	DNF	DNF	60.0	60.0	-
ore_ont_1012	ok	ok	8.3	8.1	IDENTICAL
ore_ont_10123	ok	ok	0.1	0.1	IDENTICAL
ore_ont_10125	ok	ok	15.2	14.1	IDENTICAL
ore_ont_10127	ok	ok	1.0	1.0	IDENTICAL
ore_ont_10133	ok	ok	0.0	0.0	IDENTICAL
ore_ont_10134	ok	ok	0.0	0.0	IDENTICAL
ore_ont_10136	ok	ok	16.6	14.8	IDENTICAL
ore_ont_10140	DNF	DNF	60.1	60.1	-
ore_ont_10146	ok	ok	0.0	0.0	IDENTICAL
ore_ont_1016	ok	ok	0.3	0.3	IDENTICAL
ore_ont_10160	ok	ok	0.0	0.0	IDENTICAL
ore_ont_10161	ok	ok	6.6	6.6	IDENTICAL
ore_ont_10162	ok	ok	0.0	0.0	IDENTICAL
ore_ont_1017	ok	ok	0.0	0.0	IDENTICAL
ore_ont_10173	ok	ok	0.2	0.2	IDENTICAL
ore_ont_10174	ok	ok	0.0	0.0	IDENTICAL
ore_ont_10175	ok	ok	4.7	5.3	IDENTICAL
ore_ont_10176	ok	ok	0.0	0.0	IDENTICAL
ore_ont_10197	ok	ok	0.1	0.1	IDENTICAL
ore_ont_10199	ok	ok	0.0	0.0	IDENTICAL
ore_ont_10212	ok	ok	0.1	0.1	IDENTICAL
ore_ont_10230	ok	ok	0.0	0.0	IDENTICAL
ore_ont_10242	ok	ok	0.2	0.2	IDENTICAL
ore_ont_10248	ok	ok	12.9	13.9	IDENTICAL
ore_ont_10254	ok	ok	0.1	0.2	IDENTICAL
ore_ont_10264	ok	ok	0.0	0.0	IDENTICAL
ore_ont_10270	ok	ok	0.2	0.2	IDENTICAL
ore_ont_10275	ok	ok	0.1	0.1	IDENTICAL
ore_ont_1028	DNF	DNF	60.0	60.0	-
ore_ont_10280	ok	ok	0.1	0.1	IDENTICAL
ore_ont_10283	ok	ok	0.0	0.0	IDENTICAL
ore_ont_10285	ok	ok	0.0	0.0	IDENTICAL
ore_ont_10309	ok	ok	0.0	0.0	IDENTICAL
ore_ont_10314	ok	ok	0.0	0.0	IDENTICAL
ore_ont_10320	ok	ok	0.0	0.0	IDENTICAL
ore_ont_10321	ok	ok	0.0	0.0	IDENTICAL
ore_ont_10326	ok	ok	0.3	0.3	IDENTICAL
ore_ont_1034	ok	ok	0.0	0.0	IDENTICAL
ore_ont_10340	ok	ok	0.0	0.0	IDENTICAL
ore_ont_10348	ok	ok	0.2	0.2	IDENTICAL
ore_ont_10350	ok	ok	0.0	0.0	IDENTICAL
ore_ont_10355	ok	ok	0.0	0.0	IDENTICAL
ore_ont_10362	ok	ok	0.0	0.0	IDENTICAL
ore_ont_10366	ok	ok	0.0	0.0	IDENTICAL
ore_ont_10380	ok	ok	13.8	12.6	IDENTICAL
ore_ont_10384	ok	ok	0.2	0.2	IDENTICAL
ore_ont_10388	ok	ok	0.0	0.0	IDENTICAL
ore_ont_10389	ok	ok	0.2	0.2	IDENTICAL
ore_ont_10391	ok	ok	0.3	0.3	IDENTICAL
ore_ont_10407	ok	ok	7.4	7.4	IDENTICAL
ore_ont_10409	ok	ok	0.2	0.2	IDENTICAL
ore_ont_10413	ok	ok	0.0	0.0	IDENTICAL
ore_ont_10419	ok	ok	0.0	0.0	IDENTICAL
ore_ont_10423	ok	ok	0.2	0.2	IDENTICAL
ore_ont_10425	ok	ok	18.6	18.2	IDENTICAL
ore_ont_1043	ok	ok	1.6	1.7	IDENTICAL
ore_ont_10431	ok	ok	0.0	0.0	IDENTICAL
ore_ont_10445	ok	ok	3.8	4.0	IDENTICAL
ore_ont_10460	DNF	DNF	60.0	60.0	-
ore_ont_10481	ok	ok	0.2	0.2	IDENTICAL
ore_ont_105	ok	ok	0.0	0.0	IDENTICAL
ore_ont_10503	ok	ok	0.0	0.0	IDENTICAL
ore_ont_10516	ok	ok	0.0	0.0	IDENTICAL
ore_ont_10517	DNF	DNF	60.0	60.0	-
ore_ont_10536	ok	ok	0.0	0.0	IDENTICAL
ore_ont_10537	ok	ok	0.0	0.0	IDENTICAL
ore_ont_10568	DNF	DNF	60.1	60.1	-
ore_ont_10571	ok	ok	0.0	0.0	IDENTICAL
ore_ont_10580	ok	ok	0.0	0.0	IDENTICAL
ore_ont_10588	ok	ok	0.2	0.2	IDENTICAL
ore_ont_1059	DNF	DNF	60.1	60.1	-
ore_ont_10594	ok	ok	0.2	0.2	IDENTICAL
ore_ont_10608	ok	ok	0.1	0.1	IDENTICAL
ore_ont_1062	ok	ok	0.2	0.2	IDENTICAL
ore_ont_10621	DNF	DNF	60.8	60.8	-
ore_ont_1065	ok	ok	0.1	0.1	IDENTICAL
ore_ont_1066	DNF	DNF	60.1	60.2	-
ore_ont_10672	ok	ok	0.2	0.2	IDENTICAL
ore_ont_10681	ok	ok	0.0	0.0	IDENTICAL
ore_ont_10689	DNF	ok	60.1	44.7	-
ore_ont_10697	ok	ok	1.5	1.7	IDENTICAL
ore_ont_10702	ok	ok	0.6	0.7	IDENTICAL
ore_ont_10742	ok	ok	0.1	0.1	IDENTICAL
ore_ont_10749	ok	ok	0.2	0.2	IDENTICAL
ore_ont_10750	ok	ok	7.6	7.7	IDENTICAL
ore_ont_10752	ok	ok	0.0	0.0	IDENTICAL
ore_ont_10754	ok	ok	0.3	0.3	IDENTICAL
ore_ont_10769	ok	ok	0.0	0.0	IDENTICAL
ore_ont_10774	ok	ok	0.2	0.2	IDENTICAL
ore_ont_10776	ok	ok	0.0	0.0	IDENTICAL
ore_ont_10778	ok	ok	2.8	3.5	IDENTICAL
ore_ont_10781	ok	ok	0.1	0.1	IDENTICAL
ore_ont_10805	ok	ok	0.0	0.0	IDENTICAL
ore_ont_10806	ok	ok	0.2	0.2	IDENTICAL
ore_ont_10807	DNF	DNF	60.0	60.0	-
ore_ont_1082	ok	ok	1.2	1.2	IDENTICAL
ore_ont_10823	ok	ok	0.0	0.0	IDENTICAL
ore_ont_10833	ok	ok	0.0	0.0	IDENTICAL
ore_ont_10838	ok	ok	5.0	4.6	IDENTICAL
ore_ont_10860	DNF	DNF	0.0	0.0	-
ore_ont_10874	ok	ok	0.1	0.1	IDENTICAL
ore_ont_10888	ok	ok	0.0	0.0	IDENTICAL
ore_ont_10890	ok	ok	0.2	0.2	IDENTICAL
ore_ont_10892	ok	ok	0.2	0.2	IDENTICAL
ore_ont_10894	ok	ok	1.6	1.6	IDENTICAL
ore_ont_10906	ok	ok	0.0	0.0	IDENTICAL
ore_ont_10908	ok	ok	0.3	0.3	IDENTICAL
ore_ont_1091	ok	ok	0.2	0.2	IDENTICAL
ore_ont_10926	DNF	DNF	60.2	60.2	-
ore_ont_10929	ok	ok	5.0	5.9	IDENTICAL
ore_ont_10930	ok	ok	1.0	1.0	IDENTICAL
ore_ont_10949	DNF	DNF	60.0	60.0	-
ore_ont_10951	ok	ok	0.4	0.2	IDENTICAL
ore_ont_10952	ok	ok	0.2	0.2	IDENTICAL
ore_ont_10965	ok	ok	1.3	1.3	IDENTICAL
ore_ont_10968	ok	ok	0.1	0.1	IDENTICAL
ore_ont_10985	ok	ok	0.4	0.5	IDENTICAL
ore_ont_10991	ok	ok	0.2	0.2	IDENTICAL
ore_ont_10992	ok	ok	0.3	0.2	IDENTICAL
ore_ont_11003	ok	ok	0.1	0.1	IDENTICAL
ore_ont_11004	ok	ok	0.1	0.1	IDENTICAL
ore_ont_11005	ok	ok	47.4	46.3	IDENTICAL
ore_ont_11009	ok	ok	0.1	0.1	IDENTICAL
ore_ont_11010	ok	ok	0.0	0.0	IDENTICAL
ore_ont_11014	ok	ok	0.1	0.1	IDENTICAL
ore_ont_11016	ok	ok	0.1	0.1	IDENTICAL
ore_ont_11037	DNF	DNF	60.2	60.1	-
ore_ont_11053	ok	ok	1.7	1.5	IDENTICAL
ore_ont_11064	ok	ok	0.1	0.1	IDENTICAL
ore_ont_11081	ok	ok	1.2	1.1	IDENTICAL
ore_ont_11085	DNF	DNF	61.1	61.2	-
ore_ont_11110	ok	ok	2.5	1.8	IDENTICAL
ore_ont_11115	ok	ok	0.1	0.1	IDENTICAL
ore_ont_1112	ok	ok	0.2	0.2	IDENTICAL
ore_ont_11124	ok	ok	0.3	0.2	IDENTICAL
ore_ont_11125	ok	ok	0.1	0.1	IDENTICAL
ore_ont_11126	ok	ok	14.0	12.5	IDENTICAL
ore_ont_11131	ok	ok	0.2	0.2	IDENTICAL
ore_ont_11133	ok	ok	0.1	0.0	IDENTICAL
ore_ont_11140	ok	ok	0.2	0.2	IDENTICAL
ore_ont_11149	ok	ok	0.0	0.1	IDENTICAL
ore_ont_1115	ok	ok	0.7	0.8	IDENTICAL
ore_ont_11157	ok	ok	0.3	0.4	IDENTICAL
ore_ont_1117	ok	ok	0.1	0.1	IDENTICAL
ore_ont_1119	ok	ok	0.5	0.7	IDENTICAL
ore_ont_11196	DNF	DNF	60.2	60.2	-
ore_ont_11198	ok	ok	2.8	3.9	IDENTICAL
ore_ont_11203	ok	ok	0.1	0.0	IDENTICAL
ore_ont_11207	ok	ok	5.2	4.3	IDENTICAL
ore_ont_1123	DNF	DNF	60.3	60.3	-
ore_ont_11270	DNF	DNF	60.1	60.0	-
ore_ont_11274	ok	ok	0.1	0.1	IDENTICAL
ore_ont_11282	ok	ok	1.3	0.8	IDENTICAL
ore_ont_11287	ok	ok	1.9	1.9	IDENTICAL
ore_ont_11289	ok	ok	0.5	0.4	IDENTICAL
ore_ont_11291	ok	ok	0.1	0.1	IDENTICAL
ore_ont_11293	ok	ok	17.6	17.3	IDENTICAL
ore_ont_11296	ok	ok	0.1	0.0	IDENTICAL
ore_ont_11298	ok	ok	0.2	0.1	IDENTICAL
ore_ont_11305	ok	ok	0.4	0.4	IDENTICAL
ore_ont_11311	DNF	DNF	60.0	60.0	-
ore_ont_11315	ok	ok	10.5	9.3	IDENTICAL
ore_ont_11316	ok	ok	0.1	0.1	IDENTICAL
ore_ont_11349	ok	ok	0.1	0.1	IDENTICAL
ore_ont_11357	ok	ok	0.0	0.0	IDENTICAL
ore_ont_11362	ok	ok	0.0	0.0	IDENTICAL
ore_ont_11371	ok	ok	0.1	0.1	IDENTICAL
ore_ont_11378	ok	ok	4.0	3.6	IDENTICAL
ore_ont_11380	ok	ok	0.1	0.0	IDENTICAL
ore_ont_11389	ok	ok	3.8	3.8	IDENTICAL
ore_ont_11392	ok	ok	0.0	0.0	IDENTICAL
ore_ont_11395	ok	ok	34.8	23.8	IDENTICAL
ore_ont_11401	ok	ok	0.1	0.0	IDENTICAL
ore_ont_11411	ok	ok	0.3	0.3	IDENTICAL
ore_ont_11416	ok	ok	0.1	0.1	IDENTICAL
ore_ont_11426	ok	ok	1.7	1.5	IDENTICAL
ore_ont_11452	ok	ok	0.5	0.4	IDENTICAL
ore_ont_11457	ok	ok	5.9	4.7	IDENTICAL
ore_ont_11459	ok	ok	7.7	6.2	IDENTICAL
ore_ont_11460	DNF	DNF	60.1	60.0	-
ore_ont_11464	ok	ok	5.6	6.3	IDENTICAL
ore_ont_11477	ok	ok	1.0	0.7	IDENTICAL
ore_ont_11484	ok	ok	0.2	0.1	IDENTICAL
ore_ont_11495	DNF	DNF	60.1	60.1	-
ore_ont_11497	ok	ok	0.0	0.0	IDENTICAL
ore_ont_11500	ok	ok	0.9	1.4	IDENTICAL
ore_ont_11502	ok	ok	0.4	0.4	IDENTICAL
ore_ont_11504	ok	ok	0.0	0.0	IDENTICAL
ore_ont_11519	ok	ok	5.8	5.0	IDENTICAL
ore_ont_11522	ok	ok	0.0	0.1	IDENTICAL
ore_ont_11523	ok	ok	0.1	0.1	IDENTICAL
ore_ont_11526	ok	ok	0.0	0.1	IDENTICAL
ore_ont_11533	ok	ok	0.1	0.0	IDENTICAL
ore_ont_11536	ok	ok	0.3	0.2	IDENTICAL
ore_ont_11553	DNF	DNF	60.1	60.1	-
ore_ont_11554	ok	ok	1.3	1.2	IDENTICAL
ore_ont_11559	ok	ok	1.3	1.0	IDENTICAL
ore_ont_11564	ok	ok	0.2	0.2	IDENTICAL
ore_ont_11572	ok	ok	0.0	0.0	IDENTICAL
ore_ont_11577	ok	ok	0.0	0.0	IDENTICAL
ore_ont_11592	ok	ok	0.0	0.0	IDENTICAL
ore_ont_11597	ok	ok	0.8	0.7	IDENTICAL
ore_ont_11600	ok	ok	0.1	0.1	IDENTICAL
ore_ont_11619	ok	ok	0.1	0.0	IDENTICAL
ore_ont_11623	ok	ok	0.2	0.2	IDENTICAL
ore_ont_11626	ok	ok	0.1	0.1	IDENTICAL
ore_ont_11629	DNF	DNF	60.0	60.0	-
ore_ont_11635	ok	ok	0.1	0.1	IDENTICAL
ore_ont_11636	ok	ok	0.2	0.2	IDENTICAL
ore_ont_11639	ok	ok	0.0	0.0	IDENTICAL
ore_ont_11647	ok	ok	1.4	1.4	IDENTICAL
ore_ont_11675	ok	ok	0.1	0.1	IDENTICAL
ore_ont_11676	ok	ok	0.0	0.0	IDENTICAL
ore_ont_11685	ok	ok	0.0	0.0	IDENTICAL
ore_ont_11694	ok	ok	0.0	0.0	IDENTICAL
ore_ont_11695	DNF	DNF	60.0	60.0	-
ore_ont_11696	ok	ok	0.2	0.2	IDENTICAL
ore_ont_11703	ok	ok	0.1	0.0	IDENTICAL
ore_ont_11719	ok	ok	0.0	0.0	IDENTICAL
ore_ont_1172	ok	ok	0.0	0.0	IDENTICAL
ore_ont_11739	ok	ok	14.7	15.0	IDENTICAL
ore_ont_11745	DNF	DNF	60.0	60.0	-
ore_ont_11778	ok	ok	1.6	1.4	IDENTICAL
ore_ont_11792	ok	ok	0.0	0.0	IDENTICAL
ore_ont_11817	ok	ok	5.1	4.2	IDENTICAL
ore_ont_1182	ok	ok	6.6	6.6	IDENTICAL
ore_ont_11827	ok	ok	2.5	2.5	IDENTICAL
ore_ont_11834	ok	ok	0.0	0.0	IDENTICAL
ore_ont_11866	ok	ok	0.0	0.0	IDENTICAL
ore_ont_11878	ok	ok	0.1	0.1	IDENTICAL
ore_ont_11889	ok	ok	0.0	0.0	IDENTICAL
ore_ont_11895	ok	ok	0.0	0.0	IDENTICAL
ore_ont_11896	ok	ok	0.1	0.1	IDENTICAL
ore_ont_11899	ok	ok	6.9	6.8	IDENTICAL
ore_ont_11901	ok	ok	0.0	0.0	IDENTICAL
ore_ont_11906	ok	ok	0.3	0.3	IDENTICAL
ore_ont_11910	ok	ok	0.1	0.1	IDENTICAL
ore_ont_11929	ok	ok	0.0	0.0	IDENTICAL
ore_ont_1194	DNF	DNF	60.1	60.1	-
ore_ont_11948	ok	ok	0.2	0.2	IDENTICAL
ore_ont_11949	ok	ok	0.0	0.0	IDENTICAL
ore_ont_11972	ok	ok	0.0	0.0	IDENTICAL
ore_ont_11978	ok	ok	0.0	0.0	IDENTICAL
ore_ont_11989	ok	ok	0.2	0.2	IDENTICAL
ore_ont_1199	ok	ok	15.1	15.5	IDENTICAL
ore_ont_12000	ok	ok	0.1	0.1	IDENTICAL
ore_ont_12007	ok	ok	0.0	0.0	IDENTICAL
ore_ont_12009	ok	ok	0.0	0.0	IDENTICAL
ore_ont_12012	ok	ok	5.4	5.5	IDENTICAL
ore_ont_12039	ok	ok	0.2	0.2	IDENTICAL
ore_ont_12043	ok	ok	0.2	0.2	IDENTICAL
ore_ont_12061	ok	ok	0.0	0.0	IDENTICAL
ore_ont_12084	ok	ok	0.0	0.0	IDENTICAL
ore_ont_12087	ok	ok	2.9	2.6	IDENTICAL
ore_ont_12097	ok	ok	0.0	0.0	IDENTICAL
ore_ont_12101	ok	ok	0.0	0.0	IDENTICAL
ore_ont_12107	ok	ok	0.0	0.0	IDENTICAL
ore_ont_1211	ok	ok	0.0	0.0	IDENTICAL
ore_ont_12112	ok	ok	0.0	0.0	IDENTICAL
ore_ont_12118	ok	ok	0.0	0.0	IDENTICAL
ore_ont_1212	ok	ok	0.2	0.2	IDENTICAL
ore_ont_12128	DNF	DNF	60.1	60.1	-
ore_ont_12141	ok	ok	0.4	0.4	IDENTICAL
ore_ont_12149	ok	ok	1.9	1.8	IDENTICAL
ore_ont_12150	ok	ok	0.0	0.0	IDENTICAL
ore_ont_12152	ok	ok	0.2	0.2	IDENTICAL
ore_ont_12161	ok	ok	0.2	0.2	IDENTICAL
ore_ont_12174	ok	ok	0.7	0.7	IDENTICAL
ore_ont_12182	ok	ok	0.3	0.3	IDENTICAL
ore_ont_12191	ok	ok	3.0	3.0	IDENTICAL
ore_ont_12194	ok	ok	0.4	0.4	IDENTICAL
ore_ont_12203	ok	ok	3.3	3.3	IDENTICAL
ore_ont_12208	DNF	DNF	60.1	60.1	-
ore_ont_12219	ok	ok	0.2	0.2	IDENTICAL
ore_ont_1222	ok	ok	0.0	0.0	IDENTICAL
ore_ont_12221	ok	ok	0.6	0.6	IDENTICAL
ore_ont_12253	ok	ok	0.0	0.0	IDENTICAL
ore_ont_12269	ok	ok	0.2	0.2	IDENTICAL
ore_ont_12270	ok	ok	0.0	0.0	IDENTICAL
ore_ont_12281	ok	ok	0.0	0.0	IDENTICAL
ore_ont_12284	ok	ok	0.2	0.2	IDENTICAL
ore_ont_12317	ok	ok	0.7	0.6	IDENTICAL
ore_ont_12323	ok	ok	0.0	0.0	IDENTICAL
ore_ont_12325	ok	ok	0.1	0.1	IDENTICAL
ore_ont_12330	ok	ok	0.5	0.5	IDENTICAL
ore_ont_12342	ok	ok	0.0	0.0	IDENTICAL
ore_ont_12351	ok	ok	11.6	11.2	IDENTICAL
ore_ont_12360	ok	ok	0.0	0.0	IDENTICAL
ore_ont_12369	ok	ok	0.0	0.0	IDENTICAL
ore_ont_12372	ok	ok	0.0	0.0	IDENTICAL
ore_ont_12379	ok	ok	0.0	0.0	IDENTICAL
ore_ont_12382	ok	ok	0.0	0.0	IDENTICAL
ore_ont_12387	ok	ok	3.4	3.2	IDENTICAL
ore_ont_12397	ok	ok	0.0	0.0	IDENTICAL
ore_ont_12405	ok	ok	0.1	0.1	IDENTICAL
ore_ont_12410	ok	ok	0.2	0.2	IDENTICAL
ore_ont_12414	ok	ok	2.7	2.7	IDENTICAL
ore_ont_12415	ok	ok	0.0	0.0	IDENTICAL
ore_ont_12418	ok	ok	0.2	0.2	IDENTICAL
ore_ont_12432	DNF	DNF	60.0	60.0	-
ore_ont_12433	ok	ok	0.3	0.3	IDENTICAL
ore_ont_12448	ok	ok	1.8	1.8	IDENTICAL
ore_ont_12451	DNF	DNF	60.0	60.0	-
ore_ont_12452	ok	ok	0.4	0.4	IDENTICAL
ore_ont_12468	ok	ok	0.2	0.2	IDENTICAL
ore_ont_12474	ok	ok	0.2	0.2	IDENTICAL
ore_ont_12486	ok	ok	0.5	0.5	IDENTICAL
ore_ont_12522	ok	ok	0.5	0.5	IDENTICAL
ore_ont_12528	ok	ok	10.4	10.4	IDENTICAL
ore_ont_12536	ok	ok	1.0	1.0	IDENTICAL
ore_ont_12566	ok	ok	0.0	0.0	IDENTICAL
ore_ont_12567	ok	ok	17.1	15.3	IDENTICAL
ore_ont_12584	ok	ok	0.0	0.0	IDENTICAL
ore_ont_12635	ok	ok	0.1	0.1	IDENTICAL
ore_ont_12651	ok	ok	5.0	4.3	IDENTICAL
ore_ont_12653	ok	ok	0.5	0.5	IDENTICAL
ore_ont_12665	ok	ok	0.1	0.1	IDENTICAL
ore_ont_12676	ok	ok	0.3	0.4	IDENTICAL
ore_ont_12698	ok	ok	5.5	5.2	IDENTICAL
ore_ont_1270	ok	ok	3.5	3.5	IDENTICAL
ore_ont_1272	ok	ok	14.5	15.1	IDENTICAL
ore_ont_12721	ok	ok	0.0	0.0	IDENTICAL
ore_ont_12723	ok	ok	14.1	14.3	IDENTICAL
ore_ont_12743	DNF	DNF	60.1	60.1	-
ore_ont_12764	ok	ok	0.0	0.0	IDENTICAL
ore_ont_12776	ok	ok	0.1	0.1	IDENTICAL
ore_ont_12792	ok	ok	0.4	0.4	IDENTICAL
ore_ont_12801	ok	ok	0.2	0.3	IDENTICAL
ore_ont_12802	ok	ok	0.2	0.2	IDENTICAL
ore_ont_12824	ok	ok	0.0	0.0	IDENTICAL
ore_ont_12831	ok	ok	0.0	0.0	IDENTICAL
ore_ont_12836	ok	ok	0.1	0.1	IDENTICAL
ore_ont_12839	ok	ok	0.8	0.7	IDENTICAL
ore_ont_12884	ok	ok	0.2	0.2	IDENTICAL
ore_ont_12892	ok	ok	0.0	0.0	IDENTICAL
ore_ont_12898	ok	ok	42.4	42.1	IDENTICAL
ore_ont_12901	ok	ok	1.7	1.7	IDENTICAL
ore_ont_12906	ok	ok	0.0	0.0	IDENTICAL
ore_ont_12914	ok	ok	0.0	0.0	IDENTICAL
ore_ont_12916	ok	ok	0.1	0.1	IDENTICAL
ore_ont_12925	ok	ok	0.0	0.0	IDENTICAL
ore_ont_12931	ok	ok	0.0	0.0	IDENTICAL
ore_ont_12932	ok	ok	0.0	0.0	IDENTICAL
ore_ont_12936	ok	ok	0.3	0.3	IDENTICAL
ore_ont_12948	ok	ok	0.0	0.0	IDENTICAL
ore_ont_12955	ok	ok	0.0	0.0	IDENTICAL
ore_ont_12957	ok	ok	0.0	0.0	IDENTICAL
ore_ont_12965	ok	ok	0.0	0.0	IDENTICAL
ore_ont_12985	ok	ok	1.5	1.4	IDENTICAL
ore_ont_12987	ok	ok	0.0	0.0	IDENTICAL
ore_ont_12992	ok	ok	0.4	0.4	IDENTICAL
ore_ont_12993	DNF	DNF	60.0	60.0	-
ore_ont_13000	ok	ok	0.1	0.1	IDENTICAL
ore_ont_13018	ok	ok	0.0	0.0	IDENTICAL
ore_ont_13035	ok	ok	0.0	0.0	IDENTICAL
ore_ont_13052	ok	ok	5.1	5.0	IDENTICAL
ore_ont_13053	ok	ok	0.0	0.0	IDENTICAL
ore_ont_1306	ok	ok	5.6	5.6	IDENTICAL
ore_ont_13064	ok	ok	0.0	0.0	IDENTICAL
ore_ont_13066	ok	ok	0.0	0.0	IDENTICAL
ore_ont_13071	ok	ok	33.3	32.4	IDENTICAL
ore_ont_13077	ok	ok	0.0	0.0	IDENTICAL
ore_ont_13078	ok	ok	0.3	0.3	IDENTICAL
ore_ont_13082	ok	ok	0.8	0.9	IDENTICAL
ore_ont_13097	ok	ok	0.0	0.0	IDENTICAL
ore_ont_1310	ok	ok	0.9	0.9	IDENTICAL
ore_ont_13100	ok	ok	0.0	0.0	IDENTICAL
ore_ont_13103	DNF	DNF	60.1	60.0	-
ore_ont_13106	ok	ok	1.8	1.8	IDENTICAL
ore_ont_13112	ok	ok	0.0	0.0	IDENTICAL
ore_ont_13113	ok	ok	0.1	0.1	IDENTICAL
ore_ont_13122	DNF	DNF	60.0	60.0	-
ore_ont_13124	ok	ok	0.1	0.1	IDENTICAL
ore_ont_13129	ok	ok	0.0	0.0	IDENTICAL
ore_ont_13132	ok	ok	0.0	0.0	IDENTICAL
ore_ont_13136	DNF	DNF	60.0	60.0	-
ore_ont_13139	ok	ok	0.1	0.1	IDENTICAL
ore_ont_13141	ok	ok	0.1	0.1	IDENTICAL
ore_ont_13150	ok	ok	0.2	0.2	IDENTICAL
ore_ont_13153	ok	ok	0.1	0.1	IDENTICAL
ore_ont_13178	ok	ok	0.2	0.2	IDENTICAL
ore_ont_13204	ok	ok	0.0	0.0	IDENTICAL
ore_ont_13219	ok	ok	0.1	0.0	IDENTICAL
ore_ont_13220	ok	ok	1.0	0.8	IDENTICAL
ore_ont_13224	ok	ok	7.9	7.7	IDENTICAL
ore_ont_13229	DNF	DNF	60.0	60.0	-
ore_ont_13230	ok	ok	0.1	0.1	IDENTICAL
ore_ont_13233	ok	ok	0.4	0.4	IDENTICAL
ore_ont_13234	ok	ok	0.0	0.0	IDENTICAL
ore_ont_13242	DNF	DNF	60.0	60.0	-
ore_ont_13243	ok	ok	2.9	2.7	IDENTICAL
ore_ont_1325	ok	ok	0.0	0.0	IDENTICAL
ore_ont_13276	DNF	DNF	60.1	60.1	-
ore_ont_13277	ok	ok	0.0	0.0	IDENTICAL
ore_ont_13298	ok	ok	0.0	0.0	IDENTICAL
ore_ont_13299	ok	ok	0.7	0.7	IDENTICAL
ore_ont_1330	ok	ok	1.0	1.0	IDENTICAL
ore_ont_13301	ok	ok	0.0	0.0	IDENTICAL
ore_ont_13306	ok	ok	0.0	0.0	IDENTICAL
ore_ont_13336	ok	ok	0.2	0.2	IDENTICAL
ore_ont_13337	ok	ok	0.2	0.2	IDENTICAL
ore_ont_13355	ok	ok	8.7	6.8	IDENTICAL
ore_ont_13359	ok	ok	0.7	0.7	IDENTICAL
ore_ont_13383	ok	ok	0.0	0.0	IDENTICAL
ore_ont_13392	ok	ok	0.0	0.0	IDENTICAL
ore_ont_13398	ok	ok	0.0	0.0	IDENTICAL
ore_ont_1340	ok	ok	0.2	0.2	IDENTICAL
ore_ont_13404	ok	ok	0.0	0.0	IDENTICAL
ore_ont_13405	ok	ok	0.0	0.0	IDENTICAL
ore_ont_13413	ok	ok	0.0	0.0	IDENTICAL
ore_ont_1342	ok	ok	0.0	0.0	IDENTICAL
ore_ont_13423	ok	ok	5.2	4.7	IDENTICAL
ore_ont_13429	ok	ok	0.0	0.0	IDENTICAL
ore_ont_13430	ok	ok	0.1	0.1	IDENTICAL
ore_ont_13444	ok	ok	0.4	0.4	IDENTICAL
ore_ont_13451	ok	ok	0.2	0.2	IDENTICAL
ore_ont_1346	ok	ok	0.0	0.0	IDENTICAL
ore_ont_13460	ok	ok	0.1	0.1	IDENTICAL
ore_ont_13474	ok	ok	0.0	0.0	IDENTICAL
ore_ont_13482	ok	ok	9.6	9.9	IDENTICAL
ore_ont_13483	ok	ok	0.0	0.0	IDENTICAL
ore_ont_13503	ok	ok	0.0	0.0	IDENTICAL
ore_ont_13524	ok	ok	0.0	0.0	IDENTICAL
ore_ont_13526	ok	ok	0.3	0.3	IDENTICAL
ore_ont_13530	ok	ok	0.0	0.0	IDENTICAL
ore_ont_13545	ok	ok	2.4	2.4	IDENTICAL
ore_ont_1357	ok	ok	1.4	1.2	IDENTICAL
ore_ont_13578	ok	ok	0.0	0.0	IDENTICAL
ore_ont_13581	ok	ok	0.0	0.0	IDENTICAL
ore_ont_13584	ok	ok	0.0	0.0	IDENTICAL
ore_ont_13591	ok	ok	1.4	1.4	IDENTICAL
ore_ont_13621	ok	ok	0.2	0.2	IDENTICAL
ore_ont_13643	ok	ok	0.0	0.0	IDENTICAL
ore_ont_13646	ok	ok	0.0	0.0	IDENTICAL
ore_ont_13647	ok	ok	14.7	14.9	IDENTICAL
ore_ont_13657	ok	ok	0.0	0.0	IDENTICAL
ore_ont_13664	ok	ok	0.7	0.7	IDENTICAL
ore_ont_13665	ok	ok	0.3	0.3	IDENTICAL
ore_ont_13674	ok	ok	0.2	0.2	IDENTICAL
ore_ont_13679	ok	ok	0.2	0.2	IDENTICAL
ore_ont_13680	ok	ok	0.0	0.0	IDENTICAL
ore_ont_13684	ok	ok	0.8	0.8	IDENTICAL
ore_ont_13690	ok	ok	4.5	4.5	IDENTICAL
ore_ont_1370	ok	ok	5.0	4.8	IDENTICAL
ore_ont_13700	ok	ok	0.3	0.2	IDENTICAL
ore_ont_13704	ok	ok	0.0	0.0	IDENTICAL
ore_ont_13708	ok	ok	3.2	3.1	IDENTICAL
ore_ont_13723	ok	ok	23.7	23.1	IDENTICAL
ore_ont_13737	ok	ok	0.0	0.0	IDENTICAL
ore_ont_13740	ok	ok	0.0	0.0	IDENTICAL
ore_ont_13752	ok	ok	0.2	0.2	IDENTICAL
ore_ont_13755	ok	ok	0.1	0.1	IDENTICAL
ore_ont_13759	ok	ok	0.0	0.0	IDENTICAL
ore_ont_13762	ok	ok	0.0	0.0	IDENTICAL
ore_ont_13772	ok	ok	0.0	0.0	IDENTICAL
ore_ont_13776	ok	ok	0.2	0.2	IDENTICAL
ore_ont_13799	ok	ok	0.0	0.0	IDENTICAL
ore_ont_13805	ok	ok	0.0	0.0	IDENTICAL
ore_ont_13811	ok	ok	0.2	0.2	IDENTICAL
ore_ont_13833	ok	ok	0.0	0.0	IDENTICAL
ore_ont_13837	ok	ok	0.0	0.0	IDENTICAL
ore_ont_13840	ok	ok	0.1	0.1	IDENTICAL
ore_ont_13846	DNF	DNF	60.1	60.1	-
ore_ont_13851	ok	ok	0.2	0.2	IDENTICAL
ore_ont_13852	ok	ok	0.2	0.2	IDENTICAL
ore_ont_13857	ok	ok	0.2	0.2	IDENTICAL
ore_ont_13859	ok	ok	4.3	4.4	IDENTICAL
ore_ont_13872	ok	ok	0.0	0.0	IDENTICAL
ore_ont_13880	ok	ok	0.0	0.0	IDENTICAL
ore_ont_13885	ok	ok	0.0	0.0	IDENTICAL
ore_ont_13887	ok	ok	0.0	0.0	IDENTICAL
ore_ont_13897	ok	ok	0.0	0.0	IDENTICAL
ore_ont_13898	ok	ok	0.0	0.0	IDENTICAL
ore_ont_13902	ok	ok	0.7	0.8	IDENTICAL
ore_ont_13912	ok	ok	0.0	0.0	IDENTICAL
ore_ont_13919	ok	ok	0.1	0.1	IDENTICAL
ore_ont_13928	ok	ok	26.4	26.6	IDENTICAL
ore_ont_13937	ok	ok	1.8	1.8	IDENTICAL
ore_ont_13941	ok	ok	0.2	0.2	IDENTICAL
ore_ont_13949	ok	ok	0.2	0.1	IDENTICAL
ore_ont_13954	ok	ok	0.6	0.6	IDENTICAL
ore_ont_13964	ok	ok	0.4	0.4	IDENTICAL
ore_ont_13969	ok	ok	4.6	4.5	IDENTICAL
ore_ont_1397	ok	ok	0.6	0.6	IDENTICAL
ore_ont_13991	ok	ok	41.7	41.5	IDENTICAL
ore_ont_14012	DNF	DNF	60.0	60.0	-
ore_ont_14025	ok	ok	1.5	1.4	IDENTICAL
ore_ont_14027	ok	ok	0.2	0.2	IDENTICAL
ore_ont_14031	ok	ok	0.0	0.0	IDENTICAL
ore_ont_14040	ok	ok	0.2	0.3	IDENTICAL
ore_ont_14042	ok	ok	23.4	16.5	IDENTICAL
ore_ont_1406	ok	ok	0.0	0.0	IDENTICAL
ore_ont_14066	ok	ok	0.6	0.6	IDENTICAL
ore_ont_14101	ok	ok	4.6	4.9	IDENTICAL
ore_ont_14123	ok	ok	0.0	0.0	IDENTICAL
ore_ont_14128	ok	ok	0.0	0.0	IDENTICAL
ore_ont_14134	ok	ok	0.2	0.2	IDENTICAL
ore_ont_14153	ok	ok	0.0	0.0	IDENTICAL
ore_ont_14154	ok	ok	1.4	1.4	IDENTICAL
ore_ont_14175	ok	ok	0.0	0.0	IDENTICAL
ore_ont_14183	ok	ok	0.2	0.2	IDENTICAL
ore_ont_14185	ok	ok	0.0	0.0	IDENTICAL
ore_ont_14191	ok	ok	0.2	0.3	IDENTICAL
ore_ont_14194	ok	ok	0.2	0.2	IDENTICAL
ore_ont_1420	ok	ok	0.0	0.0	IDENTICAL
ore_ont_14216	ok	ok	2.1	2.1	IDENTICAL
ore_ont_1422	ok	ok	1.8	1.8	IDENTICAL
ore_ont_14221	ok	ok	0.9	0.9	IDENTICAL
ore_ont_14223	DNF	DNF	60.0	60.0	-
ore_ont_14237	ok	ok	0.2	0.2	IDENTICAL
ore_ont_14255	ok	ok	0.2	0.2	IDENTICAL
ore_ont_14258	ok	ok	0.1	0.1	IDENTICAL
ore_ont_14272	ok	ok	22.4	22.6	IDENTICAL
ore_ont_14273	ok	ok	0.0	0.0	IDENTICAL
ore_ont_14280	ok	ok	0.2	0.2	IDENTICAL
ore_ont_14285	ok	ok	0.0	0.0	IDENTICAL
ore_ont_14286	ok	ok	0.1	0.1	IDENTICAL
ore_ont_14294	ok	ok	0.2	0.2	IDENTICAL
ore_ont_1430	ok	ok	0.0	0.0	IDENTICAL
ore_ont_14308	ok	ok	10.5	10.4	IDENTICAL
ore_ont_14312	ok	ok	1.4	1.4	IDENTICAL
ore_ont_14321	ok	ok	0.0	0.0	IDENTICAL
ore_ont_14325	ok	ok	0.0	0.0	IDENTICAL
ore_ont_14327	ok	ok	0.0	0.0	IDENTICAL
ore_ont_14328	ok	ok	0.0	0.0	IDENTICAL
ore_ont_14331	ok	ok	0.2	0.2	IDENTICAL
ore_ont_14334	ok	ok	0.6	0.7	IDENTICAL
ore_ont_14341	ok	ok	0.0	0.0	IDENTICAL
ore_ont_14348	ok	ok	0.0	0.0	IDENTICAL
ore_ont_14351	ok	ok	1.5	1.5	IDENTICAL
ore_ont_14353	ok	ok	0.0	0.0	IDENTICAL
ore_ont_14355	ok	ok	2.7	2.6	IDENTICAL
ore_ont_14365	ok	ok	0.8	0.8	IDENTICAL
ore_ont_14367	ok	ok	0.2	0.2	IDENTICAL
ore_ont_14370	ok	ok	0.0	0.0	IDENTICAL
ore_ont_14375	ok	ok	0.5	0.5	IDENTICAL
ore_ont_14379	ok	ok	0.0	0.0	IDENTICAL
ore_ont_14380	ok	ok	2.1	2.2	IDENTICAL
ore_ont_14381	ok	ok	0.0	0.0	IDENTICAL
ore_ont_14388	ok	ok	0.0	0.0	IDENTICAL
ore_ont_14396	ok	ok	0.0	0.0	IDENTICAL
ore_ont_14407	ok	ok	0.3	0.3	IDENTICAL
ore_ont_14412	ok	ok	0.0	0.0	IDENTICAL
ore_ont_14425	ok	ok	0.4	0.4	IDENTICAL
ore_ont_1445	ok	ok	0.0	0.0	IDENTICAL
ore_ont_14450	ok	ok	0.2	0.2	IDENTICAL
ore_ont_14452	ok	ok	0.2	0.2	IDENTICAL
ore_ont_14459	ok	ok	46.8	25.1	IDENTICAL
ore_ont_14486	ok	ok	0.0	0.0	IDENTICAL
ore_ont_14499	ok	ok	0.1	0.1	IDENTICAL
ore_ont_14508	ok	ok	0.6	0.6	IDENTICAL
ore_ont_14517	ok	ok	0.0	0.0	IDENTICAL
ore_ont_14518	ok	ok	0.0	0.0	IDENTICAL
ore_ont_14543	ok	ok	1.7	1.7	IDENTICAL
ore_ont_14551	DNF	DNF	60.0	60.0	-
ore_ont_14556	ok	ok	0.6	0.6	IDENTICAL
ore_ont_14572	DNF	DNF	60.1	60.1	-
ore_ont_14574	ok	ok	0.1	0.1	IDENTICAL
ore_ont_14587	ok	ok	0.2	0.2	IDENTICAL
ore_ont_14588	ok	ok	0.0	0.0	IDENTICAL
ore_ont_14593	ok	ok	0.2	0.2	IDENTICAL
ore_ont_14601	ok	ok	1.1	1.0	IDENTICAL
ore_ont_14607	ok	ok	2.2	2.1	IDENTICAL
ore_ont_1461	ok	ok	0.0	0.0	IDENTICAL
ore_ont_14667	ok	ok	0.0	0.0	IDENTICAL
ore_ont_14684	ok	ok	0.0	0.0	IDENTICAL
ore_ont_1469	ok	ok	0.2	0.2	IDENTICAL
ore_ont_1473	ok	ok	0.0	0.0	IDENTICAL
ore_ont_14742	DNF	DNF	60.1	60.1	-
ore_ont_14746	ok	ok	0.0	0.0	IDENTICAL
ore_ont_1475	ok	ok	0.3	0.3	IDENTICAL
ore_ont_14766	ok	ok	0.2	0.2	IDENTICAL
ore_ont_14767	ok	ok	0.2	0.2	IDENTICAL
ore_ont_14776	ok	ok	0.7	0.7	IDENTICAL
ore_ont_1478	ok	ok	1.8	1.8	IDENTICAL
ore_ont_148	ok	ok	0.2	0.2	IDENTICAL
ore_ont_14800	ok	ok	0.0	0.0	IDENTICAL
ore_ont_1481	ok	ok	0.2	0.2	IDENTICAL
ore_ont_14816	ok	ok	0.0	0.0	IDENTICAL
ore_ont_14817	DNF	DNF	60.0	60.0	-
ore_ont_14818	ok	ok	0.2	0.2	IDENTICAL
ore_ont_14826	ok	ok	0.0	0.0	IDENTICAL
ore_ont_14831	ok	ok	0.0	0.0	IDENTICAL
ore_ont_14840	ok	ok	0.0	0.0	IDENTICAL
ore_ont_14848	ok	ok	0.0	0.0	IDENTICAL
ore_ont_14860	ok	ok	1.9	1.9	IDENTICAL
ore_ont_14861	ok	ok	4.0	4.0	IDENTICAL
ore_ont_14863	ok	ok	0.1	0.1	IDENTICAL
ore_ont_14878	ok	ok	0.2	0.2	IDENTICAL
ore_ont_14879	ok	ok	1.0	1.0	IDENTICAL
ore_ont_14881	ok	ok	14.7	11.7	IDENTICAL
ore_ont_14883	ok	ok	0.1	0.1	IDENTICAL
ore_ont_14896	ok	ok	0.2	0.2	IDENTICAL
ore_ont_14897	DNF	DNF	60.0	60.0	-
ore_ont_14901	ok	ok	0.0	0.0	IDENTICAL
ore_ont_14906	ok	ok	0.2	0.2	IDENTICAL
ore_ont_14909	ok	ok	0.3	0.3	IDENTICAL
ore_ont_14912	ok	ok	0.1	0.1	IDENTICAL
ore_ont_14919	ok	ok	0.2	0.2	IDENTICAL
ore_ont_14924	ok	ok	0.0	0.0	IDENTICAL
ore_ont_14926	ok	ok	0.0	0.0	IDENTICAL
ore_ont_1493	ok	ok	0.2	0.2	IDENTICAL
ore_ont_14931	ok	ok	0.0	0.0	IDENTICAL
ore_ont_14934	ok	ok	1.2	1.1	IDENTICAL
ore_ont_14936	ok	ok	0.3	0.3	IDENTICAL
ore_ont_1494	ok	ok	0.0	0.0	IDENTICAL
ore_ont_14981	ok	ok	0.0	0.0	IDENTICAL
ore_ont_14995	ok	ok	0.1	0.1	IDENTICAL
ore_ont_1501	ok	ok	0.1	0.1	IDENTICAL
ore_ont_15010	ok	ok	6.0	6.0	IDENTICAL
ore_ont_15013	ok	ok	0.1	0.1	IDENTICAL
ore_ont_15030	ok	ok	0.0	0.0	IDENTICAL
ore_ont_15058	ok	ok	0.0	0.0	IDENTICAL
ore_ont_15059	ok	ok	29.9	28.3	IDENTICAL
ore_ont_15063	ok	ok	0.1	0.1	IDENTICAL
ore_ont_15066	ok	ok	35.6	34.6	IDENTICAL
ore_ont_15068	ok	ok	0.0	0.0	IDENTICAL
ore_ont_15074	DNF	DNF	60.0	60.0	-
ore_ont_1508	DNF	DNF	60.0	60.0	-
ore_ont_1509	ok	ok	4.7	4.7	IDENTICAL
ore_ont_15098	ok	ok	0.1	0.1	IDENTICAL
ore_ont_15099	ok	ok	0.7	0.7	IDENTICAL
ore_ont_15103	ok	ok	0.0	0.0	IDENTICAL
ore_ont_15108	ok	ok	43.3	43.7	IDENTICAL
ore_ont_15125	ok	ok	1.3	1.3	IDENTICAL
ore_ont_15133	ok	ok	2.5	2.5	IDENTICAL
ore_ont_15145	ok	ok	0.0	0.0	IDENTICAL
ore_ont_15152	ok	ok	0.1	0.1	IDENTICAL
ore_ont_15160	ok	ok	0.0	0.0	IDENTICAL
ore_ont_15167	ok	ok	0.0	0.0	IDENTICAL
ore_ont_1517	ok	ok	0.2	0.2	IDENTICAL
ore_ont_15172	ok	ok	0.9	0.9	IDENTICAL
ore_ont_15178	ok	ok	0.3	0.3	IDENTICAL
ore_ont_15184	ok	ok	0.2	0.2	IDENTICAL
ore_ont_15203	DNF	DNF	60.2	60.2	-
ore_ont_15210	ok	ok	0.0	0.0	IDENTICAL
ore_ont_15217	ok	ok	0.0	0.0	IDENTICAL
ore_ont_15222	ok	ok	0.1	0.1	IDENTICAL
ore_ont_15224	ok	ok	0.1	0.1	IDENTICAL
ore_ont_15226	ok	ok	27.5	28.0	IDENTICAL
ore_ont_15229	ok	ok	0.0	0.0	IDENTICAL
ore_ont_15231	ok	ok	0.0	0.0	IDENTICAL
ore_ont_15237	ok	ok	0.6	0.6	IDENTICAL
ore_ont_1524	ok	ok	0.4	0.4	IDENTICAL
ore_ont_15249	ok	ok	0.9	0.8	IDENTICAL
ore_ont_1526	ok	ok	0.0	0.0	IDENTICAL
ore_ont_15260	ok	ok	0.2	0.3	IDENTICAL
ore_ont_15273	ok	ok	0.1	0.1	IDENTICAL
ore_ont_15280	ok	ok	8.7	8.8	IDENTICAL
ore_ont_15288	ok	ok	0.6	0.5	IDENTICAL
ore_ont_15291	ok	ok	0.0	0.0	IDENTICAL
ore_ont_15292	ok	ok	0.0	0.0	IDENTICAL
ore_ont_15297	ok	ok	0.1	0.1	IDENTICAL
ore_ont_153	ok	ok	0.2	0.2	IDENTICAL
ore_ont_15301	ok	ok	0.1	0.1	IDENTICAL
ore_ont_15318	ok	ok	0.0	0.0	IDENTICAL
ore_ont_1533	ok	ok	0.2	0.2	IDENTICAL
ore_ont_15331	ok	ok	0.0	0.0	IDENTICAL
ore_ont_15341	ok	ok	0.1	0.1	IDENTICAL
ore_ont_15344	DNF	DNF	60.0	60.0	-
ore_ont_15352	ok	ok	0.2	0.2	IDENTICAL
ore_ont_15355	ok	ok	0.1	0.1	IDENTICAL
ore_ont_15363	ok	ok	0.1	0.1	IDENTICAL
ore_ont_1537	ok	ok	0.0	0.0	IDENTICAL
ore_ont_15372	ok	ok	1.2	1.2	IDENTICAL
ore_ont_15388	ok	ok	4.4	4.0	IDENTICAL
ore_ont_1539	ok	ok	0.2	0.2	IDENTICAL
ore_ont_15397	ok	ok	0.0	0.0	IDENTICAL
ore_ont_15399	ok	ok	0.0	0.0	IDENTICAL
ore_ont_15407	ok	ok	0.0	0.0	IDENTICAL
ore_ont_15413	ok	ok	0.0	0.0	IDENTICAL
ore_ont_15418	DNF	DNF	60.0	60.0	-
ore_ont_15421	ok	ok	0.0	0.0	IDENTICAL
ore_ont_15450	ok	ok	0.2	0.2	IDENTICAL
ore_ont_15461	ok	ok	0.0	0.0	IDENTICAL
ore_ont_15475	ok	ok	0.2	0.2	IDENTICAL
ore_ont_15490	ok	ok	0.1	0.1	IDENTICAL
ore_ont_15491	ok	ok	26.8	30.3	IDENTICAL
ore_ont_155	ok	ok	0.0	0.0	IDENTICAL
ore_ont_15514	ok	ok	0.0	0.0	IDENTICAL
ore_ont_15516	ok	ok	0.0	0.0	IDENTICAL
ore_ont_15526	ok	ok	14.8	14.9	IDENTICAL
ore_ont_15536	ok	ok	0.6	0.7	IDENTICAL
ore_ont_15544	ok	ok	0.2	0.2	IDENTICAL
ore_ont_1555	ok	ok	0.1	0.1	IDENTICAL
ore_ont_15557	ok	ok	2.5	2.4	IDENTICAL
ore_ont_15575	ok	ok	0.0	0.0	IDENTICAL
ore_ont_15576	ok	ok	0.0	0.0	IDENTICAL
ore_ont_15583	ok	ok	0.0	0.0	IDENTICAL
ore_ont_1559	ok	ok	26.6	22.6	IDENTICAL
ore_ont_15596	ok	ok	0.0	0.0	IDENTICAL
ore_ont_15612	ok	ok	0.2	0.2	IDENTICAL
ore_ont_15615	ok	ok	0.3	0.2	IDENTICAL
ore_ont_15621	ok	ok	1.3	1.4	IDENTICAL
ore_ont_15623	DNF	DNF	60.0	60.0	-
ore_ont_15635	ok	ok	6.1	6.9	IDENTICAL
ore_ont_15652	ok	ok	0.0	0.0	IDENTICAL
ore_ont_15655	ok	ok	19.3	19.6	IDENTICAL
ore_ont_15667	ok	ok	0.0	0.0	IDENTICAL
ore_ont_15672	ok	ok	0.0	0.0	IDENTICAL
ore_ont_15680	ok	ok	3.2	3.3	IDENTICAL
ore_ont_15682	ok	ok	0.2	0.2	IDENTICAL
ore_ont_15685	ok	ok	0.0	0.0	IDENTICAL
ore_ont_15687	DNF	DNF	60.1	60.1	-
ore_ont_15692	ok	ok	0.2	0.2	IDENTICAL
ore_ont_15695	DNF	DNF	60.1	60.1	-
ore_ont_15696	ok	ok	3.3	3.0	IDENTICAL
ore_ont_15703	ok	ok	24.4	23.5	IDENTICAL
ore_ont_15725	ok	ok	1.2	1.3	IDENTICAL
ore_ont_15733	DNF	DNF	60.0	60.0	-
ore_ont_15737	ok	ok	0.0	0.0	IDENTICAL
ore_ont_15741	ok	ok	0.0	0.0	IDENTICAL
ore_ont_15753	ok	ok	0.0	0.0	IDENTICAL
ore_ont_1579	ok	ok	3.5	3.6	IDENTICAL
ore_ont_15790	ok	ok	0.6	0.6	IDENTICAL
ore_ont_15791	ok	ok	0.2	0.2	IDENTICAL
ore_ont_15793	ok	ok	0.2	0.1	IDENTICAL
ore_ont_15796	ok	ok	0.2	0.2	IDENTICAL
ore_ont_15800	ok	ok	0.0	0.0	IDENTICAL
ore_ont_15803	DNF	DNF	60.2	60.1	-
ore_ont_15846	ok	ok	7.4	7.3	IDENTICAL
ore_ont_15860	ok	ok	0.0	0.0	IDENTICAL
ore_ont_15871	ok	ok	0.1	0.1	IDENTICAL
ore_ont_15878	ok	ok	0.4	0.3	IDENTICAL
ore_ont_15882	ok	ok	0.0	0.0	IDENTICAL
ore_ont_15917	ok	ok	0.1	0.1	IDENTICAL
ore_ont_15921	ok	ok	0.1	0.1	IDENTICAL
ore_ont_15929	ok	ok	11.6	12.1	IDENTICAL
ore_ont_15932	ok	ok	0.1	0.0	IDENTICAL
ore_ont_15933	ok	ok	0.0	0.0	IDENTICAL
ore_ont_15944	ok	ok	0.1	0.1	IDENTICAL
ore_ont_15950	ok	ok	0.0	0.0	IDENTICAL
ore_ont_15968	ok	ok	0.0	0.0	IDENTICAL
ore_ont_15971	ok	ok	0.0	0.0	IDENTICAL
ore_ont_15976	ok	ok	2.9	2.6	IDENTICAL
ore_ont_15985	ok	ok	0.0	0.0	IDENTICAL
ore_ont_15991	ok	ok	0.4	0.4	IDENTICAL
ore_ont_15993	ok	ok	0.6	0.6	IDENTICAL
ore_ont_16008	ok	ok	37.9	23.0	IDENTICAL
ore_ont_16010	ok	ok	0.0	0.0	IDENTICAL
ore_ont_16017	ok	ok	0.2	0.2	IDENTICAL
ore_ont_1603	ok	ok	1.3	1.4	IDENTICAL
ore_ont_16033	ok	ok	0.0	0.0	IDENTICAL
ore_ont_16039	ok	ok	0.1	0.0	IDENTICAL
ore_ont_16054	ok	ok	0.0	0.0	IDENTICAL
ore_ont_16056	DNF	DNF	60.0	60.0	-
ore_ont_16076	ok	ok	0.0	0.0	IDENTICAL
ore_ont_16089	ok	ok	7.8	7.7	IDENTICAL
ore_ont_16105	ok	ok	0.2	0.1	IDENTICAL
ore_ont_16114	ok	ok	0.3	0.2	IDENTICAL
ore_ont_16115	ok	ok	0.0	0.0	IDENTICAL
ore_ont_16120	ok	ok	0.2	0.2	IDENTICAL
ore_ont_16124	ok	ok	0.2	0.2	IDENTICAL
ore_ont_16157	ok	ok	0.0	0.0	IDENTICAL
ore_ont_16166	ok	ok	0.0	0.0	IDENTICAL
ore_ont_16167	ok	ok	0.0	0.0	IDENTICAL
ore_ont_1618	ok	ok	0.0	0.0	IDENTICAL
ore_ont_16184	ok	ok	5.5	5.7	IDENTICAL
ore_ont_16188	ok	ok	0.0	0.0	IDENTICAL
ore_ont_16191	ok	ok	0.0	0.0	IDENTICAL
ore_ont_16197	ok	ok	0.0	0.0	IDENTICAL
ore_ont_16235	ok	ok	3.2	3.2	IDENTICAL
ore_ont_16255	ok	ok	0.0	0.0	IDENTICAL
ore_ont_16267	ok	ok	0.0	0.0	IDENTICAL
ore_ont_16268	ok	ok	0.0	0.0	IDENTICAL
ore_ont_16274	ok	ok	0.5	0.5	IDENTICAL
ore_ont_16283	ok	ok	0.6	0.6	IDENTICAL
ore_ont_16286	ok	ok	5.4	5.1	IDENTICAL
ore_ont_16289	ok	ok	0.0	0.0	IDENTICAL
ore_ont_16299	ok	ok	0.1	0.1	IDENTICAL
ore_ont_16303	ok	ok	0.8	0.8	IDENTICAL
ore_ont_16312	ok	ok	0.0	0.0	IDENTICAL
ore_ont_16315	ok	ok	4.2	4.0	IDENTICAL
ore_ont_16321	ok	ok	0.0	0.0	IDENTICAL
ore_ont_1634	DNF	DNF	60.0	60.0	-
ore_ont_16351	ok	ok	0.0	0.0	IDENTICAL
ore_ont_16359	ok	ok	0.0	0.0	IDENTICAL
ore_ont_16371	DNF	DNF	60.0	60.0	-
ore_ont_16372	ok	ok	11.1	11.2	IDENTICAL
ore_ont_16414	ok	ok	4.4	4.3	IDENTICAL
ore_ont_16420	DNF	DNF	60.0	60.0	-
ore_ont_16425	ok	ok	0.0	0.0	IDENTICAL
ore_ont_16428	ok	ok	5.2	5.1	IDENTICAL
ore_ont_16444	DNF	DNF	60.0	60.0	-
ore_ont_16453	ok	ok	0.1	0.1	IDENTICAL
ore_ont_16457	ok	ok	6.6	6.5	IDENTICAL
ore_ont_1646	ok	ok	1.0	1.0	IDENTICAL
ore_ont_16461	ok	ok	0.0	0.0	IDENTICAL
ore_ont_16462	DNF	DNF	60.1	60.1	-
ore_ont_16481	ok	ok	1.5	1.5	IDENTICAL
ore_ont_165	ok	ok	0.0	0.0	IDENTICAL
ore_ont_16501	ok	ok	0.0	0.0	IDENTICAL
ore_ont_16509	ok	ok	0.1	0.1	IDENTICAL
ore_ont_16511	ok	ok	0.8	0.7	IDENTICAL
ore_ont_16519	ok	ok	1.8	1.6	IDENTICAL
ore_ont_16535	ok	ok	0.1	0.1	IDENTICAL
ore_ont_16542	ok	ok	0.5	0.4	IDENTICAL
ore_ont_16547	ok	ok	0.1	0.1	IDENTICAL
ore_ont_16558	ok	ok	0.1	0.1	IDENTICAL
ore_ont_16559	ok	ok	0.3	0.3	IDENTICAL
ore_ont_16565	ok	ok	0.2	0.2	IDENTICAL
ore_ont_16586	ok	ok	6.5	6.2	IDENTICAL
ore_ont_16594	ok	ok	0.0	0.0	IDENTICAL
ore_ont_16596	ok	ok	3.3	2.6	IDENTICAL
ore_ont_16610	ok	ok	0.1	0.1	IDENTICAL
ore_ont_16617	ok	ok	0.2	0.2	IDENTICAL
ore_ont_16619	ok	ok	0.3	0.3	IDENTICAL
ore_ont_1662	ok	ok	0.0	0.0	IDENTICAL
ore_ont_16626	ok	ok	0.0	0.0	IDENTICAL
ore_ont_16630	ok	ok	0.0	0.0	IDENTICAL
ore_ont_16632	ok	ok	8.7	8.8	IDENTICAL
ore_ont_16642	ok	ok	0.2	0.2	IDENTICAL
ore_ont_1666	ok	ok	0.1	0.1	IDENTICAL
ore_ont_16666	ok	ok	1.3	1.3	IDENTICAL
ore_ont_16669	ok	ok	0.3	0.3	IDENTICAL
ore_ont_16670	ok	ok	0.0	0.0	IDENTICAL
ore_ont_16680	DNF	DNF	60.1	60.1	-
ore_ont_16684	ok	ok	1.1	1.0	IDENTICAL
ore_ont_16687	ok	ok	0.7	0.5	IDENTICAL
ore_ont_16701	ok	ok	4.8	4.6	IDENTICAL
ore_ont_16703	ok	ok	0.7	0.6	IDENTICAL
ore_ont_16708	ok	ok	0.0	0.0	IDENTICAL
ore_ont_1672	ok	ok	0.1	0.1	IDENTICAL
ore_ont_16723	ok	ok	0.0	0.0	IDENTICAL
ore_ont_1673	DNF	DNF	60.1	60.1	-
ore_ont_16730	ok	ok	0.0	0.0	IDENTICAL
ore_ont_16738	ok	ok	0.2	0.2	IDENTICAL
ore_ont_16744	DNF	DNF	60.1	60.1	-
ore_ont_16746	ok	ok	0.4	0.3	IDENTICAL
ore_ont_16750	ok	ok	0.1	0.1	IDENTICAL
ore_ont_16759	ok	ok	0.2	0.2	IDENTICAL
ore_ont_16767	ok	ok	0.7	0.7	IDENTICAL
ore_ont_16777	ok	ok	0.0	0.0	IDENTICAL
ore_ont_16800	ok	ok	17.4	27.4	IDENTICAL
ore_ont_16806	ok	ok	0.1	0.1	IDENTICAL
ore_ont_16814	ok	ok	0.0	0.0	IDENTICAL
ore_ont_16821	ok	ok	0.0	0.0	IDENTICAL
ore_ont_16822	ok	ok	0.2	0.2	IDENTICAL
ore_ont_16827	ok	ok	0.0	0.0	IDENTICAL
ore_ont_16829	ok	ok	2.3	2.1	IDENTICAL
ore_ont_16847	ok	ok	0.4	0.4	IDENTICAL
ore_ont_1685	ok	ok	0.5	0.5	IDENTICAL
ore_ont_16850	ok	ok	0.0	0.0	IDENTICAL
ore_ont_16853	ok	ok	0.5	0.5	IDENTICAL
ore_ont_16855	ok	ok	0.0	0.0	IDENTICAL
ore_ont_1705	ok	ok	0.0	0.0	IDENTICAL
ore_ont_1707	ok	ok	19.2	19.3	IDENTICAL
ore_ont_1728	ok	ok	0.0	0.0	IDENTICAL
ore_ont_1734	ok	ok	24.3	23.4	IDENTICAL
ore_ont_1743	ok	ok	0.2	0.2	IDENTICAL
ore_ont_1746	ok	ok	0.0	0.0	IDENTICAL
ore_ont_1756	ok	ok	0.0	0.0	IDENTICAL
ore_ont_1767	ok	ok	0.2	0.2	IDENTICAL
ore_ont_178	ok	ok	0.0	0.0	IDENTICAL
ore_ont_1784	ok	ok	0.1	0.1	IDENTICAL
ore_ont_1790	ok	ok	0.2	0.2	IDENTICAL
ore_ont_1793	ok	ok	0.0	0.0	IDENTICAL
ore_ont_1820	ok	ok	1.9	1.7	IDENTICAL
ore_ont_1821	ok	ok	1.8	1.8	IDENTICAL
ore_ont_1823	ok	ok	0.0	0.0	IDENTICAL
ore_ont_1833	DNF	DNF	61.0	60.9	-
ore_ont_1834	ok	ok	0.0	0.0	IDENTICAL
ore_ont_1840	ok	ok	1.0	1.0	IDENTICAL
ore_ont_185	ok	ok	0.1	0.1	IDENTICAL
ore_ont_1853	ok	ok	0.0	0.0	IDENTICAL
ore_ont_1866	ok	ok	0.0	0.0	IDENTICAL
ore_ont_1869	ok	ok	0.0	0.0	IDENTICAL
ore_ont_1870	ok	ok	0.2	0.2	IDENTICAL
ore_ont_1886	ok	ok	2.0	1.9	IDENTICAL
ore_ont_1898	ok	ok	0.0	0.0	IDENTICAL
ore_ont_1902	ok	ok	0.0	0.0	IDENTICAL
ore_ont_191	ok	ok	1.4	1.3	IDENTICAL
ore_ont_1931	ok	ok	0.1	0.0	IDENTICAL
ore_ont_1938	DNF	DNF	60.1	60.1	-
ore_ont_1944	ok	ok	0.0	0.0	IDENTICAL
ore_ont_1954	ok	ok	0.2	0.2	IDENTICAL
ore_ont_1958	ok	ok	2.6	2.6	IDENTICAL
ore_ont_1965	ok	ok	0.2	0.2	IDENTICAL
ore_ont_1966	ok	ok	5.6	5.4	IDENTICAL
ore_ont_1967	ok	ok	0.0	0.0	IDENTICAL
ore_ont_1970	ok	ok	0.1	0.1	IDENTICAL
ore_ont_1988	ok	ok	0.0	0.0	IDENTICAL
ore_ont_1997	ok	ok	1.2	1.2	IDENTICAL
ore_ont_20	ok	ok	3.2	2.7	IDENTICAL
ore_ont_2011	ok	ok	0.0	0.0	IDENTICAL
ore_ont_2012	ok	ok	0.0	0.0	IDENTICAL
ore_ont_2017	ok	ok	0.0	0.0	IDENTICAL
ore_ont_202	ok	ok	0.0	0.0	IDENTICAL
ore_ont_2020	ok	ok	0.4	0.4	IDENTICAL
ore_ont_2022	ok	ok	0.0	0.0	IDENTICAL
ore_ont_2036	ok	ok	0.0	0.0	IDENTICAL
ore_ont_2038	ok	ok	0.0	0.0	IDENTICAL
ore_ont_2046	ok	ok	1.6	1.7	IDENTICAL
ore_ont_205	DNF	DNF	60.0	60.0	-
ore_ont_2063	ok	ok	0.0	0.0	IDENTICAL
ore_ont_2066	ok	ok	0.0	0.0	IDENTICAL
ore_ont_2082	ok	ok	2.3	2.1	IDENTICAL
ore_ont_2105	ok	ok	0.2	0.2	IDENTICAL
ore_ont_2111	DNF	DNF	60.1	60.1	-
ore_ont_2121	ok	ok	25.1	13.8	IDENTICAL
ore_ont_2128	ok	ok	0.2	0.2	IDENTICAL
ore_ont_2129	ok	ok	0.1	0.1	IDENTICAL
ore_ont_2134	ok	ok	1.8	1.9	IDENTICAL
ore_ont_2142	ok	ok	1.2	1.2	IDENTICAL
ore_ont_218	ok	ok	1.0	1.1	IDENTICAL
ore_ont_2182	ok	ok	1.4	1.5	IDENTICAL
ore_ont_2195	ok	ok	0.0	0.0	IDENTICAL
ore_ont_22	ok	ok	0.1	0.1	IDENTICAL
ore_ont_2213	ok	ok	0.2	0.2	IDENTICAL
ore_ont_2228	ok	ok	0.0	0.0	IDENTICAL
ore_ont_2229	ok	ok	0.0	0.0	IDENTICAL
ore_ont_2232	ok	ok	23.1	23.2	IDENTICAL
ore_ont_2237	ok	ok	0.0	0.0	IDENTICAL
ore_ont_2243	ok	ok	2.6	2.6	IDENTICAL
ore_ont_2253	ok	ok	2.3	2.3	IDENTICAL
ore_ont_2266	ok	ok	0.0	0.0	IDENTICAL
ore_ont_2291	ok	ok	2.4	2.3	IDENTICAL
ore_ont_2302	DNF	DNF	60.1	60.1	-
ore_ont_2303	ok	ok	0.0	0.0	IDENTICAL
ore_ont_231	ok	ok	0.0	0.0	IDENTICAL
ore_ont_2313	ok	ok	2.7	2.7	IDENTICAL
ore_ont_2317	ok	ok	0.2	0.2	IDENTICAL
ore_ont_2318	ok	ok	0.2	0.2	IDENTICAL
ore_ont_2333	ok	ok	0.1	0.1	IDENTICAL
ore_ont_2338	ok	ok	0.0	0.0	IDENTICAL
ore_ont_236	ok	ok	0.1	0.1	IDENTICAL
ore_ont_2360	ok	ok	0.2	0.2	IDENTICAL
ore_ont_2361	ok	ok	2.7	2.6	IDENTICAL
ore_ont_237	ok	ok	0.0	0.0	IDENTICAL
ore_ont_2377	ok	ok	0.1	0.0	IDENTICAL
ore_ont_2378	ok	ok	0.0	0.0	IDENTICAL
ore_ont_239	DNF	DNF	60.0	60.0	-
ore_ont_2397	ok	ok	1.2	1.2	IDENTICAL
ore_ont_2415	ok	ok	14.7	18.6	IDENTICAL
ore_ont_2440	ok	ok	0.0	0.0	IDENTICAL
ore_ont_2453	ok	ok	0.0	0.0	IDENTICAL
ore_ont_2454	ok	ok	0.1	0.1	IDENTICAL
ore_ont_2456	ok	ok	0.0	0.0	IDENTICAL
ore_ont_2469	ok	ok	1.6	1.5	IDENTICAL
ore_ont_2485	ok	ok	0.0	0.0	IDENTICAL
ore_ont_2486	ok	ok	10.9	10.8	IDENTICAL
ore_ont_2488	ok	ok	0.0	0.0	IDENTICAL
ore_ont_2491	ok	ok	0.3	0.3	IDENTICAL
ore_ont_2496	ok	ok	0.0	0.0	IDENTICAL
ore_ont_2497	ok	ok	0.2	0.2	IDENTICAL
ore_ont_2504	DNF	DNF	60.4	60.4	-
ore_ont_2513	ok	ok	3.2	3.1	IDENTICAL
ore_ont_2526	ok	ok	0.0	0.0	IDENTICAL
ore_ont_253	ok	ok	0.3	0.3	IDENTICAL
ore_ont_2531	ok	ok	0.2	0.2	IDENTICAL
ore_ont_2548	ok	ok	0.2	0.3	IDENTICAL
ore_ont_2556	ok	ok	0.0	0.0	IDENTICAL
ore_ont_2557	ok	ok	0.0	0.0	IDENTICAL
ore_ont_2569	ok	ok	0.0	0.0	IDENTICAL
ore_ont_257	ok	ok	0.1	0.1	IDENTICAL
ore_ont_2574	ok	ok	58.0	58.0	IDENTICAL
ore_ont_2577	ok	ok	10.6	12.4	IDENTICAL
ore_ont_2578	ok	ok	3.6	3.6	IDENTICAL
ore_ont_258	ok	ok	0.0	0.0	IDENTICAL
ore_ont_259	ok	ok	0.2	0.2	IDENTICAL
ore_ont_2591	ok	ok	0.2	0.2	IDENTICAL
ore_ont_260	ok	ok	0.2	0.2	IDENTICAL
ore_ont_2604	ok	ok	0.2	0.1	IDENTICAL
ore_ont_2608	ok	ok	0.0	0.0	IDENTICAL
ore_ont_2612	ok	ok	0.0	0.0	IDENTICAL
ore_ont_2622	ok	ok	2.6	2.3	IDENTICAL
ore_ont_2624	ok	ok	0.2	0.2	IDENTICAL
ore_ont_2627	ok	ok	0.8	0.7	IDENTICAL
ore_ont_2632	ok	ok	11.4	12.8	IDENTICAL
ore_ont_264	ok	ok	0.1	0.1	IDENTICAL
ore_ont_2646	ok	ok	0.0	0.0	IDENTICAL
ore_ont_2652	ok	ok	0.0	0.0	IDENTICAL
ore_ont_2654	ok	ok	0.0	0.0	IDENTICAL
ore_ont_2656	ok	ok	0.3	0.3	IDENTICAL
ore_ont_2658	ok	ok	0.8	0.8	IDENTICAL
ore_ont_2661	ok	ok	0.5	0.5	IDENTICAL
ore_ont_2662	ok	ok	0.0	0.0	IDENTICAL
ore_ont_2664	ok	ok	0.2	0.2	IDENTICAL
ore_ont_2669	ok	ok	0.0	0.0	IDENTICAL
ore_ont_2672	ok	ok	0.0	0.0	IDENTICAL
ore_ont_2677	ok	ok	0.2	0.2	IDENTICAL
ore_ont_2678	ok	ok	0.0	0.0	IDENTICAL
ore_ont_269	ok	ok	0.6	0.6	IDENTICAL
ore_ont_2697	ok	ok	0.0	0.0	IDENTICAL
ore_ont_2700	ok	ok	0.2	0.2	IDENTICAL
ore_ont_2703	ok	ok	0.1	0.1	IDENTICAL
ore_ont_2713	ok	ok	0.0	0.0	IDENTICAL
ore_ont_2719	ok	ok	0.3	0.2	IDENTICAL
ore_ont_2720	ok	ok	0.0	0.0	IDENTICAL
ore_ont_2738	DNF	DNF	60.0	60.0	-
ore_ont_2744	ok	ok	0.0	0.0	IDENTICAL
ore_ont_2749	ok	ok	0.1	0.1	IDENTICAL
ore_ont_2753	ok	ok	0.0	0.0	IDENTICAL
ore_ont_2775	ok	ok	0.0	0.0	IDENTICAL
ore_ont_2783	ok	ok	0.2	0.2	IDENTICAL
ore_ont_2792	ok	ok	1.1	1.1	IDENTICAL
ore_ont_2803	ok	ok	7.8	7.8	IDENTICAL
ore_ont_2817	ok	ok	0.2	0.2	IDENTICAL
ore_ont_2820	ok	ok	1.6	1.3	IDENTICAL
ore_ont_2826	ok	ok	0.7	0.7	IDENTICAL
ore_ont_2828	ok	ok	4.4	4.2	IDENTICAL
ore_ont_283	ok	ok	1.5	1.5	IDENTICAL
ore_ont_2837	ok	ok	0.0	0.0	IDENTICAL
ore_ont_2848	ok	ok	0.1	0.1	IDENTICAL
ore_ont_2860	ok	ok	0.0	0.0	IDENTICAL
ore_ont_2874	DNF	DNF	60.0	60.0	-
ore_ont_2876	ok	ok	0.0	0.0	IDENTICAL
ore_ont_290	ok	ok	0.2	0.2	IDENTICAL
ore_ont_2901	DNF	DNF	60.0	60.0	-
ore_ont_2936	ok	ok	0.0	0.0	IDENTICAL
ore_ont_2950	ok	ok	0.1	0.1	IDENTICAL
ore_ont_2989	ok	ok	0.0	0.0	IDENTICAL
ore_ont_3003	ok	ok	0.0	0.0	IDENTICAL
ore_ont_3010	ok	ok	0.6	0.6	IDENTICAL
ore_ont_3022	ok	ok	0.0	0.0	IDENTICAL
ore_ont_304	ok	ok	0.0	0.0	IDENTICAL
ore_ont_3050	ok	ok	0.2	0.2	IDENTICAL
ore_ont_3053	ok	ok	0.0	0.0	IDENTICAL
ore_ont_3060	ok	ok	0.0	0.0	IDENTICAL
ore_ont_307	ok	ok	0.1	0.1	IDENTICAL
ore_ont_3077	ok	ok	2.8	2.7	IDENTICAL
ore_ont_3080	DNF	DNF	60.1	60.1	-
ore_ont_3082	ok	ok	0.0	0.0	IDENTICAL
ore_ont_3087	ok	ok	4.8	4.7	IDENTICAL
ore_ont_3100	ok	ok	4.7	4.5	IDENTICAL
ore_ont_3102	ok	ok	0.0	0.0	IDENTICAL
ore_ont_3106	ok	ok	0.1	0.1	IDENTICAL
ore_ont_3114	ok	ok	0.2	0.2	IDENTICAL
ore_ont_3128	ok	ok	0.0	0.0	IDENTICAL
ore_ont_3133	ok	ok	3.3	3.4	IDENTICAL
ore_ont_3156	ok	ok	0.6	0.7	IDENTICAL
ore_ont_316	ok	ok	0.0	0.0	IDENTICAL
ore_ont_3164	ok	ok	2.1	2.2	IDENTICAL
ore_ont_3177	ok	ok	0.1	0.1	IDENTICAL
ore_ont_318	ok	ok	4.5	4.5	IDENTICAL
ore_ont_3205	ok	ok	0.0	0.0	IDENTICAL
ore_ont_3214	ok	ok	0.2	0.2	IDENTICAL
ore_ont_3215	DNF	DNF	60.0	60.0	-
ore_ont_3231	ok	ok	0.1	0.1	IDENTICAL
ore_ont_3237	DNF	DNF	60.0	60.0	-
ore_ont_3238	ok	ok	0.2	0.2	IDENTICAL
ore_ont_3241	ok	ok	0.1	0.1	IDENTICAL
ore_ont_3250	ok	ok	2.2	2.2	IDENTICAL
ore_ont_3255	ok	ok	0.3	0.3	IDENTICAL
ore_ont_3258	ok	ok	0.0	0.0	IDENTICAL
ore_ont_3259	ok	ok	0.0	0.0	IDENTICAL
ore_ont_3260	ok	ok	0.0	0.0	IDENTICAL
ore_ont_3262	ok	ok	3.4	3.5	IDENTICAL
ore_ont_3263	ok	ok	0.0	0.0	IDENTICAL
ore_ont_3270	ok	ok	0.0	0.0	IDENTICAL
ore_ont_3274	ok	ok	2.9	2.8	IDENTICAL
ore_ont_3281	ok	ok	4.0	4.1	IDENTICAL
ore_ont_3282	ok	ok	15.1	15.0	IDENTICAL
ore_ont_3292	ok	ok	0.0	0.0	IDENTICAL
ore_ont_33	ok	ok	0.2	0.2	IDENTICAL
ore_ont_330	ok	ok	0.1	0.1	IDENTICAL
ore_ont_3301	ok	ok	0.0	0.0	IDENTICAL
ore_ont_3313	ok	ok	0.0	0.0	IDENTICAL
ore_ont_3329	ok	ok	0.2	0.2	IDENTICAL
ore_ont_3330	ok	ok	0.0	0.0	IDENTICAL
ore_ont_3341	ok	ok	0.0	0.0	IDENTICAL
ore_ont_3344	ok	ok	0.0	0.0	IDENTICAL
ore_ont_3349	ok	ok	0.0	0.0	IDENTICAL
ore_ont_3352	ok	ok	0.0	0.0	IDENTICAL
ore_ont_3357	ok	ok	0.2	0.2	IDENTICAL
ore_ont_336	ok	ok	0.2	0.2	IDENTICAL
ore_ont_3377	ok	ok	19.4	13.0	IDENTICAL
ore_ont_338	ok	ok	0.0	0.0	IDENTICAL
ore_ont_3381	ok	ok	0.2	0.2	IDENTICAL
ore_ont_3406	ok	ok	0.8	0.8	IDENTICAL
ore_ont_3411	ok	ok	0.0	0.0	IDENTICAL
ore_ont_3414	ok	ok	9.1	8.6	IDENTICAL
ore_ont_3418	ok	ok	0.0	0.0	IDENTICAL
ore_ont_345	DNF	DNF	60.1	60.1	-
ore_ont_3455	ok	ok	0.0	0.0	IDENTICAL
ore_ont_3463	ok	ok	0.0	0.0	IDENTICAL
ore_ont_3480	ok	ok	0.3	0.3	IDENTICAL
ore_ont_3484	ok	ok	0.0	0.0	IDENTICAL
ore_ont_3500	ok	ok	0.2	0.2	IDENTICAL
ore_ont_3503	ok	ok	0.1	0.1	IDENTICAL
ore_ont_3504	ok	ok	0.0	0.0	IDENTICAL
ore_ont_3508	ok	ok	6.5	7.3	IDENTICAL
ore_ont_3515	ok	ok	0.0	0.0	IDENTICAL
ore_ont_3516	ok	ok	0.2	0.2	IDENTICAL
ore_ont_3524	ok	ok	26.3	25.0	IDENTICAL
ore_ont_3529	ok	ok	0.2	0.2	IDENTICAL
ore_ont_3545	ok	ok	0.0	0.0	IDENTICAL
ore_ont_3550	ok	ok	0.0	0.0	IDENTICAL
ore_ont_3560	ok	ok	6.3	5.5	IDENTICAL
ore_ont_3561	ok	ok	0.2	0.2	IDENTICAL
ore_ont_3562	ok	ok	13.3	12.6	IDENTICAL
ore_ont_3566	ok	ok	0.1	0.1	IDENTICAL
ore_ont_3575	DNF	DNF	60.1	60.1	-
ore_ont_3584	ok	ok	0.2	0.2	IDENTICAL
ore_ont_3592	ok	ok	0.0	0.0	IDENTICAL
ore_ont_360	ok	ok	0.1	0.1	IDENTICAL
ore_ont_3635	ok	ok	0.0	0.0	IDENTICAL
ore_ont_3639	ok	ok	0.0	0.0	IDENTICAL
ore_ont_3640	ok	ok	0.1	0.1	IDENTICAL
ore_ont_3658	ok	ok	3.4	3.5	IDENTICAL
ore_ont_3671	ok	ok	0.0	0.0	IDENTICAL
ore_ont_3680	ok	ok	0.4	0.4	IDENTICAL
ore_ont_3685	ok	ok	0.0	0.0	IDENTICAL
ore_ont_3696	ok	ok	3.0	3.6	IDENTICAL
ore_ont_3708	ok	ok	0.0	0.0	IDENTICAL
ore_ont_3712	ok	ok	0.2	0.2	IDENTICAL
ore_ont_3726	ok	ok	0.0	0.0	IDENTICAL
ore_ont_3733	ok	ok	33.7	34.7	IDENTICAL
ore_ont_3737	ok	ok	1.3	1.3	IDENTICAL
ore_ont_3770	ok	ok	0.0	0.0	IDENTICAL
ore_ont_3771	ok	ok	0.0	0.0	IDENTICAL
ore_ont_3775	ok	ok	0.0	0.0	IDENTICAL
ore_ont_3780	ok	ok	0.0	0.0	IDENTICAL
ore_ont_3781	ok	ok	0.1	0.1	IDENTICAL
ore_ont_3783	ok	ok	0.1	0.1	IDENTICAL
ore_ont_3784	ok	ok	0.1	0.1	IDENTICAL
ore_ont_3789	ok	ok	0.0	0.0	IDENTICAL
ore_ont_3794	DNF	DNF	60.1	60.1	-
ore_ont_3795	ok	ok	0.2	0.2	IDENTICAL
ore_ont_3797	ok	ok	0.2	0.2	IDENTICAL
ore_ont_380	ok	ok	0.0	0.0	IDENTICAL
ore_ont_3806	ok	ok	0.0	0.0	IDENTICAL
ore_ont_3816	ok	ok	0.8	0.8	IDENTICAL
ore_ont_3832	ok	ok	0.0	0.0	IDENTICAL
ore_ont_3835	ok	ok	0.0	0.0	IDENTICAL
ore_ont_3836	ok	ok	17.5	16.2	IDENTICAL
ore_ont_3839	ok	ok	0.2	0.2	IDENTICAL
ore_ont_3842	ok	ok	0.0	0.0	IDENTICAL
ore_ont_3843	ok	ok	0.0	0.0	IDENTICAL
ore_ont_385	ok	ok	0.0	0.0	IDENTICAL
ore_ont_3852	ok	ok	0.0	0.0	IDENTICAL
ore_ont_3873	ok	ok	1.7	1.7	IDENTICAL
ore_ont_3884	ok	ok	0.0	0.0	IDENTICAL
ore_ont_3892	ok	ok	0.0	0.0	IDENTICAL
ore_ont_3905	ok	ok	0.2	0.2	IDENTICAL
ore_ont_3909	ok	ok	0.0	0.0	IDENTICAL
ore_ont_3910	ok	ok	0.0	0.0	IDENTICAL
ore_ont_3914	ok	ok	10.2	11.0	IDENTICAL
ore_ont_3916	ok	ok	0.1	0.1	IDENTICAL
ore_ont_3917	ok	ok	2.2	2.2	IDENTICAL
ore_ont_3919	ok	ok	0.4	0.4	IDENTICAL
ore_ont_3931	ok	ok	0.3	0.3	IDENTICAL
ore_ont_3936	ok	ok	0.0	0.0	IDENTICAL
ore_ont_394	ok	ok	0.0	0.0	IDENTICAL
ore_ont_3954	ok	ok	1.1	1.1	IDENTICAL
ore_ont_3966	ok	ok	0.0	0.0	IDENTICAL
ore_ont_3968	ok	ok	0.0	0.0	IDENTICAL
ore_ont_3978	ok	ok	0.0	0.0	IDENTICAL
ore_ont_3987	ok	ok	0.0	0.0	IDENTICAL
ore_ont_399	ok	ok	0.2	0.2	IDENTICAL
ore_ont_4006	ok	ok	1.0	0.9	IDENTICAL
ore_ont_4032	ok	ok	0.0	0.0	IDENTICAL
ore_ont_4033	ok	ok	1.0	1.0	IDENTICAL
ore_ont_4035	ok	ok	0.0	0.0	IDENTICAL
ore_ont_4049	ok	ok	0.4	0.4	IDENTICAL
ore_ont_4054	ok	ok	3.9	3.7	IDENTICAL
ore_ont_4074	ok	ok	0.0	0.0	IDENTICAL
ore_ont_4092	ok	ok	0.2	0.2	IDENTICAL
ore_ont_4106	ok	ok	0.0	0.0	IDENTICAL
ore_ont_412	ok	ok	0.2	0.2	IDENTICAL
ore_ont_4127	ok	ok	0.2	0.2	IDENTICAL
ore_ont_4133	ok	ok	0.0	0.0	IDENTICAL
ore_ont_4141	DNF	DNF	60.8	61.0	-
ore_ont_4162	ok	ok	0.2	0.2	IDENTICAL
ore_ont_4166	ok	ok	1.0	1.0	IDENTICAL
ore_ont_4178	ok	ok	0.3	0.3	IDENTICAL
ore_ont_4182	ok	ok	0.1	0.1	IDENTICAL
ore_ont_4187	ok	ok	3.2	3.3	IDENTICAL
ore_ont_4188	ok	ok	0.2	0.2	IDENTICAL
ore_ont_4193	ok	ok	0.0	0.0	IDENTICAL
ore_ont_4198	ok	ok	0.1	0.1	IDENTICAL
ore_ont_420	ok	ok	0.0	0.0	IDENTICAL
ore_ont_4205	ok	ok	6.4	5.6	IDENTICAL
ore_ont_4208	DNF	DNF	60.1	60.1	-
ore_ont_4210	ok	ok	0.2	0.2	IDENTICAL
ore_ont_4223	ok	ok	0.0	0.0	IDENTICAL
ore_ont_4226	ok	ok	0.1	0.1	IDENTICAL
ore_ont_4233	ok	ok	3.6	3.5	IDENTICAL
ore_ont_4235	ok	ok	0.4	0.4	IDENTICAL
ore_ont_4242	ok	ok	0.8	0.9	IDENTICAL
ore_ont_4260	ok	ok	0.1	0.1	IDENTICAL
ore_ont_4261	ok	ok	0.0	0.0	IDENTICAL
ore_ont_4263	ok	ok	0.2	0.2	IDENTICAL
ore_ont_4279	ok	ok	0.0	0.0	IDENTICAL
ore_ont_430	ok	ok	0.0	0.0	IDENTICAL
ore_ont_4313	ok	ok	0.0	0.0	IDENTICAL
ore_ont_4315	ok	ok	0.0	0.0	IDENTICAL
ore_ont_4354	ok	ok	0.0	0.0	IDENTICAL
ore_ont_4363	ok	ok	0.2	0.2	IDENTICAL
ore_ont_4382	ok	ok	0.0	0.0	IDENTICAL
ore_ont_4383	ok	ok	0.0	0.0	IDENTICAL
ore_ont_4388	ok	ok	0.0	0.0	IDENTICAL
ore_ont_4400	ok	ok	0.0	0.0	IDENTICAL
ore_ont_4410	ok	ok	2.0	2.1	IDENTICAL
ore_ont_4412	DNF	DNF	60.1	60.1	-
ore_ont_4423	ok	ok	0.2	0.2	IDENTICAL
ore_ont_4428	ok	ok	0.0	0.0	IDENTICAL
ore_ont_4429	ok	ok	0.2	0.2	IDENTICAL
ore_ont_443	ok	ok	0.4	0.4	IDENTICAL
ore_ont_4460	ok	ok	0.2	0.2	IDENTICAL
ore_ont_4469	ok	ok	0.0	0.0	IDENTICAL
ore_ont_4487	ok	ok	1.1	1.1	IDENTICAL
ore_ont_4503	ok	ok	0.1	0.1	IDENTICAL
ore_ont_4510	ok	ok	2.1	2.2	IDENTICAL
ore_ont_4515	ok	ok	0.2	0.2	IDENTICAL
ore_ont_4516	ok	ok	0.0	0.0	IDENTICAL
ore_ont_4527	ok	ok	0.0	0.0	IDENTICAL
ore_ont_4557	ok	ok	1.8	1.9	IDENTICAL
ore_ont_4567	ok	ok	1.6	1.6	IDENTICAL
ore_ont_457	ok	ok	0.0	0.0	IDENTICAL
ore_ont_4570	ok	ok	0.5	0.5	IDENTICAL
ore_ont_4572	DNF	DNF	60.7	60.7	-
ore_ont_4577	ok	ok	1.8	1.8	IDENTICAL
ore_ont_4578	ok	ok	0.1	0.1	IDENTICAL
ore_ont_4581	ok	ok	0.2	0.2	IDENTICAL
ore_ont_4587	ok	ok	0.2	0.2	IDENTICAL
ore_ont_4598	ok	ok	5.5	5.4	IDENTICAL
ore_ont_4604	DNF	DNF	60.1	60.1	-
ore_ont_4609	ok	ok	3.1	3.3	IDENTICAL
ore_ont_4610	ok	ok	0.1	0.1	IDENTICAL
ore_ont_4616	ok	ok	0.7	0.7	IDENTICAL
ore_ont_4617	ok	ok	1.3	1.1	IDENTICAL
ore_ont_4639	ok	ok	0.2	0.2	IDENTICAL
ore_ont_4652	ok	ok	0.0	0.0	IDENTICAL
ore_ont_4655	ok	ok	0.0	0.0	IDENTICAL
ore_ont_4662	ok	ok	0.2	0.2	IDENTICAL
ore_ont_4668	ok	ok	0.0	0.0	IDENTICAL
ore_ont_4669	DNF	DNF	60.0	60.0	-
ore_ont_4671	ok	ok	0.0	0.0	IDENTICAL
ore_ont_4719	ok	ok	0.0	0.0	IDENTICAL
ore_ont_4724	ok	ok	0.0	0.0	IDENTICAL
ore_ont_4732	ok	ok	0.2	0.2	IDENTICAL
ore_ont_4733	ok	ok	0.2	0.2	IDENTICAL
ore_ont_4737	ok	ok	0.1	0.1	IDENTICAL
ore_ont_4744	ok	ok	4.7	4.3	IDENTICAL
ore_ont_4755	ok	ok	4.0	3.9	IDENTICAL
ore_ont_4767	ok	ok	0.0	0.0	IDENTICAL
ore_ont_4770	ok	ok	0.2	0.2	IDENTICAL
ore_ont_4775	ok	ok	0.3	0.3	IDENTICAL
ore_ont_4780	ok	ok	0.3	0.3	IDENTICAL
ore_ont_4782	ok	ok	1.4	1.4	IDENTICAL
ore_ont_4796	ok	ok	39.2	39.5	IDENTICAL
ore_ont_4798	ok	ok	0.1	0.1	IDENTICAL
ore_ont_480	ok	ok	0.0	0.0	IDENTICAL
ore_ont_4802	ok	ok	4.2	4.1	IDENTICAL
ore_ont_4827	ok	ok	38.5	39.2	IDENTICAL
ore_ont_4834	ok	ok	0.2	0.2	IDENTICAL
ore_ont_4855	ok	ok	0.0	0.0	IDENTICAL
ore_ont_4856	ok	ok	0.0	0.0	IDENTICAL
ore_ont_4875	ok	ok	0.0	0.0	IDENTICAL
ore_ont_4897	ok	ok	0.0	0.0	IDENTICAL
ore_ont_4898	ok	ok	0.0	0.0	IDENTICAL
ore_ont_4903	ok	ok	11.2	11.4	IDENTICAL
ore_ont_4911	ok	ok	13.1	13.2	IDENTICAL
ore_ont_4917	ok	ok	0.8	0.8	IDENTICAL
ore_ont_4918	ok	ok	0.0	0.0	IDENTICAL
ore_ont_4936	ok	ok	0.0	0.0	IDENTICAL
ore_ont_4938	ok	ok	0.4	0.4	IDENTICAL
ore_ont_4952	ok	ok	1.6	1.5	IDENTICAL
ore_ont_4958	ok	ok	0.2	0.2	IDENTICAL
ore_ont_4961	ok	ok	0.0	0.0	IDENTICAL
ore_ont_4983	ok	ok	0.0	0.0	IDENTICAL
ore_ont_5002	ok	ok	0.1	0.1	IDENTICAL
ore_ont_5014	ok	ok	0.0	0.0	IDENTICAL
ore_ont_5033	ok	ok	0.0	0.0	IDENTICAL
ore_ont_5057	ok	ok	0.0	0.0	IDENTICAL
ore_ont_5059	ok	ok	0.9	0.8	IDENTICAL
ore_ont_507	ok	ok	0.0	0.0	IDENTICAL
ore_ont_5074	ok	ok	0.0	0.0	IDENTICAL
ore_ont_5078	ok	ok	0.0	0.0	IDENTICAL
ore_ont_508	ok	ok	0.0	0.0	IDENTICAL
ore_ont_5080	ok	ok	0.0	0.0	IDENTICAL
ore_ont_5089	ok	ok	0.0	0.0	IDENTICAL
ore_ont_509	ok	ok	0.1	0.1	IDENTICAL
ore_ont_5090	ok	ok	0.0	0.0	IDENTICAL
ore_ont_5092	ok	ok	0.2	0.2	IDENTICAL
ore_ont_5103	ok	ok	0.5	0.5	IDENTICAL
ore_ont_5107	ok	ok	6.8	11.1	IDENTICAL
ore_ont_5115	ok	ok	0.2	0.2	IDENTICAL
ore_ont_5141	DNF	DNF	60.0	60.0	-
ore_ont_5149	ok	ok	0.0	0.0	IDENTICAL
ore_ont_5159	ok	ok	0.0	0.0	IDENTICAL
ore_ont_5162	DNF	DNF	60.0	60.0	-
ore_ont_5164	ok	ok	0.0	0.0	IDENTICAL
ore_ont_5184	ok	ok	0.0	0.0	IDENTICAL
ore_ont_5188	ok	ok	0.3	0.3	IDENTICAL
ore_ont_5193	ok	ok	0.6	0.6	IDENTICAL
ore_ont_5197	ok	ok	0.1	0.1	IDENTICAL
ore_ont_5204	ok	ok	0.0	0.0	IDENTICAL
ore_ont_5205	ok	ok	0.0	0.0	IDENTICAL
ore_ont_5206	ok	ok	0.0	0.0	IDENTICAL
ore_ont_5213	ok	ok	0.0	0.0	IDENTICAL
ore_ont_5216	ok	ok	0.0	0.0	IDENTICAL
ore_ont_5218	DNF	DNF	60.1	60.1	-
ore_ont_5220	ok	ok	0.0	0.0	IDENTICAL
ore_ont_524	ok	ok	0.0	0.0	IDENTICAL
ore_ont_5241	ok	ok	0.1	0.1	IDENTICAL
ore_ont_5253	ok	ok	2.3	2.4	IDENTICAL
ore_ont_5255	ok	ok	0.0	0.0	IDENTICAL
ore_ont_5258	ok	ok	0.0	0.0	IDENTICAL
ore_ont_5260	DNF	DNF	60.0	60.0	-
ore_ont_5263	ok	ok	0.0	0.0	IDENTICAL
ore_ont_5266	ok	ok	0.0	0.0	IDENTICAL
ore_ont_5289	ok	ok	21.8	22.3	IDENTICAL
ore_ont_5292	ok	ok	0.0	0.0	IDENTICAL
ore_ont_5295	ok	ok	3.6	3.6	IDENTICAL
ore_ont_5298	ok	ok	0.2	0.2	IDENTICAL
ore_ont_5303	ok	ok	1.2	1.2	IDENTICAL
ore_ont_5324	ok	ok	0.0	0.0	IDENTICAL
ore_ont_5358	ok	ok	3.8	3.7	IDENTICAL
ore_ont_5359	ok	ok	5.0	4.9	IDENTICAL
ore_ont_5368	DNF	DNF	61.1	61.1	-
ore_ont_5376	ok	ok	0.0	0.0	IDENTICAL
ore_ont_5398	ok	ok	0.2	0.2	IDENTICAL
ore_ont_5404	ok	ok	0.0	0.0	IDENTICAL
ore_ont_541	ok	ok	0.0	0.0	IDENTICAL
ore_ont_5418	ok	ok	4.9	5.1	IDENTICAL
ore_ont_5438	DNF	DNF	60.0	60.0	-
ore_ont_544	ok	ok	0.0	0.0	IDENTICAL
ore_ont_5448	ok	ok	0.2	0.2	IDENTICAL
ore_ont_5462	ok	ok	0.1	0.1	IDENTICAL
ore_ont_5475	ok	ok	7.9	8.3	IDENTICAL
ore_ont_5481	ok	ok	5.9	5.9	IDENTICAL
ore_ont_5485	ok	ok	0.0	0.0	IDENTICAL
ore_ont_5487	ok	ok	0.3	0.3	IDENTICAL
ore_ont_5492	ok	ok	0.2	0.1	IDENTICAL
ore_ont_5502	ok	ok	0.5	0.5	IDENTICAL
ore_ont_5507	ok	ok	0.2	0.2	IDENTICAL
ore_ont_5509	ok	ok	0.0	0.0	IDENTICAL
ore_ont_5519	ok	ok	6.5	6.4	IDENTICAL
ore_ont_5539	ok	ok	0.0	0.0	IDENTICAL
ore_ont_5543	ok	ok	0.2	0.2	IDENTICAL
ore_ont_5544	ok	ok	0.4	0.4	IDENTICAL
ore_ont_5548	DNF	DNF	60.0	60.0	-
ore_ont_5549	ok	ok	2.6	2.6	IDENTICAL
ore_ont_5550	ok	ok	0.1	0.1	IDENTICAL
ore_ont_5564	ok	ok	0.0	0.0	IDENTICAL
ore_ont_5566	ok	ok	2.8	2.2	IDENTICAL
ore_ont_5572	ok	ok	0.0	0.0	IDENTICAL
ore_ont_5596	ok	ok	1.5	1.5	IDENTICAL
ore_ont_5602	ok	ok	1.9	1.9	IDENTICAL
ore_ont_5604	ok	ok	0.0	0.0	IDENTICAL
ore_ont_5612	ok	ok	11.9	11.7	IDENTICAL
ore_ont_5617	ok	ok	34.6	34.1	IDENTICAL
ore_ont_5646	ok	ok	0.0	0.0	IDENTICAL
ore_ont_566	ok	ok	0.0	0.0	IDENTICAL
ore_ont_5664	ok	ok	0.3	0.3	IDENTICAL
ore_ont_5665	ok	ok	0.0	0.0	IDENTICAL
ore_ont_5669	ok	ok	0.1	0.1	IDENTICAL
ore_ont_5679	ok	ok	0.0	0.0	IDENTICAL
ore_ont_568	ok	ok	0.0	0.0	IDENTICAL
ore_ont_5688	ok	ok	0.0	0.0	IDENTICAL
ore_ont_5690	ok	ok	0.1	0.1	IDENTICAL
ore_ont_5695	ok	ok	0.2	0.2	IDENTICAL
ore_ont_5696	ok	ok	0.0	0.0	IDENTICAL
ore_ont_5707	ok	ok	0.2	0.2	IDENTICAL
ore_ont_572	ok	ok	0.3	0.3	IDENTICAL
ore_ont_5721	ok	ok	0.1	0.1	IDENTICAL
ore_ont_5730	ok	ok	0.3	0.2	IDENTICAL
ore_ont_5742	ok	ok	0.0	0.0	IDENTICAL
ore_ont_5753	ok	ok	0.9	0.9	IDENTICAL
ore_ont_5755	ok	ok	1.1	1.1	IDENTICAL
ore_ont_5760	ok	ok	2.3	2.3	IDENTICAL
ore_ont_5764	DNF	DNF	60.0	60.0	-
ore_ont_5769	ok	ok	1.3	1.4	IDENTICAL
ore_ont_5774	ok	ok	0.0	0.0	IDENTICAL
ore_ont_5781	ok	ok	0.9	0.9	IDENTICAL
ore_ont_5792	ok	ok	0.1	0.1	IDENTICAL
ore_ont_580	ok	ok	0.0	0.0	IDENTICAL
ore_ont_5815	ok	ok	0.4	0.3	IDENTICAL
ore_ont_5834	ok	ok	0.7	0.7	IDENTICAL
ore_ont_5840	ok	ok	1.9	1.9	IDENTICAL
ore_ont_5841	ok	ok	0.2	0.2	IDENTICAL
ore_ont_5849	ok	ok	13.9	14.5	IDENTICAL
ore_ont_5852	ok	ok	0.0	0.0	IDENTICAL
ore_ont_5857	DNF	DNF	60.1	60.1	-
ore_ont_586	ok	ok	0.0	0.0	IDENTICAL
ore_ont_589	ok	ok	0.4	0.4	IDENTICAL
ore_ont_5894	ok	ok	0.1	0.1	IDENTICAL
ore_ont_5927	ok	ok	3.9	3.8	IDENTICAL
ore_ont_5932	ok	ok	0.0	0.0	IDENTICAL
ore_ont_5940	ok	ok	0.0	0.0	IDENTICAL
ore_ont_5943	ok	ok	0.2	0.2	IDENTICAL
ore_ont_5964	ok	ok	2.7	2.7	IDENTICAL
ore_ont_5965	ok	ok	0.2	0.2	IDENTICAL
ore_ont_5966	ok	ok	0.0	0.0	IDENTICAL
ore_ont_5974	ok	ok	0.2	0.2	IDENTICAL
ore_ont_5978	ok	ok	0.0	0.0	IDENTICAL
ore_ont_5983	ok	ok	0.0	0.0	IDENTICAL
ore_ont_6009	ok	ok	1.9	1.8	IDENTICAL
ore_ont_6020	ok	ok	0.1	0.1	IDENTICAL
ore_ont_6024	ok	ok	0.0	0.0	IDENTICAL
ore_ont_6035	ok	ok	0.3	0.3	IDENTICAL
ore_ont_6060	ok	ok	0.2	0.2	IDENTICAL
ore_ont_6065	ok	ok	0.4	0.5	IDENTICAL
ore_ont_6067	ok	ok	0.0	0.0	IDENTICAL
ore_ont_6076	ok	ok	0.3	0.4	IDENTICAL
ore_ont_6102	ok	ok	0.3	0.3	IDENTICAL
ore_ont_6108	ok	ok	4.3	3.9	IDENTICAL
ore_ont_6109	ok	ok	0.2	0.2	IDENTICAL
ore_ont_6111	ok	ok	2.1	2.0	IDENTICAL
ore_ont_6120	ok	ok	1.3	1.4	IDENTICAL
ore_ont_6132	ok	ok	25.7	21.4	IDENTICAL
ore_ont_6134	DNF	DNF	60.1	60.1	-
ore_ont_6146	ok	ok	0.1	0.1	IDENTICAL
ore_ont_6149	ok	ok	0.0	0.0	IDENTICAL
ore_ont_6198	ok	ok	0.3	0.3	IDENTICAL
ore_ont_6202	ok	ok	0.2	0.2	IDENTICAL
ore_ont_6207	ok	ok	0.0	0.0	IDENTICAL
ore_ont_6212	ok	ok	14.0	11.4	IDENTICAL
ore_ont_6223	ok	ok	4.6	4.5	IDENTICAL
ore_ont_6226	ok	ok	0.0	0.0	IDENTICAL
ore_ont_6230	ok	ok	0.1	0.1	IDENTICAL
ore_ont_6233	ok	ok	5.5	5.6	IDENTICAL
ore_ont_6234	ok	ok	2.3	2.3	IDENTICAL
ore_ont_6246	ok	ok	0.5	0.5	IDENTICAL
ore_ont_6258	ok	ok	0.1	0.1	IDENTICAL
ore_ont_6260	ok	ok	0.0	0.0	IDENTICAL
ore_ont_6266	ok	ok	0.2	0.2	IDENTICAL
ore_ont_6272	ok	ok	0.6	0.6	IDENTICAL
ore_ont_6278	ok	ok	0.0	0.0	IDENTICAL
ore_ont_6298	ok	ok	0.1	0.1	IDENTICAL
ore_ont_630	ok	ok	0.0	0.0	IDENTICAL
ore_ont_6310	ok	ok	0.6	0.6	IDENTICAL
ore_ont_6315	ok	ok	4.4	4.3	IDENTICAL
ore_ont_6333	DNF	DNF	60.0	60.0	-
ore_ont_6338	ok	ok	0.0	0.0	IDENTICAL
ore_ont_6354	ok	ok	0.2	0.2	IDENTICAL
ore_ont_6358	ok	ok	0.2	0.2	IDENTICAL
ore_ont_6368	ok	ok	0.0	0.0	IDENTICAL
ore_ont_637	ok	ok	0.0	0.0	IDENTICAL
ore_ont_6378	ok	ok	0.0	0.0	IDENTICAL
ore_ont_6401	ok	ok	0.0	0.0	IDENTICAL
ore_ont_6409	ok	ok	0.0	0.0	IDENTICAL
ore_ont_6417	ok	ok	0.0	0.0	IDENTICAL
ore_ont_6423	ok	ok	0.4	0.5	IDENTICAL
ore_ont_6433	ok	ok	0.3	0.3	IDENTICAL
ore_ont_6437	ok	ok	0.1	0.1	IDENTICAL
ore_ont_644	ok	ok	0.1	0.1	IDENTICAL
ore_ont_6443	ok	ok	0.2	0.2	IDENTICAL
ore_ont_6444	ok	ok	0.3	0.4	IDENTICAL
ore_ont_6446	ok	ok	0.1	0.1	IDENTICAL
ore_ont_6452	ok	ok	0.2	0.2	IDENTICAL
ore_ont_6453	ok	ok	0.2	0.2	IDENTICAL
ore_ont_6461	ok	ok	0.0	0.0	IDENTICAL
ore_ont_6469	ok	ok	0.2	0.2	IDENTICAL
ore_ont_6470	ok	ok	0.0	0.0	IDENTICAL
ore_ont_6477	ok	ok	3.5	3.2	IDENTICAL
ore_ont_6478	ok	ok	0.7	0.6	IDENTICAL
ore_ont_6483	ok	ok	0.2	0.2	IDENTICAL
ore_ont_6485	ok	ok	4.0	4.0	IDENTICAL
ore_ont_6495	ok	ok	0.0	0.0	IDENTICAL
ore_ont_6504	ok	ok	0.2	0.2	IDENTICAL
ore_ont_6535	ok	ok	0.2	0.2	IDENTICAL
ore_ont_6542	ok	ok	0.0	0.0	IDENTICAL
ore_ont_6566	ok	ok	0.0	0.0	IDENTICAL
ore_ont_6589	ok	ok	0.0	0.0	IDENTICAL
ore_ont_6608	DNF	DNF	60.0	60.0	-
ore_ont_6615	ok	ok	0.0	0.0	IDENTICAL
ore_ont_6617	ok	ok	0.0	0.0	IDENTICAL
ore_ont_6622	ok	ok	0.2	0.2	IDENTICAL
ore_ont_6627	DNF	DNF	60.1	60.1	-
ore_ont_6635	ok	ok	0.0	0.0	IDENTICAL
ore_ont_6659	ok	ok	1.0	1.0	IDENTICAL
ore_ont_6664	ok	ok	0.9	0.9	IDENTICAL
ore_ont_668	ok	ok	1.3	1.4	IDENTICAL
ore_ont_6682	DNF	DNF	60.1	60.0	-
ore_ont_6696	ok	ok	0.0	0.0	IDENTICAL
ore_ont_670	ok	ok	0.0	0.0	IDENTICAL
ore_ont_6712	DNF	DNF	60.0	60.0	-
ore_ont_6720	ok	ok	0.0	0.0	IDENTICAL
ore_ont_6722	ok	ok	1.8	1.7	IDENTICAL
ore_ont_6726	ok	ok	1.2	1.1	IDENTICAL
ore_ont_6727	ok	ok	0.1	0.1	IDENTICAL
ore_ont_6729	ok	ok	0.2	0.2	IDENTICAL
ore_ont_6735	ok	ok	0.0	0.0	IDENTICAL
ore_ont_6737	ok	ok	0.0	0.1	IDENTICAL
ore_ont_6751	ok	ok	0.2	0.2	IDENTICAL
ore_ont_6765	ok	ok	0.2	0.2	IDENTICAL
ore_ont_6792	ok	ok	0.1	0.1	IDENTICAL
ore_ont_6796	ok	ok	0.0	0.0	IDENTICAL
ore_ont_6800	ok	ok	0.3	0.3	IDENTICAL
ore_ont_6812	ok	ok	0.0	0.0	IDENTICAL
ore_ont_6815	ok	ok	0.2	0.2	IDENTICAL
ore_ont_6816	ok	ok	1.9	1.7	IDENTICAL
ore_ont_6817	ok	ok	0.0	0.0	IDENTICAL
ore_ont_6822	ok	ok	0.1	0.1	IDENTICAL
ore_ont_6833	ok	ok	1.2	1.2	IDENTICAL
ore_ont_6835	ok	ok	1.7	1.6	IDENTICAL
ore_ont_6847	ok	ok	0.2	0.2	IDENTICAL
ore_ont_6855	ok	ok	0.0	0.0	IDENTICAL
ore_ont_6857	ok	ok	0.0	0.0	IDENTICAL
ore_ont_6859	ok	ok	0.0	0.0	IDENTICAL
ore_ont_6862	ok	ok	0.2	0.2	IDENTICAL
ore_ont_6869	ok	ok	0.2	0.2	IDENTICAL
ore_ont_6870	ok	ok	0.2	0.2	IDENTICAL
ore_ont_6889	ok	ok	0.0	0.0	IDENTICAL
ore_ont_6892	ok	ok	0.2	0.2	IDENTICAL
ore_ont_6896	ok	ok	2.1	1.9	IDENTICAL
ore_ont_6905	ok	ok	0.1	0.1	IDENTICAL
ore_ont_6910	DNF	DNF	60.0	60.0	-
ore_ont_6923	ok	ok	39.8	40.2	IDENTICAL
ore_ont_6934	ok	ok	0.0	0.0	IDENTICAL
ore_ont_6939	ok	ok	0.0	0.0	IDENTICAL
ore_ont_6948	ok	ok	12.5	11.4	IDENTICAL
ore_ont_6951	ok	ok	0.1	0.1	IDENTICAL
ore_ont_6952	DNF	DNF	60.0	60.1	-
ore_ont_6967	ok	ok	0.0	0.0	IDENTICAL
ore_ont_6981	ok	ok	0.0	0.0	IDENTICAL
ore_ont_6983	ok	ok	0.0	0.0	IDENTICAL
ore_ont_699	ok	ok	2.6	2.7	IDENTICAL
ore_ont_6999	ok	ok	0.0	0.0	IDENTICAL
ore_ont_7003	ok	ok	0.0	0.0	IDENTICAL
ore_ont_7007	ok	ok	0.3	0.3	IDENTICAL
ore_ont_7011	ok	ok	2.3	2.4	IDENTICAL
ore_ont_7014	ok	ok	0.2	0.2	IDENTICAL
ore_ont_7015	ok	ok	0.1	0.1	IDENTICAL
ore_ont_7025	ok	ok	0.2	0.2	IDENTICAL
ore_ont_703	ok	ok	0.0	0.0	IDENTICAL
ore_ont_7052	ok	ok	0.1	0.1	IDENTICAL
ore_ont_7073	ok	ok	0.0	0.0	IDENTICAL
ore_ont_7079	ok	ok	0.2	0.2	IDENTICAL
ore_ont_7084	ok	ok	0.2	0.2	IDENTICAL
ore_ont_7102	ok	ok	0.2	0.2	IDENTICAL
ore_ont_7108	ok	ok	0.1	0.1	IDENTICAL
ore_ont_7111	DNF	DNF	60.0	60.0	-
ore_ont_7120	ok	ok	0.0	0.0	IDENTICAL
ore_ont_7127	DNF	DNF	60.0	60.0	-
ore_ont_714	ok	ok	0.0	0.0	IDENTICAL
ore_ont_7169	ok	ok	0.0	0.0	IDENTICAL
ore_ont_7174	DNF	DNF	60.0	60.0	-
ore_ont_7178	ok	ok	0.5	0.5	IDENTICAL
ore_ont_7179	ok	ok	0.0	0.0	IDENTICAL
ore_ont_7180	ok	ok	0.1	0.1	IDENTICAL
ore_ont_7188	ok	ok	0.3	0.3	IDENTICAL
ore_ont_7192	ok	ok	54.9	57.0	IDENTICAL
ore_ont_7195	ok	ok	0.1	0.1	IDENTICAL
ore_ont_7203	ok	ok	9.4	9.5	IDENTICAL
ore_ont_7204	ok	ok	58.7	60.0	IDENTICAL
ore_ont_7216	ok	ok	0.9	0.9	IDENTICAL
ore_ont_7218	ok	ok	0.1	0.1	IDENTICAL
ore_ont_7220	ok	ok	0.0	0.0	IDENTICAL
ore_ont_7226	ok	ok	0.2	0.2	IDENTICAL
ore_ont_7234	ok	ok	0.2	0.2	IDENTICAL
ore_ont_7237	ok	ok	0.2	0.2	IDENTICAL
ore_ont_7246	DNF	DNF	60.1	60.1	-
ore_ont_725	ok	ok	0.0	0.0	IDENTICAL
ore_ont_7251	ok	ok	0.2	0.2	IDENTICAL
ore_ont_7256	ok	ok	0.8	0.8	IDENTICAL
ore_ont_727	ok	ok	0.0	0.0	IDENTICAL
ore_ont_7270	ok	ok	0.0	0.0	IDENTICAL
ore_ont_7275	ok	ok	0.1	0.1	IDENTICAL
ore_ont_7278	ok	ok	0.0	0.0	IDENTICAL
ore_ont_7300	ok	ok	0.9	0.9	IDENTICAL
ore_ont_7320	ok	ok	0.2	0.2	IDENTICAL
ore_ont_7327	ok	ok	0.0	0.1	IDENTICAL
ore_ont_7339	ok	ok	0.0	0.0	IDENTICAL
ore_ont_7340	ok	ok	2.5	2.1	IDENTICAL
ore_ont_7342	ok	ok	0.0	0.0	IDENTICAL
ore_ont_7343	ok	ok	1.4	1.4	IDENTICAL
ore_ont_7345	ok	ok	0.1	0.1	IDENTICAL
ore_ont_7356	ok	ok	0.1	0.1	IDENTICAL
ore_ont_7361	DNF	DNF	60.1	60.1	-
ore_ont_7364	ok	ok	0.1	0.1	IDENTICAL
ore_ont_7370	ok	ok	2.8	2.7	IDENTICAL
ore_ont_7372	ok	ok	0.1	0.1	IDENTICAL
ore_ont_7373	ok	ok	0.0	0.0	IDENTICAL
ore_ont_7389	ok	ok	0.4	0.4	IDENTICAL
ore_ont_7394	ok	ok	0.0	0.0	IDENTICAL
ore_ont_7399	ok	ok	0.2	0.2	IDENTICAL
ore_ont_7401	ok	ok	0.7	0.7	IDENTICAL
ore_ont_7409	DNF	DNF	60.1	60.1	-
ore_ont_7416	ok	ok	7.4	10.5	IDENTICAL
ore_ont_7417	ok	ok	0.0	0.0	IDENTICAL
ore_ont_7418	ok	ok	0.0	0.0	IDENTICAL
ore_ont_7439	ok	ok	0.1	0.1	IDENTICAL
ore_ont_7455	ok	ok	1.4	1.3	IDENTICAL
ore_ont_7464	ok	ok	0.0	0.0	IDENTICAL
ore_ont_7474	ok	ok	0.2	0.2	IDENTICAL
ore_ont_7479	ok	ok	0.2	0.2	IDENTICAL
ore_ont_7482	ok	ok	0.0	0.0	IDENTICAL
ore_ont_7483	ok	ok	0.0	0.0	IDENTICAL
ore_ont_7488	ok	ok	0.1	0.1	IDENTICAL
ore_ont_7493	ok	ok	1.9	2.3	IDENTICAL
ore_ont_7496	ok	ok	2.1	2.2	IDENTICAL
ore_ont_7499	DNF	DNF	60.0	60.0	-
ore_ont_7507	DNF	DNF	60.1	60.1	-
ore_ont_751	ok	ok	4.6	4.2	IDENTICAL
ore_ont_7517	ok	ok	0.0	0.0	IDENTICAL
ore_ont_7525	ok	ok	0.0	0.0	IDENTICAL
ore_ont_7532	ok	ok	1.9	2.1	IDENTICAL
ore_ont_7536	ok	ok	0.6	0.6	IDENTICAL
ore_ont_7537	ok	ok	0.2	0.2	IDENTICAL
ore_ont_7540	ok	ok	0.9	0.8	IDENTICAL
ore_ont_7557	ok	ok	15.4	14.8	IDENTICAL
ore_ont_7567	ok	ok	2.2	2.2	IDENTICAL
ore_ont_7569	ok	ok	0.2	0.2	IDENTICAL
ore_ont_7576	ok	ok	0.0	0.0	IDENTICAL
ore_ont_7578	ok	ok	10.8	10.5	IDENTICAL
ore_ont_7581	DNF	DNF	60.0	60.0	-
ore_ont_7584	ok	ok	0.0	0.0	IDENTICAL
ore_ont_7607	ok	ok	0.8	0.8	IDENTICAL
ore_ont_7608	ok	ok	0.5	0.4	IDENTICAL
ore_ont_7610	ok	ok	0.0	0.1	IDENTICAL
ore_ont_762	ok	ok	8.7	8.4	IDENTICAL
ore_ont_7639	ok	ok	0.0	0.0	IDENTICAL
ore_ont_7646	DNF	DNF	60.1	60.1	-
ore_ont_766	ok	ok	0.0	0.0	IDENTICAL
ore_ont_7663	ok	ok	0.0	0.0	IDENTICAL
ore_ont_7668	ok	ok	0.0	0.0	IDENTICAL
ore_ont_7680	ok	ok	0.1	0.1	IDENTICAL
ore_ont_770	ok	ok	0.2	0.2	IDENTICAL
ore_ont_7706	ok	ok	0.4	0.4	IDENTICAL
ore_ont_7712	DNF	DNF	60.0	60.0	-
ore_ont_7716	ok	ok	0.3	0.4	IDENTICAL
ore_ont_7726	ok	ok	0.2	0.2	IDENTICAL
ore_ont_7728	ok	ok	1.5	1.4	IDENTICAL
ore_ont_7729	DNF	DNF	60.1	60.1	-
ore_ont_773	ok	ok	1.1	1.1	IDENTICAL
ore_ont_7730	ok	ok	0.0	0.0	IDENTICAL
ore_ont_7743	ok	ok	0.1	0.1	IDENTICAL
ore_ont_7758	ok	ok	0.2	0.2	IDENTICAL
ore_ont_7775	ok	ok	3.5	3.4	IDENTICAL
ore_ont_7776	ok	ok	0.0	0.0	IDENTICAL
ore_ont_7778	ok	ok	0.1	0.0	IDENTICAL
ore_ont_778	ok	ok	1.6	1.6	IDENTICAL
ore_ont_7789	ok	ok	0.0	0.0	IDENTICAL
ore_ont_7800	ok	ok	0.0	0.0	IDENTICAL
ore_ont_7803	ok	ok	9.8	11.4	IDENTICAL
ore_ont_7817	ok	ok	0.1	0.1	IDENTICAL
ore_ont_7818	ok	ok	0.0	0.0	IDENTICAL
ore_ont_7820	ok	ok	0.0	0.0	IDENTICAL
ore_ont_7823	ok	ok	0.2	0.2	IDENTICAL
ore_ont_7828	DNF	DNF	60.0	60.0	-
ore_ont_7831	ok	ok	0.4	0.4	IDENTICAL
ore_ont_7833	ok	ok	0.0	0.0	IDENTICAL
ore_ont_7839	ok	ok	0.0	0.0	IDENTICAL
ore_ont_7858	ok	ok	0.2	0.3	IDENTICAL
ore_ont_786	ok	ok	1.6	1.5	IDENTICAL
ore_ont_7868	ok	ok	4.1	3.6	IDENTICAL
ore_ont_7877	ok	ok	0.1	0.1	IDENTICAL
ore_ont_7890	ok	ok	0.0	0.0	IDENTICAL
ore_ont_7893	ok	ok	0.2	0.2	IDENTICAL
ore_ont_7894	ok	ok	0.0	0.0	IDENTICAL
ore_ont_7901	ok	ok	0.0	0.0	IDENTICAL
ore_ont_7908	ok	ok	3.0	2.7	IDENTICAL
ore_ont_7914	DNF	DNF	60.0	60.0	-
ore_ont_7926	ok	ok	0.2	0.2	IDENTICAL
ore_ont_7938	ok	ok	0.0	0.0	IDENTICAL
ore_ont_7944	ok	ok	0.2	0.2	IDENTICAL
ore_ont_795	ok	ok	5.5	5.6	IDENTICAL
ore_ont_7956	DNF	DNF	60.1	60.1	-
ore_ont_7962	ok	ok	0.0	0.0	IDENTICAL
ore_ont_7969	ok	ok	0.0	0.0	IDENTICAL
ore_ont_7988	ok	ok	0.0	0.0	IDENTICAL
ore_ont_7993	ok	ok	2.3	2.3	IDENTICAL
ore_ont_7995	ok	ok	0.0	0.0	IDENTICAL
ore_ont_8006	ok	ok	0.0	0.0	IDENTICAL
ore_ont_8019	ok	ok	0.0	0.0	IDENTICAL
ore_ont_802	ok	ok	0.1	0.1	IDENTICAL
ore_ont_8021	ok	ok	0.0	0.0	IDENTICAL
ore_ont_8030	ok	ok	0.0	0.0	IDENTICAL
ore_ont_8042	ok	ok	0.7	0.7	IDENTICAL
ore_ont_8047	ok	ok	0.0	0.0	IDENTICAL
ore_ont_8050	ok	ok	0.0	0.0	IDENTICAL
ore_ont_8068	ok	ok	2.8	2.5	IDENTICAL
ore_ont_8090	ok	ok	0.1	0.1	IDENTICAL
ore_ont_8094	ok	ok	0.0	0.0	IDENTICAL
ore_ont_8119	ok	ok	0.0	0.0	IDENTICAL
ore_ont_8128	ok	ok	0.0	0.0	IDENTICAL
ore_ont_8135	ok	ok	0.0	0.0	IDENTICAL
ore_ont_8141	ok	ok	5.0	5.1	IDENTICAL
ore_ont_8142	ok	ok	0.0	0.0	IDENTICAL
ore_ont_8145	ok	ok	1.4	1.3	IDENTICAL
ore_ont_8148	ok	ok	1.2	1.2	IDENTICAL
ore_ont_8166	ok	ok	0.0	0.0	IDENTICAL
ore_ont_8169	ok	ok	0.0	0.0	IDENTICAL
ore_ont_8171	ok	ok	0.2	0.2	IDENTICAL
ore_ont_8175	ok	ok	0.0	0.0	IDENTICAL
ore_ont_8187	ok	ok	0.0	0.0	IDENTICAL
ore_ont_8189	ok	ok	0.0	0.0	IDENTICAL
ore_ont_8194	DNF	DNF	60.1	60.1	-
ore_ont_8203	ok	ok	0.1	0.1	IDENTICAL
ore_ont_8226	ok	ok	0.0	0.0	IDENTICAL
ore_ont_8250	ok	ok	0.2	0.2	IDENTICAL
ore_ont_8273	DNF	DNF	60.0	60.0	-
ore_ont_8280	ok	ok	0.0	0.0	IDENTICAL
ore_ont_8286	ok	ok	0.2	0.2	IDENTICAL
ore_ont_8290	ok	ok	0.0	0.0	IDENTICAL
ore_ont_8294	ok	ok	0.4	0.4	IDENTICAL
ore_ont_8298	ok	ok	0.1	0.1	IDENTICAL
ore_ont_8322	ok	ok	0.2	0.2	IDENTICAL
ore_ont_8326	ok	ok	0.2	0.2	IDENTICAL
ore_ont_8327	ok	ok	0.0	0.0	IDENTICAL
ore_ont_8329	ok	ok	0.1	0.1	IDENTICAL
ore_ont_8335	ok	ok	0.0	0.0	IDENTICAL
ore_ont_8347	ok	ok	0.2	0.2	IDENTICAL
ore_ont_8355	ok	ok	0.0	0.0	IDENTICAL
ore_ont_8359	ok	ok	0.2	0.2	IDENTICAL
ore_ont_8362	ok	ok	0.0	0.0	IDENTICAL
ore_ont_8369	ok	ok	0.0	0.0	IDENTICAL
ore_ont_8377	ok	ok	0.4	0.4	IDENTICAL
ore_ont_8387	ok	ok	0.0	0.0	IDENTICAL
ore_ont_8388	DNF	DNF	60.1	60.1	-
ore_ont_8396	ok	ok	0.0	0.0	IDENTICAL
ore_ont_8399	ok	ok	0.1	0.1	IDENTICAL
ore_ont_840	ok	ok	2.4	2.3	IDENTICAL
ore_ont_8417	ok	ok	0.2	0.2	IDENTICAL
ore_ont_8429	ok	ok	30.6	30.7	IDENTICAL
ore_ont_8431	ok	ok	0.2	0.2	IDENTICAL
ore_ont_8432	ok	ok	0.7	0.7	IDENTICAL
ore_ont_8441	DNF	DNF	60.0	60.0	-
ore_ont_8445	DNF	DNF	60.8	60.9	-
ore_ont_8460	ok	ok	0.1	0.1	IDENTICAL
ore_ont_8462	ok	ok	0.0	0.0	IDENTICAL
ore_ont_8470	ok	ok	0.5	0.5	IDENTICAL
ore_ont_8475	DNF	DNF	60.1	60.1	-
ore_ont_8480	ok	ok	1.6	1.5	IDENTICAL
ore_ont_8486	ok	ok	50.4	28.0	IDENTICAL
ore_ont_8492	ok	ok	0.1	0.1	IDENTICAL
ore_ont_85	ok	ok	0.0	0.0	IDENTICAL
ore_ont_850	ok	ok	0.7	0.7	IDENTICAL
ore_ont_8502	ok	ok	0.0	0.0	IDENTICAL
ore_ont_8509	ok	ok	0.3	0.3	IDENTICAL
ore_ont_8557	ok	ok	0.7	0.7	IDENTICAL
ore_ont_8563	ok	ok	0.1	0.1	IDENTICAL
ore_ont_8578	ok	ok	0.0	0.0	IDENTICAL
ore_ont_8579	ok	ok	0.2	0.2	IDENTICAL
ore_ont_8595	ok	ok	0.1	0.1	IDENTICAL
ore_ont_8627	ok	ok	0.1	0.1	IDENTICAL
ore_ont_8631	ok	ok	0.1	0.1	IDENTICAL
ore_ont_8634	ok	ok	2.1	2.0	IDENTICAL
ore_ont_8640	ok	ok	0.1	0.1	IDENTICAL
ore_ont_8641	ok	ok	0.1	0.1	IDENTICAL
ore_ont_8662	ok	ok	0.0	0.0	IDENTICAL
ore_ont_8665	ok	ok	0.0	0.0	IDENTICAL
ore_ont_8666	ok	ok	5.9	5.8	IDENTICAL
ore_ont_8667	ok	ok	0.0	0.0	IDENTICAL
ore_ont_8668	ok	ok	0.2	0.2	IDENTICAL
ore_ont_8671	ok	ok	2.4	2.1	IDENTICAL
ore_ont_868	ok	ok	60.0	31.6	IDENTICAL
ore_ont_8684	ok	ok	0.2	0.2	IDENTICAL
ore_ont_8688	ok	ok	0.2	0.2	IDENTICAL
ore_ont_869	ok	ok	0.1	0.1	IDENTICAL
ore_ont_8705	ok	ok	3.5	3.6	IDENTICAL
ore_ont_8712	ok	ok	0.3	0.3	IDENTICAL
ore_ont_8719	ok	ok	0.2	0.2	IDENTICAL
ore_ont_8723	ok	ok	1.2	1.2	IDENTICAL
ore_ont_8730	ok	ok	0.0	0.0	IDENTICAL
ore_ont_8737	DNF	DNF	60.1	60.1	-
ore_ont_8744	ok	ok	0.1	0.1	IDENTICAL
ore_ont_8755	ok	ok	0.2	0.2	IDENTICAL
ore_ont_8759	ok	ok	0.1	0.1	IDENTICAL
ore_ont_8779	ok	ok	0.1	0.1	IDENTICAL
ore_ont_8781	ok	ok	0.0	0.0	IDENTICAL
ore_ont_8786	ok	ok	0.6	0.6	IDENTICAL
ore_ont_8787	ok	ok	2.3	2.1	IDENTICAL
ore_ont_8792	ok	ok	0.4	0.3	IDENTICAL
ore_ont_8806	ok	ok	0.0	0.0	IDENTICAL
ore_ont_8844	ok	ok	0.2	0.2	IDENTICAL
ore_ont_8858	ok	ok	1.2	1.3	IDENTICAL
ore_ont_8864	ok	ok	0.2	0.2	IDENTICAL
ore_ont_8882	ok	ok	0.1	0.1	IDENTICAL
ore_ont_8902	ok	ok	0.2	0.2	IDENTICAL
ore_ont_891	ok	ok	0.2	0.2	IDENTICAL
ore_ont_8911	ok	ok	11.9	12.4	IDENTICAL
ore_ont_8916	ok	ok	0.0	0.0	IDENTICAL
ore_ont_8933	ok	ok	0.1	0.1	IDENTICAL
ore_ont_8937	ok	ok	0.0	0.0	IDENTICAL
ore_ont_894	ok	ok	0.0	0.0	IDENTICAL
ore_ont_8940	ok	ok	0.1	0.1	IDENTICAL
ore_ont_8941	ok	ok	0.0	0.0	IDENTICAL
ore_ont_8948	ok	ok	0.0	0.0	IDENTICAL
ore_ont_8949	ok	ok	0.0	0.0	IDENTICAL
ore_ont_8951	ok	ok	0.0	0.0	IDENTICAL
ore_ont_8974	ok	ok	0.0	0.0	IDENTICAL
ore_ont_8975	ok	ok	0.0	0.0	IDENTICAL
ore_ont_8982	ok	ok	2.1	2.0	IDENTICAL
ore_ont_8989	ok	ok	0.7	0.7	IDENTICAL
ore_ont_8995	ok	ok	0.3	0.4	IDENTICAL
ore_ont_8999	ok	ok	0.2	0.2	IDENTICAL
ore_ont_9002	ok	ok	0.0	0.0	IDENTICAL
ore_ont_9012	ok	ok	0.6	0.6	IDENTICAL
ore_ont_9014	ok	ok	0.1	0.1	IDENTICAL
ore_ont_9020	ok	ok	0.1	0.1	IDENTICAL
ore_ont_9024	ok	ok	0.4	0.4	IDENTICAL
ore_ont_9027	DNF	DNF	60.0	60.1	-
ore_ont_9031	ok	ok	0.0	0.0	IDENTICAL
ore_ont_9037	ok	ok	0.2	0.2	IDENTICAL
ore_ont_904	ok	ok	1.2	1.1	IDENTICAL
ore_ont_9046	ok	ok	0.9	0.9	IDENTICAL
ore_ont_9053	ok	ok	1.1	1.1	IDENTICAL
ore_ont_9054	ok	ok	0.0	0.0	IDENTICAL
ore_ont_9088	ok	ok	0.0	0.0	IDENTICAL
ore_ont_9096	ok	ok	0.0	0.0	IDENTICAL
ore_ont_9119	ok	ok	0.4	0.4	IDENTICAL
ore_ont_9122	ok	ok	0.1	0.1	IDENTICAL
ore_ont_9151	ok	ok	34.8	34.6	IDENTICAL
ore_ont_9154	ok	ok	0.0	0.0	IDENTICAL
ore_ont_9186	ok	ok	0.2	0.2	IDENTICAL
ore_ont_9204	ok	ok	0.0	0.0	IDENTICAL
ore_ont_9240	ok	ok	0.2	0.2	IDENTICAL
ore_ont_9248	ok	ok	0.1	0.1	IDENTICAL
ore_ont_9249	ok	ok	0.1	0.0	IDENTICAL
ore_ont_9251	ok	ok	0.0	0.0	IDENTICAL
ore_ont_9257	ok	ok	0.2	0.2	IDENTICAL
ore_ont_928	ok	ok	0.1	0.1	IDENTICAL
ore_ont_9299	ok	ok	34.8	34.7	IDENTICAL
ore_ont_9303	ok	ok	0.1	0.1	IDENTICAL
ore_ont_9318	ok	ok	0.9	0.8	IDENTICAL
ore_ont_934	ok	ok	50.9	51.0	IDENTICAL
ore_ont_9347	ok	ok	0.7	0.6	IDENTICAL
ore_ont_935	ok	ok	0.4	0.4	IDENTICAL
ore_ont_9382	ok	ok	0.2	0.2	IDENTICAL
ore_ont_9386	ok	ok	0.1	0.1	IDENTICAL
ore_ont_9400	ok	ok	4.1	4.1	IDENTICAL
ore_ont_9402	ok	ok	0.0	0.0	IDENTICAL
ore_ont_9413	ok	ok	2.2	2.2	IDENTICAL
ore_ont_9422	ok	ok	0.0	0.0	IDENTICAL
ore_ont_9429	ok	ok	55.4	55.6	IDENTICAL
ore_ont_9435	ok	ok	0.1	0.1	IDENTICAL
ore_ont_9462	ok	ok	0.0	0.0	IDENTICAL
ore_ont_947	ok	ok	0.2	0.1	IDENTICAL
ore_ont_9498	ok	ok	9.4	7.3	IDENTICAL
ore_ont_9499	ok	ok	4.4	4.4	IDENTICAL
ore_ont_950	ok	ok	0.1	0.1	IDENTICAL
ore_ont_9509	ok	ok	0.0	0.0	IDENTICAL
ore_ont_9513	ok	ok	0.4	0.3	IDENTICAL
ore_ont_9534	ok	ok	0.2	0.2	IDENTICAL
ore_ont_954	ok	ok	11.9	12.2	IDENTICAL
ore_ont_9540	ok	ok	8.9	8.9	IDENTICAL
ore_ont_9545	ok	ok	0.6	0.6	IDENTICAL
ore_ont_955	DNF	DNF	60.1	60.1	-
ore_ont_9557	ok	ok	0.0	0.0	IDENTICAL
ore_ont_9558	ok	ok	0.2	0.2	IDENTICAL
ore_ont_9567	ok	ok	1.1	1.1	IDENTICAL
ore_ont_9577	DNF	DNF	60.0	60.0	-
ore_ont_9590	ok	ok	0.3	0.3	IDENTICAL
ore_ont_9596	ok	ok	0.2	0.2	IDENTICAL
ore_ont_9598	ok	ok	0.0	0.0	IDENTICAL
ore_ont_960	ok	ok	0.2	0.2	IDENTICAL
ore_ont_9600	ok	ok	0.0	0.0	IDENTICAL
ore_ont_9612	ok	ok	0.1	0.1	IDENTICAL
ore_ont_9617	ok	ok	0.0	0.0	IDENTICAL
ore_ont_9635	ok	ok	0.0	0.0	IDENTICAL
ore_ont_964	ok	ok	0.2	0.2	IDENTICAL
ore_ont_9646	ok	ok	0.0	0.0	IDENTICAL
ore_ont_9654	ok	ok	8.3	8.7	IDENTICAL
ore_ont_9662	ok	ok	1.4	1.5	IDENTICAL
ore_ont_9663	DNF	DNF	60.0	60.0	-
ore_ont_9666	ok	ok	0.0	0.0	IDENTICAL
ore_ont_9668	ok	ok	0.2	0.2	IDENTICAL
ore_ont_9673	ok	ok	0.1	0.1	IDENTICAL
ore_ont_9674	ok	ok	59.8	30.4	IDENTICAL
ore_ont_9684	DNF	DNF	60.0	60.0	-
ore_ont_9689	ok	ok	0.0	0.0	IDENTICAL
ore_ont_9690	ok	ok	0.0	0.0	IDENTICAL
ore_ont_9694	ok	ok	0.5	0.5	IDENTICAL
ore_ont_9695	ok	ok	0.0	0.0	IDENTICAL
ore_ont_9709	ok	ok	0.0	0.0	IDENTICAL
ore_ont_9724	DNF	DNF	60.1	60.1	-
ore_ont_9736	ok	ok	0.0	0.0	IDENTICAL
ore_ont_9739	DNF	DNF	60.0	60.0	-
ore_ont_9758	ok	ok	0.2	0.2	IDENTICAL
ore_ont_9761	ok	ok	0.1	0.1	IDENTICAL
ore_ont_9767	ok	ok	4.6	4.5	IDENTICAL
ore_ont_9768	ok	ok	1.9	2.1	IDENTICAL
ore_ont_9772	ok	ok	0.1	0.1	IDENTICAL
ore_ont_9783	ok	ok	0.0	0.0	IDENTICAL
ore_ont_9786	ok	ok	2.3	2.4	IDENTICAL
ore_ont_9790	ok	ok	0.1	0.1	IDENTICAL
ore_ont_9791	DNF	DNF	60.0	60.0	-
ore_ont_9792	ok	ok	0.3	0.2	IDENTICAL
ore_ont_9794	ok	ok	6.3	6.5	IDENTICAL
ore_ont_980	ok	ok	0.2	0.2	IDENTICAL
ore_ont_9800	ok	ok	0.8	0.8	IDENTICAL
ore_ont_9805	ok	ok	0.0	0.0	IDENTICAL
ore_ont_9809	ok	ok	3.7	3.1	IDENTICAL
ore_ont_9816	ok	ok	0.8	0.8	IDENTICAL
ore_ont_9835	DNF	DNF	60.1	60.0	-
ore_ont_9854	ok	ok	0.0	0.0	IDENTICAL
ore_ont_9855	DNF	DNF	60.0	60.0	-
ore_ont_9857	ok	ok	0.0	0.0	IDENTICAL
ore_ont_9864	ok	ok	25.3	25.6	IDENTICAL
ore_ont_9867	ok	ok	0.0	0.0	IDENTICAL
ore_ont_9881	ok	ok	0.1	0.1	IDENTICAL
ore_ont_9884	ok	ok	0.1	0.1	IDENTICAL
ore_ont_9886	ok	ok	1.3	1.4	IDENTICAL
ore_ont_9890	DNF	DNF	60.0	60.0	-
ore_ont_9894	ok	ok	0.9	1.0	IDENTICAL
ore_ont_9896	ok	ok	0.1	0.1	IDENTICAL
ore_ont_9899	ok	ok	25.9	24.8	IDENTICAL
ore_ont_990	ok	ok	0.2	0.2	IDENTICAL
ore_ont_9904	ok	ok	0.0	0.0	IDENTICAL
ore_ont_9928	ok	ok	0.0	0.0	IDENTICAL
ore_ont_9941	ok	ok	7.4	7.3	IDENTICAL
ore_ont_9943	ok	ok	0.1	0.0	IDENTICAL
ore_ont_9944	DNF	DNF	60.0	60.0	-
ore_ont_9947	ok	ok	0.0	0.0	IDENTICAL
ore_ont_9957	ok	ok	0.0	0.0	IDENTICAL
ore_ont_9958	ok	ok	4.6	4.9	IDENTICAL
ore_ont_9972	ok	ok	0.2	0.2	IDENTICAL
ore_ont_9994	ok	ok	0.0	0.0	IDENTICAL
ore_ont_9998	ok	ok	0.0	0.0	IDENTICAL
