ore_ont_10004	b8993fe609dce2ef
ore_ont_10006	ee0720df45aeaf21
ore_ont_10008	6259e136d282cc51
ore_ont_10009	428744b522526b08
ore_ont_10016	31cd1aa41aacf361
ore_ont_10019	cbe51c3b3f08f84c
ore_ont_10026	e8212ca01d94eddd
ore_ont_10032	f7dd4bc6b7d49e7d
ore_ont_10053	4257c8ae29848a00
ore_ont_10056	7390fd12b63dc216
ore_ont_10058	27b74a454db56862
ore_ont_10068	8dabe9e8cab738ea
ore_ont_10073	ed90e85b596f61c1
ore_ont_10080	UNPARSEABLE
ore_ont_10088	8ada5f92c6957e5f
ore_ont_10109	4fd3ec402d08f9c5
ore_ont_10123	15da527e4110829f
ore_ont_1012	500df4853f780d52
ore_ont_10125	89674dc11c4463e7
ore_ont_10127	6a5174e3eb501414
ore_ont_10133	9d194a3f37e4f417
ore_ont_10134	67147994c921b4e1
ore_ont_10136	a0f9405a83b74ad8
ore_ont_10140	UNPARSEABLE
ore_ont_10146	120ba0a5eb1b5c03
ore_ont_10160	e33920b2c2ffc101
ore_ont_10161	500df4853f780d52
ore_ont_10162	f6817cb19c77ed09
ore_ont_1016	82311d22da8e2b47
ore_ont_10173	2d03ee4184b7c09b
ore_ont_10174	28b22d7253df0047
ore_ont_10175	2be57a994ed7e8f0
ore_ont_10176	2b02494020d12f8c
ore_ont_1017	8bac7a24990fafe1
ore_ont_10197	9be165e11cb3121e
ore_ont_10199	ca622effc602d712
ore_ont_10212	d336a04a15b1eb7c
ore_ont_10230	79482109c63e0db7
ore_ont_10242	6d5c3110b9cc5601
ore_ont_10248	5698ef8d2b5de787
ore_ont_10254	9698fa33fa401b30
ore_ont_10264	500df4853f780d52
ore_ont_10270	b306478b6a449bac
ore_ont_10275	52de49d709a78298
ore_ont_10280	878c89e6a0ae9444
ore_ont_10283	0c339c7b94cfabf2
ore_ont_10285	26cfc7d2044a6b9d
ore_ont_1028	UNPARSEABLE
ore_ont_10309	7e8146fb0e8edc44
ore_ont_10314	c517bb1ff3b524ac
ore_ont_10320	130bd2ab4176ff6c
ore_ont_10321	500df4853f780d52
ore_ont_10326	c22569566c83c421
ore_ont_10340	500df4853f780d52
ore_ont_1034	500df4853f780d52
ore_ont_10348	8df4849e9b67e5e4
ore_ont_10350	500df4853f780d52
ore_ont_10355	78d3086be752a54f
ore_ont_10362	1ea1de642642303b
ore_ont_10366	e407447d3549c223
ore_ont_10380	84779f13b5e75f11
ore_ont_10384	d81bf00d12d353e3
ore_ont_10388	bd0e829a4a1f46d8
ore_ont_10389	32b09dc81424bae9
ore_ont_10391	15993f6b1ad31e13
ore_ont_10407	d3628ae79ab47f84
ore_ont_10409	1e64b6f68cd82dca
ore_ont_10413	500df4853f780d52
ore_ont_10419	4e09420c7e792fa0
ore_ont_10423	dbec49d7a2324eb2
ore_ont_10425	6c4cc07885628414
ore_ont_10431	76940808a5aab49c
ore_ont_1043	1d745865da10cfa2
ore_ont_10445	500df4853f780d52
ore_ont_10460	e66a07cc26c8a48f
ore_ont_10481	ca6d96430207ce10
ore_ont_10503	f97db770fccc3b8f
ore_ont_10516	8c5e886d6314af77
ore_ont_10517	UNPARSEABLE
ore_ont_10536	5bf7cc8ad4883041
ore_ont_10537	6036fe79a7a50e4a
ore_ont_10568	UNPARSEABLE
ore_ont_10571	4a944d5f1adea5a1
ore_ont_10580	916d0ae70dc28466
ore_ont_10588	fc0cf9bb7dadfccb
ore_ont_10594	cb6a8e3277adb9c2
ore_ont_1059	UNPARSEABLE
ore_ont_105	c7d6984da4866884
ore_ont_10608	7b4479cd0e5c28d6
ore_ont_10621	UNPARSEABLE
ore_ont_1062	b83af1d11eb077a0
ore_ont_1065	251d499af2025a3e
ore_ont_1066	UNPARSEABLE
ore_ont_10672	1e64b6f68cd82dca
ore_ont_10681	76d247165ab16da6
ore_ont_10689	9fd6449a8af6162d
ore_ont_10697	d4986de9d90bff9c
ore_ont_10702	1dc0c2076a60f2d5
ore_ont_10742	7d8e28c62fea435e
ore_ont_10749	382b60b103aefe8b
ore_ont_10750	500df4853f780d52
ore_ont_10752	de8ed8cc8d221653
ore_ont_10754	ccc0c02801adaf9f
ore_ont_10769	500df4853f780d52
ore_ont_10774	00bb2a31190fbf47
ore_ont_10776	1e0c5d256288fc83
ore_ont_10778	6ae474a47ede2187
ore_ont_10781	46de235eaaf81bac
ore_ont_10805	500df4853f780d52
ore_ont_10806	4b94928da01f2326
ore_ont_10807	0aa0b98350fb1ae7
ore_ont_10823	500df4853f780d52
ore_ont_1082	50755d1d170a856f
ore_ont_10833	500df4853f780d52
ore_ont_10838	e4a4d97253951eaf
ore_ont_10860	UNPARSEABLE
ore_ont_10874	3da0acc4e594d9c8
ore_ont_10888	0768dd186b7fb5ca
ore_ont_10890	2bf0d66b7db4b9f4
ore_ont_10892	1565333eb4cd5011
ore_ont_10894	c3ce9c6fd880dcbc
ore_ont_10906	8211e16d8cb48fa4
ore_ont_10908	ca5ed08d7cc7444d
ore_ont_1091	23974d95ea221bab
ore_ont_10926	UNPARSEABLE
ore_ont_10929	b4c431a0153704b5
ore_ont_10930	67a5b5fdd431d12c
ore_ont_10949	UNPARSEABLE
ore_ont_10951	39b2115401ab7ac4
ore_ont_10952	221cd0f678656d31
ore_ont_10965	2d6ce40db6b9113f
ore_ont_10968	022b253b4a73a39e
ore_ont_10985	0c40c8b69bea6bfd
ore_ont_10991	a11a7dc33640dcb8
ore_ont_10992	d81bf00d12d353e3
ore_ont_11003	d6add3d46f1a5c9b
ore_ont_11004	a23f53132c487711
ore_ont_11005	51a56d26760e9109
ore_ont_11009	6ba802d2d60b54e8
ore_ont_11010	84d6068ce82b17d6
ore_ont_11014	0763c496a25579ea
ore_ont_11016	a88c5de2efaebd0b
ore_ont_11037	UNPARSEABLE
ore_ont_11053	500df4853f780d52
ore_ont_11064	52307ccfb4a2683a
ore_ont_11081	ff1f25074c1ec3f8
ore_ont_11085	UNPARSEABLE
ore_ont_11110	2b2405e44cf57a5b
ore_ont_11115	64ef91b49d782a00
ore_ont_11124	ea51685279fab193
ore_ont_11125	a9e0ac57a836bdbe
ore_ont_11126	1992f3ffafcab16e
ore_ont_1112	ce713a2478641cb6
ore_ont_11131	63673e955a35f3d1
ore_ont_11133	1e9c1c3e163f693b
ore_ont_11140	500df4853f780d52
ore_ont_11149	1fb8df9c246b96cc
ore_ont_1115	6ca247e9bef2b02d
ore_ont_11157	55851a72e5e0cdf7
ore_ont_1117	e03cd586e5b7c910
ore_ont_11196	UNPARSEABLE
ore_ont_11198	f206047eff237c5a
ore_ont_1119	f890863d9cbc4c2a
ore_ont_11203	0a35f196a5080677
ore_ont_11207	f0defd3663ab5370
ore_ont_1123	UNPARSEABLE
ore_ont_11270	UNPARSEABLE
ore_ont_11274	5d1e042602c685b4
ore_ont_11282	119ba1f1f5f99c78
ore_ont_11287	77ab71c586c42a9d
ore_ont_11289	cb6a8e3277adb9c2
ore_ont_11291	60edadd6b39b707c
ore_ont_11293	43dfcc65c0666afe
ore_ont_11296	79472e1945f45172
ore_ont_11298	022b253b4a73a39e
ore_ont_11305	9739966d104ea3dd
ore_ont_11311	UNPARSEABLE
ore_ont_11315	369e8a537a9101cc
ore_ont_11316	cb1ad3aacd6dc18d
ore_ont_11349	22f96d28e3ee9715
ore_ont_11357	ff5b635b23a8ae00
ore_ont_11362	5af84842942f2c13
ore_ont_11371	7a335ae58acf2323
ore_ont_11378	4235a2ec87dacf6b
ore_ont_11380	3e893adf476eeec1
ore_ont_11389	500df4853f780d52
ore_ont_11392	db35421e917ab678
ore_ont_11395	887ee9ea31ed6e19
ore_ont_11401	fe5b35928b010be6
ore_ont_11411	9be165e11cb3121e
ore_ont_11416	a7034f9de180ec93
ore_ont_11426	97813fe1ea866c2b
ore_ont_11452	de4c28aa0dd8da6d
ore_ont_11457	904c3b0df4d8b570
ore_ont_11459	62b810cdb150f573
ore_ont_11460	UNPARSEABLE
ore_ont_11464	865fdc80a4a2303d
ore_ont_11477	eff5445301ec56ff
ore_ont_11484	3cafc6ec6ecade08
ore_ont_11495	UNPARSEABLE
ore_ont_11497	165a79d655650ebd
ore_ont_11500	26369ba401f9f884
ore_ont_11502	d81bf00d12d353e3
ore_ont_11504	16529361768ed1b5
ore_ont_11519	58f866146d2d8b1e
ore_ont_11522	fd62c6bb420ea0b0
ore_ont_11523	d1e11fcf036fea83
ore_ont_11526	500df4853f780d52
ore_ont_11533	ef9e1cbd9506c6ef
ore_ont_11536	f06f77e05907310c
ore_ont_11553	UNPARSEABLE
ore_ont_11554	d40bc12f3e223d7f
ore_ont_11559	9a60fc934ca2b56a
ore_ont_11564	285724e7b5f460a1
ore_ont_11572	9dcac08d626a4435
ore_ont_11577	2899d24bec288ecf
ore_ont_11592	b7a529f21746c2fa
ore_ont_11597	21e6273f8fe31726
ore_ont_11600	8bc76b3c94436669
ore_ont_11619	d24d56cb91c8ded7
ore_ont_11623	542a0bf11140f4f2
ore_ont_11626	7fa94425a1c1cfb8
ore_ont_11629	UNPARSEABLE
ore_ont_11635	52de49d709a78298
ore_ont_11636	3bce1284fba2c4e9
ore_ont_11639	0f86e6f79f9f632d
ore_ont_11647	0f35bb0eb619bc46
ore_ont_11675	6ed2677236e068e4
ore_ont_11676	500df4853f780d52
ore_ont_11685	e98f9dab6706f6b1
ore_ont_11694	7ff3e527aeed9d28
ore_ont_11695	UNPARSEABLE
ore_ont_11696	d10ead795c23bf4d
ore_ont_11703	3dbeb929b7956601
ore_ont_11719	0005a1012ab94fca
ore_ont_1172	3798ce77e2dd774a
ore_ont_11739	f32f93b41a486847
ore_ont_11745	UNPARSEABLE
ore_ont_11778	824c840199dc3a31
ore_ont_11792	e66a07cc26c8a48f
ore_ont_11817	5644c52381b3daf4
ore_ont_11827	0251daaf9ec5f026
ore_ont_1182	aaa1324b0042fde4
ore_ont_11834	edcc533dd00b49e3
ore_ont_11866	500df4853f780d52
ore_ont_11878	500df4853f780d52
ore_ont_11889	83aa31e6cfbca9d0
ore_ont_11895	ac1d6be19cd259df
ore_ont_11896	500df4853f780d52
ore_ont_11899	86afdc514d1a20c9
ore_ont_11901	db74a5058abd39e5
ore_ont_11906	e04ea7838686608d
ore_ont_11910	0757c51394e9d953
ore_ont_11929	de505b980f04ca5e
ore_ont_11948	cb6a8e3277adb9c2
ore_ont_11949	4c7d876cadc3d77f
ore_ont_1194	UNPARSEABLE
ore_ont_11972	53bd3649e498b478
ore_ont_11978	3798ce77e2dd774a
ore_ont_11989	ea00fd9a9550c374
ore_ont_1199	470a9b05032864df
ore_ont_12000	b4aea9318a88b106
ore_ont_12007	780c6eb51948edd9
ore_ont_12009	0fa97d9e10c55fc1
ore_ont_12012	90c32e75167ed618
ore_ont_12039	ae160dff67842226
ore_ont_12043	f198ccb0b9193cbb
ore_ont_12061	b90d0e60105f02c7
ore_ont_12084	11a0f1a3a7eb0abd
ore_ont_12087	64c276a583831b02
ore_ont_12097	1daa9f55a9653faa
ore_ont_12101	fc1f28839829b80e
ore_ont_12107	bea79cbf7f97b893
ore_ont_12112	5e15876137a09ed1
ore_ont_12118	e9cd87f1808cd54a
ore_ont_1211	97cb86805b7f333f
ore_ont_12128	UNPARSEABLE
ore_ont_1212	fbd98f6843da2a69
ore_ont_12141	7aa2d2b8be0fb2b8
ore_ont_12149	80317789777b6de6
ore_ont_12150	ef1da77d1e3832e8
ore_ont_12152	9bcad5450aee73f7
ore_ont_12161	00bb2a31190fbf47
ore_ont_12174	d977074271103ad3
ore_ont_12182	f73096140d41de92
ore_ont_12191	f19f5dbfd1a882a1
ore_ont_12194	1bf40505203dcd3a
ore_ont_12203	c65703053841e655
ore_ont_12208	UNPARSEABLE
ore_ont_12219	bb5c0a82392aa72e
ore_ont_12221	d993a4d36fa69b96
ore_ont_1222	8bd8e1f4d3b38314
ore_ont_12253	27633e6daa5a2109
ore_ont_12269	500df4853f780d52
ore_ont_12270	eec009c977a75385
ore_ont_12281	21d3869aa9de4aa2
ore_ont_12284	9765a96446c61e36
ore_ont_12317	500df4853f780d52
ore_ont_12323	e7b49c20db187bf4
ore_ont_12325	ed2853ceb152297a
ore_ont_12330	79551687bbb4ea52
ore_ont_12342	3843d48c64347eea
ore_ont_12351	890043d1cd54959e
ore_ont_12360	1d81297c0895b754
ore_ont_12369	96f4260c47e01124
ore_ont_12372	e0d478e30d70f00e
ore_ont_12379	08ba32fbfc123855
ore_ont_12382	ba7b130b1557e855
ore_ont_12387	0bc5b783405b93b5
ore_ont_12397	e996c27816baac24
ore_ont_12405	35ff6d6768223064
ore_ont_12410	f7e07673cbdfb153
ore_ont_12414	06fb56b52dd58607
ore_ont_12415	16b3129b8fa97795
ore_ont_12418	258179481a0a9e97
ore_ont_12432	UNPARSEABLE
ore_ont_12433	53558254b5983adf
ore_ont_12448	b1f174a7fe8d969b
ore_ont_12451	UNPARSEABLE
ore_ont_12452	7a8d06adaddeee2c
ore_ont_12468	df3d9c822b252293
ore_ont_12474	6b57ff25cb311400
ore_ont_12486	181589f531456e13
ore_ont_12522	4fa659166cb2e69d
ore_ont_12528	c78464efa5315396
ore_ont_12536	552e0f6aefbfaa2b
ore_ont_12566	cb5089b1c17b28a9
ore_ont_12567	d812db0f1fbc2114
ore_ont_12584	500df4853f780d52
ore_ont_12635	7d8e28c62fea435e
ore_ont_12651	62b810cdb150f573
ore_ont_12653	1f83db823d4c5496
ore_ont_12665	ff001e07e7448f5d
ore_ont_12676	94ed0bc2668875e9
ore_ont_12698	18d096f0114a2da5
ore_ont_1270	72d3c95895f50f0f
ore_ont_1272	004da72d3b0106e2
ore_ont_12721	6894e77fb7a7a4de
ore_ont_12723	71b1208a451568ad
ore_ont_12743	UNPARSEABLE
ore_ont_12764	aa37aded7fa73dac
ore_ont_12776	500df4853f780d52
ore_ont_12792	9382ea705b2cd2cd
ore_ont_12801	d2b0710c3821811e
ore_ont_12802	500df4853f780d52
ore_ont_12824	500df4853f780d52
ore_ont_12831	6162f58f50617194
ore_ont_12836	0db1761ba139ecb8
ore_ont_12839	edaa603339dc1df1
ore_ont_12884	1e64b6f68cd82dca
ore_ont_12892	a0d098f09a00c27a
ore_ont_12898	338881a46f910b56
ore_ont_12901	2d0eeeecc24c48a5
ore_ont_12906	1f77e47698c7ae15
ore_ont_12914	2ca3e0dfd838f06d
ore_ont_12916	d8a5f4fb8e1af722
ore_ont_12925	e64dd8bf7f357488
ore_ont_12931	792e5363a67a546c
ore_ont_12932	6d3ffd289aaf57a3
ore_ont_12936	4df4d2af78901bc1
ore_ont_12948	c77f8aec62ff34be
ore_ont_12955	cf9750342e216164
ore_ont_12957	391fc58f3681a59a
ore_ont_12965	5af84842942f2c13
ore_ont_12985	531b5c86ae2d720c
ore_ont_12987	2c270302f65369be
ore_ont_12992	5f20530d3bc0a9ee
ore_ont_12993	UNPARSEABLE
ore_ont_13000	c56a12979eb921cf
ore_ont_13018	a4c7bc04fbc419b7
ore_ont_13035	91b14187342c59ec
ore_ont_13052	800efe408c705fe3
ore_ont_13053	6b26b10946f0be8d
ore_ont_13064	939f7d39deefe6c5
ore_ont_1306	500df4853f780d52
ore_ont_13066	500df4853f780d52
ore_ont_13071	75fbaafad6783f97
ore_ont_13077	57e90c5a1bb35950
ore_ont_13078	f708b2709efac0a2
ore_ont_13082	418786cf28b5935e
ore_ont_13097	500df4853f780d52
ore_ont_13100	bc03c05d43970425
ore_ont_13103	UNPARSEABLE
ore_ont_13106	181d17a9673caa4f
ore_ont_1310	9338c224dcd41057
ore_ont_13112	ee2c0cc5a637d280
ore_ont_13113	a5eb025cfd6b860c
ore_ont_13122	UNPARSEABLE
ore_ont_13124	e45a7c7739a531c5
ore_ont_13129	d98d0255fa092c97
ore_ont_13132	9af5499e72ac495a
ore_ont_13136	UNPARSEABLE
ore_ont_13139	15da527e4110829f
ore_ont_13141	298bb42d7decf8eb
ore_ont_13150	1e64b6f68cd82dca
ore_ont_13153	4da61f14fb81351a
ore_ont_13178	720eef4f1b7803ea
ore_ont_13204	3f95661ddde1b318
ore_ont_13219	aeb8598c99144582
ore_ont_13220	d23fe711af478b56
ore_ont_13224	ad495607793cd8fc
ore_ont_13229	UNPARSEABLE
ore_ont_13230	998421ee9951b5c7
ore_ont_13233	e01ac150dba98e2a
ore_ont_13234	5eb3a9d5db91129a
ore_ont_13242	UNPARSEABLE
ore_ont_13243	7fa13befe40ab8d6
ore_ont_1325	d9b35076b5d038b4
ore_ont_13276	UNPARSEABLE
ore_ont_13277	28f67ff36345f008
ore_ont_13298	1b0780d6781f11ef
ore_ont_13299	f3025a86948b01a6
ore_ont_13301	a908872b1e56bea0
ore_ont_13306	30ab3845ccf31493
ore_ont_1330	7271247fa3a3f289
ore_ont_13336	c6b61e88329f1065
ore_ont_13337	e6f9f19323a91757
ore_ont_13355	3114a833c071b85e
ore_ont_13359	e849ab715ac4f8d9
ore_ont_13383	a1d780bbb1f932b6
ore_ont_13392	a608970a758e0e7a
ore_ont_13398	8ff829880d4cbd49
ore_ont_13404	82c15b01e800feb1
ore_ont_13405	e0a4f140223f89e8
ore_ont_1340	6fb8992d83430ef1
ore_ont_13413	1d9303590cd5991a
ore_ont_13423	62b810cdb150f573
ore_ont_13429	94a6686e7b6da2b1
ore_ont_1342	ef76949671758efe
ore_ont_13430	0bdc34729c793ddc
ore_ont_13444	14ec42fd540d8212
ore_ont_13451	620ea4f6f80188a7
ore_ont_13460	7b4479cd0e5c28d6
ore_ont_1346	e0d478e30d70f00e
ore_ont_13474	ac028fc5037b5182
ore_ont_13482	500df4853f780d52
ore_ont_13483	fa42761b7072646d
ore_ont_13503	e320ebc01c25c113
ore_ont_13524	500df4853f780d52
ore_ont_13526	fac54689bfff4ba6
ore_ont_13530	414eabd786254738
ore_ont_13545	af64579eaa5dc4ae
ore_ont_1357	2ff5554853f202fa
ore_ont_13578	c5c82c74073004dc
ore_ont_13581	6b03f12278f6625e
ore_ont_13584	db6132aad9e4d3b0
ore_ont_13591	df6436229452852c
ore_ont_13621	2531ce9b2b604d92
ore_ont_13643	251fbf6809abdfd3
ore_ont_13646	e57098e2783ded3c
ore_ont_13647	21e16a5474ebf387
ore_ont_13657	bcefa2f4a00a3729
ore_ont_13664	058916e7d023d4c5
ore_ont_13665	2f0b4fbf682b2cd2
ore_ont_13674	6388b51ffad9c761
ore_ont_13679	8dfa0dafa0948d46
ore_ont_13680	182d17d53702912f
ore_ont_13684	97dc0cb19996c683
ore_ont_13690	cf4f3b3288d21688
ore_ont_13700	4e25e9bdfe195992
ore_ont_13704	9a7691182827bc1b
ore_ont_13708	4f81561413b3d640
ore_ont_1370	ce8ea24b50b0207a
ore_ont_13723	ee200eddc594f0c8
ore_ont_13737	916a2f1096792435
ore_ont_13740	c4cd0c2ee52a4573
ore_ont_13752	cbe4430c926b4023
ore_ont_13755	2a90b423f7fcc35e
ore_ont_13759	80506c1b1d6b4caa
ore_ont_13762	f81fb99c6db56d43
ore_ont_13772	500df4853f780d52
ore_ont_13776	258179481a0a9e97
ore_ont_13799	4a27c4278da82744
ore_ont_13805	0e6f7a5cbe90994f
ore_ont_13811	500df4853f780d52
ore_ont_13833	265a3b8ce107226e
ore_ont_13837	046c389a1399dfae
ore_ont_13840	63673e955a35f3d1
ore_ont_13846	UNPARSEABLE
ore_ont_13851	d10ead795c23bf4d
ore_ont_13852	a56d1e7c0ee2b43a
ore_ont_13857	1e64b6f68cd82dca
ore_ont_13859	db200ab35a09dc83
ore_ont_13872	71f1b21adad7bb7c
ore_ont_13880	72c1b0f3d5b18efb
ore_ont_13885	0e7b5c8823c73783
ore_ont_13887	4f26fa789f9ce7da
ore_ont_13897	0211341f42f2d932
ore_ont_13898	88254c87c854d99c
ore_ont_13902	500df4853f780d52
ore_ont_13912	0085c452a8dda093
ore_ont_13919	0875a28f3cd92c58
ore_ont_13928	e0e44730f7069d06
ore_ont_13937	b909036b8ce7e633
ore_ont_13941	e4c94580aa0b6c7d
ore_ont_13949	bf196a90ff66750d
ore_ont_13954	9d5358f82510c3fd
ore_ont_13964	500df4853f780d52
ore_ont_13969	62b810cdb150f573
ore_ont_1397	f3b525df10c30f2f
ore_ont_13991	d8c0a8ddb0d92215
ore_ont_14012	UNPARSEABLE
ore_ont_14025	e33b9b81a80922b4
ore_ont_14027	1005c57e220e4db1
ore_ont_14031	7d4e7595a7b3637e
ore_ont_14040	a51c3f1191e89491
ore_ont_14042	887ee9ea31ed6e19
ore_ont_14066	b55110bbcbe7f5ff
ore_ont_1406	eb51248c3235da05
ore_ont_14101	d9ebdf8cdac3b1fc
ore_ont_14123	dc1a2dbcb00f2752
ore_ont_14128	79d8ec3efa298279
ore_ont_14134	e6f9f19323a91757
ore_ont_14153	4b6f870a2fe981a8
ore_ont_14154	ac5dc82a76686a4e
ore_ont_14175	6f071cebf6ebb39e
ore_ont_14183	cb6a8e3277adb9c2
ore_ont_14185	2055738c648c1e8a
ore_ont_14191	b43e1287c862dcc5
ore_ont_14194	93b0d3f5df711ff3
ore_ont_1420	e0208c385d777288
ore_ont_14216	500df4853f780d52
ore_ont_14221	b3ace73a49f5d40e
ore_ont_1422	3596f43402d04892
ore_ont_14223	UNPARSEABLE
ore_ont_14237	2cabc01d02f10163
ore_ont_14255	2cbd2338360862b3
ore_ont_14258	0bdc34729c793ddc
ore_ont_14272	985ace9ebcf9981f
ore_ont_14273	500df4853f780d52
ore_ont_14280	f3c6626be9430a71
ore_ont_14285	edd93736769dc8bd
ore_ont_14286	a11a7dc33640dcb8
ore_ont_14294	8e999d2c7aa2f0eb
ore_ont_14308	c78464efa5315396
ore_ont_1430	d1dca82557353e8c
ore_ont_14312	4f34f6ca1dd226aa
ore_ont_14321	f94d72b6d6efd9fd
ore_ont_14325	de78d3b75de8828c
ore_ont_14327	e53fa77efd545a72
ore_ont_14328	2e08e8a7ec957389
ore_ont_14331	efee0cef897efb28
ore_ont_14334	582156ee6de574fc
ore_ont_14341	748efcff92522225
ore_ont_14348	7d1c0df84ebc827c
ore_ont_14351	76f270576da17d5f
ore_ont_14353	8396cb59c8abb3ed
ore_ont_14355	0251daaf9ec5f026
ore_ont_14365	500df4853f780d52
ore_ont_14367	81437e750e7f18dc
ore_ont_14370	93b354ca167351d1
ore_ont_14375	dd77c5a1cf365c11
ore_ont_14379	a3eeb497fc518094
ore_ont_14380	58280fbb8babb72e
ore_ont_14381	e9d2096db4543629
ore_ont_14388	7408820af7fefafc
ore_ont_14396	4b48669de5d4f946
ore_ont_14407	a1a0d5bb0daac75d
ore_ont_14412	b60013701f578e4e
ore_ont_14425	c3fe164b0a507a9b
ore_ont_14450	0c9259faf8932e5d
ore_ont_14452	df3d9c822b252293
ore_ont_14459	a6cead10239dec3d
ore_ont_1445	f2ef8dc9b0f0009a
ore_ont_14486	53223f87379afa03
ore_ont_14499	1d24341d738654d1
ore_ont_14508	500df4853f780d52
ore_ont_14517	500df4853f780d52
ore_ont_14518	800e762cc9be65d2
ore_ont_14543	1856b22f5b0d14fb
ore_ont_14551	UNPARSEABLE
ore_ont_14556	9a98e0a9163ca227
ore_ont_14572	UNPARSEABLE
ore_ont_14574	2f43ad252b3cabe7
ore_ont_14587	782311fa500c7196
ore_ont_14588	79eb755969955470
ore_ont_14593	e6f9f19323a91757
ore_ont_14601	393d4f7f8097e754
ore_ont_14607	500df4853f780d52
ore_ont_1461	4b7411319cde57a7
ore_ont_14667	fdc73d1febab988e
ore_ont_14684	f2ef8dc9b0f0009a
ore_ont_1469	c86cb2f4660aca16
ore_ont_1473	063f5923f20b71af
ore_ont_14742	UNPARSEABLE
ore_ont_14746	5a502104bde9a8ae
ore_ont_1475	c22569566c83c421
ore_ont_14766	d9185969fc350c9e
ore_ont_14767	cb6a8e3277adb9c2
ore_ont_14776	500df4853f780d52
ore_ont_1478	0535180a110439ca
ore_ont_14800	d0bf749f3cefe6bc
ore_ont_14816	500df4853f780d52
ore_ont_14817	UNPARSEABLE
ore_ont_14818	5045563a93aa59c6
ore_ont_1481	929fdfc86d9eab06
ore_ont_14826	069b984e1263baa8
ore_ont_14831	bab4b9240c5ced1d
ore_ont_14840	4b6f870a2fe981a8
ore_ont_14848	7ff1b354944a2b0e
ore_ont_14860	986a642e440ab41b
ore_ont_14861	1ed5c50ab0164ae5
ore_ont_14863	37cb18c39de41053
ore_ont_14878	08e63141e58f09da
ore_ont_14879	500df4853f780d52
ore_ont_14881	81ee356b4fb8f70f
ore_ont_14883	40255056712729f9
ore_ont_14896	27b74a454db56862
ore_ont_14897	UNPARSEABLE
ore_ont_148	f995e481007ad22e
ore_ont_14901	e9d2096db4543629
ore_ont_14906	f8fec27cdda3aa33
ore_ont_14909	8448bd4ca78a715a
ore_ont_14912	cef2a9c1835801af
ore_ont_14919	483bf2f47cef3930
ore_ont_14924	f784890ae5fa2f4d
ore_ont_14926	5575e887c2716142
ore_ont_14931	bb56db17040fbdab
ore_ont_14934	d29083ef1e67a128
ore_ont_14936	26d67b19ff63d9d6
ore_ont_1493	cbdeb13192d8a887
ore_ont_1494	4d719b498dcca65b
ore_ont_14981	a91e7885c1792ec9
ore_ont_14995	500df4853f780d52
ore_ont_15010	dbe3c806e04fba12
ore_ont_15013	d7013b1c7c8f0eae
ore_ont_1501	6c918bbed2a5524f
ore_ont_15030	4714483162433cf9
ore_ont_15058	4893e1b712a5dbab
ore_ont_15059	500df4853f780d52
ore_ont_15063	7156c8df169280cc
ore_ont_15066	00f53443c2791463
ore_ont_15068	707b00e74d578a59
ore_ont_15074	UNPARSEABLE
ore_ont_1508	203e22eab7e3292c
ore_ont_1509	2b08213e1e9b45ad
ore_ont_15098	91203a24bb215387
ore_ont_15099	500df4853f780d52
ore_ont_15103	cab34917af11f5b9
ore_ont_15108	0c288d620e84de59
ore_ont_15125	500df4853f780d52
ore_ont_15133	0251daaf9ec5f026
ore_ont_15145	13ee49ef83fe92c9
ore_ont_15152	3e612a24faa3de54
ore_ont_15160	500df4853f780d52
ore_ont_15167	a6b81e81b18e8244
ore_ont_15172	2d6ce40db6b9113f
ore_ont_1517	7ac45983152f4d56
ore_ont_15178	500df4853f780d52
ore_ont_15184	1e64b6f68cd82dca
ore_ont_15203	UNPARSEABLE
ore_ont_15210	d22d6bdcf9cb495a
ore_ont_15217	046f0763da544dda
ore_ont_15222	3c6375e03e18c5c9
ore_ont_15224	58e20bd7cb6d5e2a
ore_ont_15226	1914a8e3830fe224
ore_ont_15229	93228dece620ca63
ore_ont_15231	17bac925e5a237d0
ore_ont_15237	6d0125421636336d
ore_ont_15249	500df4853f780d52
ore_ont_1524	9b778fdf20957b8d
ore_ont_15260	470a087ea7edeb94
ore_ont_1526	0b485e59c1bc436d
ore_ont_15273	69c3db580f4a1d59
ore_ont_15280	500df4853f780d52
ore_ont_15288	c77e1bf89ac9a6df
ore_ont_15291	4a944d5f1adea5a1
ore_ont_15292	547cbf35c4091077
ore_ont_15297	fee4d029a9372fdc
ore_ont_15301	c4f76c15f0042f3f
ore_ont_15318	0cbfd9980525c21e
ore_ont_15331	106a7f1e99b62371
ore_ont_1533	1bd4f2bc3986d8be
ore_ont_15341	63673e955a35f3d1
ore_ont_15344	UNPARSEABLE
ore_ont_15352	258179481a0a9e97
ore_ont_15355	0757c51394e9d953
ore_ont_15363	67900b5baaa62b31
ore_ont_15372	a9d8a71c4e779efa
ore_ont_1537	e4d4658368e6c0de
ore_ont_15388	3f51bc8e3fdbb49e
ore_ont_15397	787167d82cfb6bec
ore_ont_15399	e8d14003e22e8574
ore_ont_1539	a89c229681861114
ore_ont_153	e6f9f19323a91757
ore_ont_15407	8cef024a67cb17fe
ore_ont_15413	17f5cf383238ae2f
ore_ont_15418	UNPARSEABLE
ore_ont_15421	df5e80e4bc1767ba
ore_ont_15450	2cbd2338360862b3
ore_ont_15461	b967ed0c74b44e35
ore_ont_15475	414df244cecd7857
ore_ont_15490	8e5f9a3cb6091173
ore_ont_15491	1c2f65fabe73e876
ore_ont_15514	826b051fcfeba5dd
ore_ont_15516	700bf9e2751fd5b6
ore_ont_15526	71b5a9036fb9a0ea
ore_ont_15536	5b2e7eb181ad5d71
ore_ont_15544	e6f9f19323a91757
ore_ont_15557	b3b1943eceffd100
ore_ont_155	5b06dae1be592bbc
ore_ont_1555	d05dfc1357a31496
ore_ont_15575	c562cde36abbf38f
ore_ont_15576	0f026821983d569e
ore_ont_15583	51ea67f163b940af
ore_ont_1559	53bc2c6249ab2a24
ore_ont_15596	4a944d5f1adea5a1
ore_ont_15612	651dc34d62feea7e
ore_ont_15615	6e54a9ec707f4231
ore_ont_15621	d58eab5a555847b9
ore_ont_15623	18bdae95a420c5e9
ore_ont_15635	fe13b02b9e797cec
ore_ont_15652	7d2f29c623ac9132
ore_ont_15655	c61ba908c3688801
ore_ont_15667	fce2f7ae946fecf4
ore_ont_15672	14a62253c24d5639
ore_ont_15680	720bd1a801141c64
ore_ont_15682	64493a3127d6711d
ore_ont_15685	c1fc37f321228cd2
ore_ont_15687	UNPARSEABLE
ore_ont_15692	1565333eb4cd5011
ore_ont_15695	UNPARSEABLE
ore_ont_15696	184d480a05b33e99
ore_ont_15703	5441236e2a1036ab
ore_ont_15725	35db7efdb9948be6
ore_ont_15733	UNPARSEABLE
ore_ont_15737	500df4853f780d52
ore_ont_15741	ac049dae580aecc6
ore_ont_15753	30143bcea5624682
ore_ont_15790	5003ed655b67e073
ore_ont_15791	fac54689bfff4ba6
ore_ont_15793	500df4853f780d52
ore_ont_15796	83bbd780b332c62e
ore_ont_1579	ed3220ab9fa926a3
ore_ont_15800	c92bc73033730dcb
ore_ont_15803	937926f50bd502b8
ore_ont_15846	e4a4d97253951eaf
ore_ont_15860	02f486103ac9d1c9
ore_ont_15871	cd7ad6eb8800c672
ore_ont_15878	98d907b54f42bb80
ore_ont_15882	adb43909099a101e
ore_ont_15917	eb5bdaaf66b168fa
ore_ont_15921	1e2de76c929e6e7b
ore_ont_15929	43dfcc65c0666afe
ore_ont_15932	500df4853f780d52
ore_ont_15933	f2eabe6d3b787cca
ore_ont_15944	daa54aacabd9de05
ore_ont_15950	a4ea122066275492
ore_ont_15968	3536be822dacfd9a
ore_ont_15971	659b0ced8dcd7175
ore_ont_15976	a18dfd3cfb311f56
ore_ont_15985	2c8b7413f4c4bfdb
ore_ont_15991	db8335ec074bd754
ore_ont_15993	e2ea5b4a51e913f2
ore_ont_16008	6cf279e87298d209
ore_ont_16010	36c001778c941f5b
ore_ont_16017	d10ead795c23bf4d
ore_ont_16033	097735fecbcf2fb8
ore_ont_16039	2bdaac050bc733b2
ore_ont_1603	d32764763a5bf329
ore_ont_16054	5f36979fd8d950bf
ore_ont_16056	02552e104c7d73e3
ore_ont_16076	44ddd1fdd54a21d9
ore_ont_16089	43dfcc65c0666afe
ore_ont_16105	31b83d813d9210de
ore_ont_16114	8c53175c499484cc
ore_ont_16115	cf0cd9717023d470
ore_ont_16120	142bbe38cc978e03
ore_ont_16124	56fd50764f4bd601
ore_ont_16157	d2713cbe9a80d064
ore_ont_16166	7dbb573ab1b89c67
ore_ont_16167	eeebb4b5a63f2595
ore_ont_1618	194532e371afc004
ore_ont_16184	d9f113ec245852e1
ore_ont_16188	500df4853f780d52
ore_ont_16191	0d5cc3b1a518c8f9
ore_ont_16197	5847a435884e4850
ore_ont_16235	1c297b61c50c15d5
ore_ont_16255	cb652934c767a314
ore_ont_16267	52569d7483488c80
ore_ont_16268	190f29d1690f398e
ore_ont_16274	de1bf48624337d1c
ore_ont_16283	2f597e81abd504a3
ore_ont_16286	3da4d8549d5bebd1
ore_ont_16289	9f76f771ce4c6369
ore_ont_16299	3968fc6397b4f9d4
ore_ont_16303	86f4d8ada04ed1f6
ore_ont_16312	eb51248c3235da05
ore_ont_16315	e4a4d97253951eaf
ore_ont_16321	939f7d39deefe6c5
ore_ont_1634	UNPARSEABLE
ore_ont_16351	0661d1eaa5c781a1
ore_ont_16359	908f9a1e7bd1880d
ore_ont_16371	UNPARSEABLE
ore_ont_16372	596d73f878255f22
ore_ont_16414	2e379265ce0713ca
ore_ont_16420	d5fde6136b589acf
ore_ont_16425	97db0cc56dd64f54
ore_ont_16428	52c577aad3f8f3e4
ore_ont_16444	UNPARSEABLE
ore_ont_16453	979b88c3e3dd6d3a
ore_ont_16457	60014b2ecac01fa1
ore_ont_16461	4a9c4b4c6e693ed0
ore_ont_16462	UNPARSEABLE
ore_ont_1646	4e02a63272213096
ore_ont_16481	7a76538f819668d1
ore_ont_16501	08ba32fbfc123855
ore_ont_16509	4397d3b68f9fdf9c
ore_ont_16511	385ab395ba990901
ore_ont_16519	978782a3ad639809
ore_ont_16535	1ecfa3b644fcb92c
ore_ont_16542	cb24bd8e64275432
ore_ont_16547	d7013b1c7c8f0eae
ore_ont_16558	daa54aacabd9de05
ore_ont_16559	500df4853f780d52
ore_ont_16565	1e64b6f68cd82dca
ore_ont_16586	c13618378d485363
ore_ont_16594	1e9c1c3e163f693b
ore_ont_16596	8c31f4d3d1004211
ore_ont_165	f3bcdc505f601a23
ore_ont_16610	660658ba4a3b7288
ore_ont_16617	5738a7354bd34fe6
ore_ont_16619	94ed0bc2668875e9
ore_ont_1662	500df4853f780d52
ore_ont_16626	00f94fcbd15c5e2b
ore_ont_16630	b899ff1bd4f06276
ore_ont_16632	1992f3ffafcab16e
ore_ont_16642	ee189506d424126d
ore_ont_1666	1b0f6a34d2463df3
ore_ont_16666	d7abf024995c61bb
ore_ont_16669	82311d22da8e2b47
ore_ont_16670	a76f384190adb16f
ore_ont_16680	UNPARSEABLE
ore_ont_16684	500df4853f780d52
ore_ont_16687	1a5c3045d6777bc7
ore_ont_16701	ce008494067c6199
ore_ont_16703	21e6273f8fe31726
ore_ont_16708	7a0f699f67db05ee
ore_ont_1672	2a65e4090c9d5938
ore_ont_16723	f9b1e3df4981c260
ore_ont_16730	5e868c4f725d7a97
ore_ont_16738	258179481a0a9e97
ore_ont_1673	UNPARSEABLE
ore_ont_16744	UNPARSEABLE
ore_ont_16746	d1381e06e33e35fc
ore_ont_16750	e21dffd77a3630e4
ore_ont_16759	a827680233ec4c91
ore_ont_16767	e1c2ac6763e91ceb
ore_ont_16777	500df4853f780d52
ore_ont_16800	065b79de569b43b7
ore_ont_16806	a61cd6fc8a3fd745
ore_ont_16814	79472e1945f45172
ore_ont_16821	547b75b899bc102f
ore_ont_16822	3bce1284fba2c4e9
ore_ont_16827	07d4201ce225d4e8
ore_ont_16829	a7f9049f3966dcaf
ore_ont_16847	bb6939bcc1002f70
ore_ont_16850	934259f05a8dcc33
ore_ont_16853	868e7a76c959882c
ore_ont_16855	82b4207d0b0ffb25
ore_ont_1685	fd909a8887a5a6df
ore_ont_1705	0a460e6491120100
ore_ont_1707	7ab5f05c2a8cf5d4
ore_ont_1728	be5e4eb2f2450983
ore_ont_1734	362aaf613350c07b
ore_ont_1743	37fdf7b8b9fe961e
ore_ont_1746	6fd4b03918a67a6d
ore_ont_1756	b7706a583ee9d6bf
ore_ont_1767	b42ef85870eeddef
ore_ont_1784	99f62a38c6eab887
ore_ont_178	536aa3d297b69bcb
ore_ont_1790	e6f9f19323a91757
ore_ont_1793	a26083c3fd24b070
ore_ont_1820	bdb34c25bd612e0e
ore_ont_1821	870c35bd5d244dc5
ore_ont_1823	644e948730f32cba
ore_ont_1833	9c6393a659af14bf
ore_ont_1834	7bceff96f33f53d4
ore_ont_1840	2d6ce40db6b9113f
ore_ont_1853	19d33c93c69dad8d
ore_ont_185	d7daaa4873fa0170
ore_ont_1866	13bba8299cf9c4f9
ore_ont_1869	72811cc44a323d92
ore_ont_1870	258179481a0a9e97
ore_ont_1886	9600fc37c6c601c7
ore_ont_1898	a8d642b55fdf2e7f
ore_ont_1902	4e6cae289ac256fe
ore_ont_191	c01a70ca90e58ee7
ore_ont_1931	d4ef2adaa4c1d09b
ore_ont_1938	UNPARSEABLE
ore_ont_1944	f40053073db8b3f6
ore_ont_1954	84941882d4929ba4
ore_ont_1958	0f81b7021f151773
ore_ont_1965	7e2983d6621fddc9
ore_ont_1966	bc1231b6585bfb6e
ore_ont_1967	e8d14003e22e8574
ore_ont_1970	fdd6dac1c36b5623
ore_ont_1988	0da8aeb03fdc0594
ore_ont_1997	82979194f812b5a7
ore_ont_20	0c2c49184839de2b
ore_ont_2011	65bfc097cf37b258
ore_ont_2012	34fe3b2f6891f238
ore_ont_2017	d206e30f810023b8
ore_ont_2020	436a1466bd3e98f1
ore_ont_2022	547cbf35c4091077
ore_ont_202	af34fcd059224a1d
ore_ont_2036	f76bc0a13d125371
ore_ont_2038	d5597d327729ba57
ore_ont_2046	500df4853f780d52
ore_ont_205	UNPARSEABLE
ore_ont_2063	0d138200e06f840e
ore_ont_2066	4e3e3e99d27f5504
ore_ont_2082	ca884ba247031827
ore_ont_2105	500df4853f780d52
ore_ont_2111	UNPARSEABLE
ore_ont_2121	d5c06a24abca5cac
ore_ont_2128	a56d1e7c0ee2b43a
ore_ont_2129	fde39f1b48c579b3
ore_ont_2134	e46d4a40bbc5be21
ore_ont_2142	b0a0ad5e4a4e49d8
ore_ont_2182	18cd4c4dfcbdf752
ore_ont_218	c3a88401d4acab5b
ore_ont_2195	500df4853f780d52
ore_ont_2213	096d812c55f4247b
ore_ont_2228	9bc74ac9c1b38746
ore_ont_2229	006f34e7297eddd6
ore_ont_2232	6fde4a2c49c078cf
ore_ont_2237	500df4853f780d52
ore_ont_2243	500df4853f780d52
ore_ont_2253	500df4853f780d52
ore_ont_2266	06ce404dffaab365
ore_ont_2291	20384dd073d90a15
ore_ont_22	c63eaf0c5e30a65d
ore_ont_2302	UNPARSEABLE
ore_ont_2303	17bac925e5a237d0
ore_ont_2313	2d16a843b4e9c350
ore_ont_231	500df4853f780d52
ore_ont_2317	c86f23e4fe3b5c8d
ore_ont_2318	ef617b0521f79a24
ore_ont_2333	0dbdeb974bfa8e2f
ore_ont_2338	d92c1376c209fca6
ore_ont_2360	aad69516c298480d
ore_ont_2361	0251daaf9ec5f026
ore_ont_236	67900b5baaa62b31
ore_ont_2377	5f6a8c20428e291a
ore_ont_2378	2490c99b1240e642
ore_ont_237	ba4ea13bb1d50033
ore_ont_2397	e1dc65465eca990b
ore_ont_239	UNPARSEABLE
ore_ont_2415	d8bd051697a28de3
ore_ont_2440	74ef5250882ad92f
ore_ont_2453	5b3d8433fdd7e8e6
ore_ont_2454	c51c2c3f7a6d93b3
ore_ont_2456	60fffe9c846e1fda
ore_ont_2469	a0b925f9195b6138
ore_ont_2485	a5736b1219f321f5
ore_ont_2486	fb65cf628b69af30
ore_ont_2488	f429c86d43b208c2
ore_ont_2491	500df4853f780d52
ore_ont_2496	21d3869aa9de4aa2
ore_ont_2497	24d4a85446aba5f6
ore_ont_2504	UNPARSEABLE
ore_ont_2513	a61d8e346693aa80
ore_ont_2526	37edc13c6fc13daf
ore_ont_2531	e6f9f19323a91757
ore_ont_253	680cb88f528ac55a
ore_ont_2548	62c40ec822ea5ae7
ore_ont_2556	500df4853f780d52
ore_ont_2557	500df4853f780d52
ore_ont_2569	686d2f6519236ff8
ore_ont_257	281a8b55bf4eb0e4
ore_ont_2574	4727fb04b14bdf9b
ore_ont_2577	2b8df3e8a4936041
ore_ont_2578	6b93af9a33f016f6
ore_ont_258	3bff77bfcaffa3c5
ore_ont_2591	500df4853f780d52
ore_ont_259	2cbd2338360862b3
ore_ont_260	14543b4070037085
ore_ont_2604	b92e957fe7c0fe1b
ore_ont_2608	0778be3357c056db
ore_ont_2612	b350126e745ac758
ore_ont_2622	bbdac3be54cf738b
ore_ont_2624	d81bf00d12d353e3
ore_ont_2627	648f8c90899f60b7
ore_ont_2632	735dd82bee99786a
ore_ont_2646	2658cb539ed9c28f
ore_ont_264	631992df34d30375
ore_ont_2652	25d53272e98d8c1b
ore_ont_2654	d3bb39a24e1cdbe4
ore_ont_2656	a1a0d5bb0daac75d
ore_ont_2658	3d5fed07b1e95204
ore_ont_2661	6cf6165debdefe60
ore_ont_2662	cc9ecf12de8813c1
ore_ont_2664	e4c94580aa0b6c7d
ore_ont_2669	50e694c57bec5078
ore_ont_2672	c38f2a0d48d41088
ore_ont_2677	07b8a979fdccc81a
ore_ont_2678	222a1a941da6533f
ore_ont_269	500df4853f780d52
ore_ont_2697	aed2c50c83a0d2c1
ore_ont_2700	98608ec24b80ed1c
ore_ont_2703	67062085c70ec6e9
ore_ont_2713	f5732895bba01318
ore_ont_2719	37fdf7b8b9fe961e
ore_ont_2720	68fc03e3f1b2d437
ore_ont_2738	UNPARSEABLE
ore_ont_2744	565f4b3b058415c3
ore_ont_2749	c77e1bf89ac9a6df
ore_ont_2753	0478296e1cd37180
ore_ont_2775	3f11cf6a521fbd67
ore_ont_2783	e6f9f19323a91757
ore_ont_2792	a7b70dceacd95f0c
ore_ont_2803	43dfcc65c0666afe
ore_ont_2817	258179481a0a9e97
ore_ont_2820	5f55f1c818ca0577
ore_ont_2826	6aa80f4cd8b82b93
ore_ont_2828	11db33cba76a2b6a
ore_ont_283	33ef704b5cd151e3
ore_ont_2837	ec0d8fe0e5cfb6ed
ore_ont_2848	c2ad6eb0fc9b9bc8
ore_ont_2860	e64bc105b25ccfa6
ore_ont_2874	UNPARSEABLE
ore_ont_2876	1f77e47698c7ae15
ore_ont_2901	b5d3281215dfbe05
ore_ont_290	fea2df3fef921d9b
ore_ont_2936	500df4853f780d52
ore_ont_2950	b275f3becd9e33d7
ore_ont_2989	9e6f9b9b79ba34b2
ore_ont_3003	b617c775af0dd3c5
ore_ont_3010	3129341dc09be978
ore_ont_3022	fbb479748a47e6e5
ore_ont_304	51c79c6cf2de5e07
ore_ont_3050	258179481a0a9e97
ore_ont_3053	9956c12d5e6d73a5
ore_ont_3060	3f584e3e3eec8896
ore_ont_3077	2af6186498f01cfb
ore_ont_307	baea428ef4d0ae3f
ore_ont_3080	UNPARSEABLE
ore_ont_3082	cc325bc9cfd95986
ore_ont_3087	e4a4d97253951eaf
ore_ont_3100	62b810cdb150f573
ore_ont_3102	93b0a8320be78954
ore_ont_3106	6ed2677236e068e4
ore_ont_3114	2cbd2338360862b3
ore_ont_3128	af92750fd5ddcc9d
ore_ont_3133	011c9e5227f83822
ore_ont_3156	1dc0c2076a60f2d5
ore_ont_316	1af427ec4342bea2
ore_ont_3164	ec09df37229992e4
ore_ont_3177	3f135796be2dfa21
ore_ont_318	211e79ac0bc35ec6
ore_ont_3205	85df4a2bf83ee75c
ore_ont_3214	d10ead795c23bf4d
ore_ont_3215	UNPARSEABLE
ore_ont_3231	ced0561e4684b054
ore_ont_3237	UNPARSEABLE
ore_ont_3238	500df4853f780d52
ore_ont_3241	3a0d2f9413ac7a6c
ore_ont_3250	c71688b1719f7a52
ore_ont_3255	d91273c6e879a861
ore_ont_3258	d213ba20a8034d77
ore_ont_3259	500df4853f780d52
ore_ont_3260	1bd38d2a72899b8f
ore_ont_3262	7ed7e51fade6767c
ore_ont_3263	32d1778c0fee10b1
ore_ont_3270	235f3c88a10e221b
ore_ont_3274	7067537c208df163
ore_ont_3281	2ecc98e622748e4d
ore_ont_3282	0ed2fe4e87029fc9
ore_ont_3292	500df4853f780d52
ore_ont_3301	6272a65f5af492b3
ore_ont_330	3a0d2f9413ac7a6c
ore_ont_3313	19fe69fd8e1afb5a
ore_ont_3329	258179481a0a9e97
ore_ont_3330	6d120dbf3b245792
ore_ont_3341	b97669eac032ee09
ore_ont_3344	d65704b6177b35c7
ore_ont_3349	1272fd7b5db839e3
ore_ont_3352	878d5f9e96e65b09
ore_ont_3357	27b74a454db56862
ore_ont_33	620ea4f6f80188a7
ore_ont_336	5a991c29c77e10c0
ore_ont_3377	45bfafafcf374f8a
ore_ont_3381	5045563a93aa59c6
ore_ont_338	b2390e9f4a76187b
ore_ont_3406	abbc59e0fa8008ab
ore_ont_3411	8b790631540da1aa
ore_ont_3414	854e29797297b0f0
ore_ont_3418	27b2e4216d812d02
ore_ont_3455	dfed7b04bee7d9b5
ore_ont_345	UNPARSEABLE
ore_ont_3463	b8b88cede7e753e6
ore_ont_3480	8a84e2a545064c4d
ore_ont_3484	8899b7b9bed5517b
ore_ont_3500	cb6a8e3277adb9c2
ore_ont_3503	30a899624a329bab
ore_ont_3504	1aaf313afc54c238
ore_ont_3508	ff5de95ea9bfc7c0
ore_ont_3515	c0453f451648d021
ore_ont_3516	651dc34d62feea7e
ore_ont_3524	5441236e2a1036ab
ore_ont_3529	30c3b4d066823dda
ore_ont_3545	6ed7b938901e5ef4
ore_ont_3550	80dff00a7bcea73e
ore_ont_3560	c82bf285a0dd0194
ore_ont_3561	71c0b35b9b2b182c
ore_ont_3562	6df3ecdfed011321
ore_ont_3566	460059caa0b4e1e8
ore_ont_3575	UNPARSEABLE
ore_ont_3584	12d3544a4b0b0f7a
ore_ont_3592	41bea63168b39eae
ore_ont_360	fdd6dac1c36b5623
ore_ont_3635	63659184cea163b3
ore_ont_3639	a3acf216a9a77b62
ore_ont_3640	860e7471dbd6d8f6
ore_ont_3658	bcc0ca728cb88745
ore_ont_3671	01f47d74497e1d8a
ore_ont_3680	30bb51e888404664
ore_ont_3685	ba4817d1dacf5426
ore_ont_3696	6c6c14185a77f1a8
ore_ont_3708	3b02e34c4e4da380
ore_ont_3712	6089cc23f94e041c
ore_ont_3726	b2fbd3240e8e4a5f
ore_ont_3733	defee8e116907ca0
ore_ont_3737	c01a70ca90e58ee7
ore_ont_3770	500df4853f780d52
ore_ont_3771	97f37cd3affdbebc
ore_ont_3775	1f7a729ea5d5deb1
ore_ont_3780	3f229cb3e9617863
ore_ont_3781	3872c614a90e2bd6
ore_ont_3783	cb7a981ea8604580
ore_ont_3784	26755c67014e74ff
ore_ont_3789	65b6dc2621411f33
ore_ont_3794	UNPARSEABLE
ore_ont_3795	27b74a454db56862
ore_ont_3797	500df4853f780d52
ore_ont_3806	23322a7101f1506f
ore_ont_380	882c20a88ac40e33
ore_ont_3816	1217a6e6a41f6419
ore_ont_3832	807847b9bf3222d6
ore_ont_3835	7a63f892f571eaec
ore_ont_3836	869b6b75fec6734d
ore_ont_3839	d286cf995705cb6f
ore_ont_3842	58b1d5180252bd95
ore_ont_3843	e2867054363316a8
ore_ont_3852	5868aeb39e79a8b4
ore_ont_385	7397b747e1d96d5b
ore_ont_3873	e739a79eafdbeb75
ore_ont_3884	60efc5e39fdbee65
ore_ont_3892	3db721a61f614c6c
ore_ont_3905	2d35651870a7cbb5
ore_ont_3909	905a1dd23f3b9ca7
ore_ont_3910	11c57c3b6d221b7c
ore_ont_3914	dcca3f9f1e710159
ore_ont_3916	c77e1bf89ac9a6df
ore_ont_3917	7019f6395cde0456
ore_ont_3919	36de6ec6fd6773cb
ore_ont_3931	bb5fc3f45ab389fe
ore_ont_3936	c2d28207ea0acfab
ore_ont_394	046c26a03f0887e8
ore_ont_3954	c725d58eaefbea0d
ore_ont_3966	8c8e5f33e5053398
ore_ont_3968	74ef5250882ad92f
ore_ont_3978	4a14ccfaf98cdc74
ore_ont_3987	409e1738d4130cba
ore_ont_399	7ec76248586b368e
ore_ont_4006	6eadf43f1ff853fe
ore_ont_4032	5a1ae33e1885e9cb
ore_ont_4033	500df4853f780d52
ore_ont_4035	d9f74f49a51bc028
ore_ont_4049	a871626b4bb0c6fa
ore_ont_4054	376ab05f14d36c17
ore_ont_4074	d1ec823ae7a4cdff
ore_ont_4092	d9185969fc350c9e
ore_ont_4106	c3643f1104168a7f
ore_ont_412	3febbf5a4d934bad
ore_ont_4127	a894b22e75968346
ore_ont_4133	5eaaa5e2474f25d4
ore_ont_4141	2770b1f6d37c0b45
ore_ont_4162	2cbd2338360862b3
ore_ont_4166	c725d58eaefbea0d
ore_ont_4178	fbbf2b5871a925d0
ore_ont_4182	4a0a0db39e070000
ore_ont_4187	d2d2a0f32dbec98e
ore_ont_4188	27b74a454db56862
ore_ont_4193	a25298cb7bd0a93b
ore_ont_4198	939f7d39deefe6c5
ore_ont_4205	c13618378d485363
ore_ont_4208	UNPARSEABLE
ore_ont_420	a7b473ce952ff3db
ore_ont_4210	da98906fb334d161
ore_ont_4223	f21970c30fe1bbf5
ore_ont_4226	c56a12979eb921cf
ore_ont_4233	6c6c14185a77f1a8
ore_ont_4235	55c7819a152138d6
ore_ont_4242	2e5d3fe13644b9b0
ore_ont_4260	ed09a2c22d51b601
ore_ont_4261	0005a1012ab94fca
ore_ont_4263	e6f9f19323a91757
ore_ont_4279	21d3869aa9de4aa2
ore_ont_430	500df4853f780d52
ore_ont_4313	383a7a92f0287ef2
ore_ont_4315	500df4853f780d52
ore_ont_4354	a828f17f2e848c77
ore_ont_4363	14819b53fdd5b0bf
ore_ont_4382	b081fb3c80da9d90
ore_ont_4383	5b5646a375760e4e
ore_ont_4388	472b4784b719045f
ore_ont_4400	94dd19b56e32a003
ore_ont_4410	500df4853f780d52
ore_ont_4412	UNPARSEABLE
ore_ont_4423	b83af1d11eb077a0
ore_ont_4428	71068178c2dc3ce7
ore_ont_4429	ca8410de08e3d3c6
ore_ont_443	c77e1bf89ac9a6df
ore_ont_4460	175bfe14d1020ff2
ore_ont_4469	f624169b522d1212
ore_ont_4487	be9573a997584473
ore_ont_4503	d82f4b3fc0ceb75e
ore_ont_4510	fcd3cc63ef08690e
ore_ont_4515	2cbd2338360862b3
ore_ont_4516	0d96e388b203a649
ore_ont_4527	68c291d85bbb7a55
ore_ont_4557	500df4853f780d52
ore_ont_4567	13f5efd33450e332
ore_ont_4570	f9e97a0e6fee0c25
ore_ont_4572	UNPARSEABLE
ore_ont_4577	9d4e47c9c1dbb054
ore_ont_457	7c01d898c32eb3d0
ore_ont_4578	6ed2677236e068e4
ore_ont_4581	86aa84934f344f98
ore_ont_4587	b195d9fe57882a42
ore_ont_4598	ce4a4e774d517ad5
ore_ont_4604	UNPARSEABLE
ore_ont_4609	720bd1a801141c64
ore_ont_4610	c98b4d509e753a9a
ore_ont_4616	500df4853f780d52
ore_ont_4617	5bbd08f35a540450
ore_ont_4639	a894b22e75968346
ore_ont_4652	3d0561433c6f7f34
ore_ont_4655	144bf98e3df74a8f
ore_ont_4662	5db2e3ca6c53e8e0
ore_ont_4668	6486659ab79742a1
ore_ont_4669	UNPARSEABLE
ore_ont_4671	7b34ab5d4377f5d2
ore_ont_4719	e56d1462385a94bb
ore_ont_4724	500df4853f780d52
ore_ont_4732	0032a776b0db05cf
ore_ont_4733	5c6d16718024e98f
ore_ont_4737	e3c692a83b65e7ba
ore_ont_4744	62b810cdb150f573
ore_ont_4755	a12fa04737b194c6
ore_ont_4767	e10da4ed8602da23
ore_ont_4770	27b74a454db56862
ore_ont_4775	8f92b727b310d3ab
ore_ont_4780	7fdceeb96241f62b
ore_ont_4782	61f78df86df65c61
ore_ont_4796	eb4136bf86ecd56b
ore_ont_4798	3c6375e03e18c5c9
ore_ont_4802	cf6a21ac036965d5
ore_ont_480	d09164f83f1b9598
ore_ont_4827	d3df8d3dcd0b29af
ore_ont_4834	77624202a3aeeed3
ore_ont_4855	4bc92cfcbf0fa42b
ore_ont_4856	a2a3559d37987c7f
ore_ont_4875	60fffe9c846e1fda
ore_ont_4897	b17dd88b90aa9af5
ore_ont_4898	bc31c5b83188e2e5
ore_ont_4903	a1ca6eeb91f46d12
ore_ont_4911	caa930b12ff49e98
ore_ont_4917	eea049b1a7ad8c01
ore_ont_4918	a8120c3a210753bb
ore_ont_4936	57dfd7d69cd1ba3a
ore_ont_4938	9854e938db26c282
ore_ont_4952	c16f4c0670f617a2
ore_ont_4958	d9185969fc350c9e
ore_ont_4961	4e4e988356477c2f
ore_ont_4983	33a0fb13334d29ca
ore_ont_5002	6145490da39c2f1f
ore_ont_5014	2e04d3ed1e47c86c
ore_ont_5033	e593f090cc2fac26
ore_ont_5057	18ed08ca7cfcbe26
ore_ont_5059	b2c67a26bdea998f
ore_ont_507	1ee274d1c3395575
ore_ont_5074	097735fecbcf2fb8
ore_ont_5078	5af84842942f2c13
ore_ont_5080	8cb21d238ec9d5c4
ore_ont_508	35f00ffea444524e
ore_ont_5089	8e5556195f1cd374
ore_ont_5090	95e64f97fa8b5119
ore_ont_5092	4589be543258841f
ore_ont_509	714b152864263984
ore_ont_5103	ac3cb9ff360fe230
ore_ont_5107	68d176a32d9d8317
ore_ont_5115	cbdeb13192d8a887
ore_ont_5141	UNPARSEABLE
ore_ont_5149	bb9b4c4e7a1fe7ff
ore_ont_5159	5f720f3152b2a495
ore_ont_5162	UNPARSEABLE
ore_ont_5164	500df4853f780d52
ore_ont_5184	1342ee7338141e98
ore_ont_5188	500df4853f780d52
ore_ont_5193	21e6273f8fe31726
ore_ont_5197	918650c19ee2beb9
ore_ont_5204	124c959fb0268234
ore_ont_5205	f22611d804ed8697
ore_ont_5206	700bf9e2751fd5b6
ore_ont_5213	c7fd70724852d5bd
ore_ont_5216	e2742bf1d2dcb5f5
ore_ont_5218	UNPARSEABLE
ore_ont_5220	ecdd610e9c197041
ore_ont_5241	91b174c613cd3b8d
ore_ont_524	440fe5571831fafd
ore_ont_5253	273452a4b0c514f3
ore_ont_5255	542020c0dcb2437c
ore_ont_5258	b6d274bd4e00c956
ore_ont_5260	UNPARSEABLE
ore_ont_5263	500df4853f780d52
ore_ont_5266	4b6f870a2fe981a8
ore_ont_5289	f50b1146d9e24c4b
ore_ont_5292	6d7478e3b4e917aa
ore_ont_5295	a1acf6b8defb8710
ore_ont_5298	9989620b7b9de426
ore_ont_5303	e2add3adffbd72b6
ore_ont_5324	ecdd610e9c197041
ore_ont_5358	376ab05f14d36c17
ore_ont_5359	95f803184961c52b
ore_ont_5368	UNPARSEABLE
ore_ont_5376	dfee9404b667b57a
ore_ont_5398	918ba88524957ef9
ore_ont_5404	cbfce76672f00647
ore_ont_541	17ec95b3bfb9e30e
ore_ont_5418	2f3772fe7a8b2552
ore_ont_5438	UNPARSEABLE
ore_ont_544	2f47acbfbb95bd62
ore_ont_5448	fcf7e98204ad7055
ore_ont_5462	e19b71e55dfe5d84
ore_ont_5475	c78464efa5315396
ore_ont_5481	ed90e85b596f61c1
ore_ont_5485	e33920b2c2ffc101
ore_ont_5487	e04ea7838686608d
ore_ont_5492	ce713a2478641cb6
ore_ont_5502	7fe85e2c3f7a6157
ore_ont_5507	500df4853f780d52
ore_ont_5509	51255dafb8e2e005
ore_ont_5519	c82bf285a0dd0194
ore_ont_5539	700bf9e2751fd5b6
ore_ont_5543	258179481a0a9e97
ore_ont_5544	b136cf5c23f02964
ore_ont_5548	UNPARSEABLE
ore_ont_5549	0251daaf9ec5f026
ore_ont_5550	8aa803374b95475b
ore_ont_5564	b17f1b47f95500f5
ore_ont_5566	afabad71527892f3
ore_ont_5572	0c88bb07db561e3c
ore_ont_5596	1e62e9e9da44ce29
ore_ont_5602	500df4853f780d52
ore_ont_5604	9185261b1b8bfc5f
ore_ont_5612	5698ef8d2b5de787
ore_ont_5617	f169840ccefa61ff
ore_ont_5646	ba4edf69a67f6176
ore_ont_5664	81d3fbe74ae4ac8a
ore_ont_5665	71699f1ddc524f76
ore_ont_5669	15da527e4110829f
ore_ont_566	e8371b5685e2ca53
ore_ont_5679	a89280fad840e524
ore_ont_5688	eaedcb17fcf1d345
ore_ont_568	b5d5bc9a5e52cb03
ore_ont_5690	500df4853f780d52
ore_ont_5695	c087b029821ad06b
ore_ont_5696	13136bc9589d5f3a
ore_ont_5707	5c72741e51cd6e01
ore_ont_5721	ce0df1bfe4e99f65
ore_ont_572	cb72d335aef13b57
ore_ont_5730	996815664f5cbddc
ore_ont_5742	2e0a87ac7113cbdf
ore_ont_5753	3b55270061d0cfff
ore_ont_5755	223992483870a0d4
ore_ont_5760	500df4853f780d52
ore_ont_5764	UNPARSEABLE
ore_ont_5769	fa8d13307ed3a420
ore_ont_5774	eecd581f2a2ec608
ore_ont_5781	b4163459bd046eab
ore_ont_5792	3f135796be2dfa21
ore_ont_580	342bafe856066440
ore_ont_5815	500df4853f780d52
ore_ont_5834	6aa80f4cd8b82b93
ore_ont_5840	e039390ebaf9d725
ore_ont_5841	66ec91ddb1c5f2c3
ore_ont_5849	9e9cf5b8fd7ff098
ore_ont_5852	905a1dd23f3b9ca7
ore_ont_5857	UNPARSEABLE
ore_ont_586	1ceef5e0b3945ebf
ore_ont_5894	26157961b899174f
ore_ont_589	9e334c956d80cca0
ore_ont_5927	f7dd4bc6b7d49e7d
ore_ont_5932	d6cda784be15570f
ore_ont_5940	81d45cc9da799977
ore_ont_5943	cb6a8e3277adb9c2
ore_ont_5964	04141bc8081fdcc8
ore_ont_5965	500df4853f780d52
ore_ont_5966	88c1310208e6c4b0
ore_ont_5974	500df4853f780d52
ore_ont_5978	cbb7b5610f33ad27
ore_ont_5983	3542c810454e74d0
ore_ont_6009	910398ffc812b532
ore_ont_6020	ebb1f72bfec8b137
ore_ont_6024	a36ce182a586c1e5
ore_ont_6035	7de93e6e1701e4b4
ore_ont_6060	0a070c0f16ca64e4
ore_ont_6065	c9c367af9276b13a
ore_ont_6067	f1aa79f434d0c33c
ore_ont_6076	7b6eb99a28cf1474
ore_ont_6102	6e83887c611e9512
ore_ont_6108	637fee489831f50e
ore_ont_6109	4257c8ae29848a00
ore_ont_6111	0c4b448389021799
ore_ont_6120	c01a70ca90e58ee7
ore_ont_6132	08f1557bdbdb599d
ore_ont_6134	UNPARSEABLE
ore_ont_6146	8f8fcc94f3c26c29
ore_ont_6149	0b20111557d0d631
ore_ont_6198	5130b0d64347f2c4
ore_ont_6202	cbdeb13192d8a887
ore_ont_6207	f72df1a0d9af7a62
ore_ont_6212	eaab39708fc972f4
ore_ont_6223	341c074ed084707d
ore_ont_6226	7e2e1b0d9584131e
ore_ont_6230	1c1ad7b092523de8
ore_ont_6233	500df4853f780d52
ore_ont_6234	0e3ce425fbd0a1c7
ore_ont_6246	4c507a9a9f71bea9
ore_ont_6258	9a3ac976186904e9
ore_ont_6260	8edac54619a5d021
ore_ont_6266	6a6d40d5c3d9378d
ore_ont_6272	3a7c8a562d3ec902
ore_ont_6278	6a8f1fb6e8860528
ore_ont_6298	fafb1e26fc2fd282
ore_ont_630	801806068b00ec50
ore_ont_6310	f42fa775f7874e13
ore_ont_6315	ec60e502cf28e891
ore_ont_6333	8e3b95b4a25faf88
ore_ont_6338	500df4853f780d52
ore_ont_6354	c2bf6db0ce7c93af
ore_ont_6358	f325e4aca3013583
ore_ont_6368	37b0f415ddef05f7
ore_ont_6378	4f5e32faae9c7a35
ore_ont_637	c67ae134d7c93ce2
ore_ont_6401	8c174c407804cd21
ore_ont_6409	4b6f870a2fe981a8
ore_ont_6417	500df4853f780d52
ore_ont_6423	dc7f64787de56daa
ore_ont_6433	2e97c6ddadb83b92
ore_ont_6437	ebb5301f6cbf4189
ore_ont_644	15da527e4110829f
ore_ont_6443	038092914b935bc8
ore_ont_6444	88dbefe05f9a1c02
ore_ont_6446	35d1fa24ab286bc8
ore_ont_6452	87a45f4ecd55482c
ore_ont_6453	500df4853f780d52
ore_ont_6461	ad7899aa7cdff5e0
ore_ont_6469	a9534f53fc842ad0
ore_ont_6470	05a51c33a21f6d9e
ore_ont_6477	ab61caa78f3d6885
ore_ont_6478	e0e6590bdfb2609b
ore_ont_6483	a6673f8dc345f2df
ore_ont_6485	ffc52fab4fd8df31
ore_ont_6495	1febb5b2e22356c6
ore_ont_6504	335c9fd5d4b7defa
ore_ont_6535	4a9c6988bf3e1a4e
ore_ont_6542	e9d2096db4543629
ore_ont_6566	1436f06b4784a3dc
ore_ont_6589	e369bfc23cca1147
ore_ont_6608	UNPARSEABLE
ore_ont_6615	ad639f21971ada8a
ore_ont_6617	e97029794c92d544
ore_ont_6622	b2e9eb6680a90202
ore_ont_6627	UNPARSEABLE
ore_ont_6635	029de454201dcd85
ore_ont_6659	4cb0480adc8a6b3e
ore_ont_6664	45b7edfb66eac50d
ore_ont_6682	UNPARSEABLE
ore_ont_668	b05ee34e6d57aa8f
ore_ont_6696	e4ec01e7e37d56ed
ore_ont_670	e711579e57db4463
ore_ont_6712	UNPARSEABLE
ore_ont_6720	fbf5703abfac0564
ore_ont_6722	b73f2e27d4d9949d
ore_ont_6726	fc0d5e8970279b16
ore_ont_6727	1eb87395b5b105ea
ore_ont_6729	27b74a454db56862
ore_ont_6735	04e4d44279e05024
ore_ont_6737	144bf98e3df74a8f
ore_ont_6751	00bb2a31190fbf47
ore_ont_6765	2cbd2338360862b3
ore_ont_6792	b89b7283b22ba195
ore_ont_6796	698b5af6b17233bf
ore_ont_6800	de07f802d08c9b9b
ore_ont_6812	a9d56da9ab26ce7b
ore_ont_6815	1e64b6f68cd82dca
ore_ont_6816	b1f174a7fe8d969b
ore_ont_6817	c3d6027a0176497e
ore_ont_6822	5654c002c9cfc800
ore_ont_6833	d296e1eb996774dc
ore_ont_6835	4c65b32bf8606b81
ore_ont_6847	7399aa9d70b75f53
ore_ont_6855	6debf64777b37cd1
ore_ont_6857	5fafd13e6e52fe4d
ore_ont_6859	b7a529f21746c2fa
ore_ont_6862	9623440603a20091
ore_ont_6869	dccdea67366ff701
ore_ont_6870	70829c3eb5428cf7
ore_ont_6889	ff2c92e83c99318f
ore_ont_6892	57b28d148a5da197
ore_ont_6896	70e0573ec3b2864b
ore_ont_6905	a7fe9b3a6a4ae735
ore_ont_6910	UNPARSEABLE
ore_ont_6923	f96f5d8438f5aabb
ore_ont_6934	a89ff5eaf54de138
ore_ont_6939	17f28b8b3dcf9495
ore_ont_6948	94cb878d1690badf
ore_ont_6951	5ce3c987a13331fe
ore_ont_6952	UNPARSEABLE
ore_ont_6967	5a65298ea3b23775
ore_ont_6981	ba1b4334354e2396
ore_ont_6983	130bd2ab4176ff6c
ore_ont_699	4044c17efcba81f9
ore_ont_6999	ff29996ecea6adba
ore_ont_7003	500df4853f780d52
ore_ont_7007	71e0ff8dfb9eca66
ore_ont_7011	1b2bc58106bee402
ore_ont_7014	27b74a454db56862
ore_ont_7015	93606d77ab582ed5
ore_ont_7025	55e17f66ce3145d3
ore_ont_703	ab03e1c5c114f2c5
ore_ont_7052	c77e1bf89ac9a6df
ore_ont_7073	500df4853f780d52
ore_ont_7079	d500559bb18f9ab9
ore_ont_7084	c79b6f6fb9d1e6ca
ore_ont_7102	609332dcba00f347
ore_ont_7108	1bc1c87565b2ef84
ore_ont_7111	UNPARSEABLE
ore_ont_7120	62098d25c3521965
ore_ont_7127	UNPARSEABLE
ore_ont_714	97b27b2f9af6f3aa
ore_ont_7169	23cb143cd0f915d7
ore_ont_7174	UNPARSEABLE
ore_ont_7178	500df4853f780d52
ore_ont_7179	61275fe1faf41ddd
ore_ont_7180	0dbdeb974bfa8e2f
ore_ont_7188	f708b2709efac0a2
ore_ont_7192	f5d94e6b6d979df2
ore_ont_7195	8f567f786a6e1ee9
ore_ont_7203	1707aa607f442b27
ore_ont_7204	2ea523057ba6cca0
ore_ont_7216	16e0905c7060225c
ore_ont_7218	15b4759c42a8c74c
ore_ont_7220	22bd96db9ebdd3e8
ore_ont_7226	defb6109b0a1eb6e
ore_ont_7234	8ae20c3ce3672267
ore_ont_7237	55e17f66ce3145d3
ore_ont_7246	UNPARSEABLE
ore_ont_7251	164338b6cb8b3447
ore_ont_725	3270f3b2b7a0c3bc
ore_ont_7256	500df4853f780d52
ore_ont_7270	25043498d8c79559
ore_ont_7275	1c1ad7b092523de8
ore_ont_7278	b2fbd3240e8e4a5f
ore_ont_727	97cb86805b7f333f
ore_ont_7300	7a6eb1c9f3f45298
ore_ont_7320	5e98d8aa323ee311
ore_ont_7327	47d5030df3432740
ore_ont_7339	8474ff4fe47068f8
ore_ont_7340	c5119c1724b90d2a
ore_ont_7342	324429f8312f463c
ore_ont_7343	500df4853f780d52
ore_ont_7345	4bcf6ca3cc2e0bad
ore_ont_7356	3872c614a90e2bd6
ore_ont_7361	UNPARSEABLE
ore_ont_7364	d8cc47456b4cf4b9
ore_ont_7370	edabda0f30d1ded5
ore_ont_7372	37e31ebd4009c085
ore_ont_7373	c6f253198d37f8db
ore_ont_7389	e8d2865b4b7aa163
ore_ont_7394	500df4853f780d52
ore_ont_7399	e6f9f19323a91757
ore_ont_7401	6b9da0fbc133998d
ore_ont_7409	2d52d4154d834094
ore_ont_7416	86fc752efe5b3d6e
ore_ont_7417	2ab647df428eb0f8
ore_ont_7418	500df4853f780d52
ore_ont_7439	c56a12979eb921cf
ore_ont_7455	9ddbd2b3343b3c4b
ore_ont_7464	fec3b2abe2f86f46
ore_ont_7474	7abf2c8d18961c2f
ore_ont_7479	1f71eb79c17eee3e
ore_ont_7482	3c5a869067e6be32
ore_ont_7483	91f368792f140c37
ore_ont_7488	52de49d709a78298
ore_ont_7493	1dd9604c19ff5c5f
ore_ont_7496	e120b568f16656ef
ore_ont_7499	UNPARSEABLE
ore_ont_7507	UNPARSEABLE
ore_ont_751	341c074ed084707d
ore_ont_7517	2251cfb61f1b1b01
ore_ont_7525	dedf53c7a90308c2
ore_ont_7532	7a02647634ad2d07
ore_ont_7536	d993a4d36fa69b96
ore_ont_7537	c019163826efc52d
ore_ont_7540	41c880b04d349e65
ore_ont_7557	9362b3c765062476
ore_ont_7567	df3d65137cc97a7f
ore_ont_7569	a33e4c939ace48c3
ore_ont_7576	87b4bda26d0f98ee
ore_ont_7578	c78464efa5315396
ore_ont_7581	UNPARSEABLE
ore_ont_7584	82e5732db03706d3
ore_ont_7607	fd909a8887a5a6df
ore_ont_7608	2c6e03938c7c65d6
ore_ont_7610	caf4895b2bec2fca
ore_ont_762	2e9faacccf21d25d
ore_ont_7639	3209f9a47c3ca1c7
ore_ont_7646	UNPARSEABLE
ore_ont_7663	6a4ecfd1e0b81a1c
ore_ont_7668	59ecaa0a3f6524c2
ore_ont_766	e69542779d432c0e
ore_ont_7680	566d4091a5b82aff
ore_ont_770	55e17f66ce3145d3
ore_ont_7706	7b819a5175535ed6
ore_ont_7712	UNPARSEABLE
ore_ont_7716	62d07a4f91e7d99e
ore_ont_7726	43015cf532931f5d
ore_ont_7728	9bbef1fd0cf7dee4
ore_ont_7729	UNPARSEABLE
ore_ont_7730	8ad1945b7cd88421
ore_ont_773	b4163459bd046eab
ore_ont_7743	e889bd72fe1af65a
ore_ont_7758	2cbd2338360862b3
ore_ont_7775	3f8187a13944bbff
ore_ont_7776	6a39edda167e4987
ore_ont_7778	e334127c8706debc
ore_ont_7789	f603aafb4405a74d
ore_ont_778	dbebfa84c8cdf98c
ore_ont_7800	ca622effc602d712
ore_ont_7803	7b89ecc090eda87e
ore_ont_7817	bb9fcae979c4bb25
ore_ont_7818	103e4a7779e65617
ore_ont_7820	b746d496ce872060
ore_ont_7823	500df4853f780d52
ore_ont_7828	UNPARSEABLE
ore_ont_7831	500df4853f780d52
ore_ont_7833	8ef1041c64a05395
ore_ont_7839	7d3d556969ed04d2
ore_ont_7858	5db2e3ca6c53e8e0
ore_ont_786	4dabb30b06b127b5
ore_ont_7868	05d1028303c4c85d
ore_ont_7877	6520351fe1eddd3f
ore_ont_7890	62c6b721043b5e3c
ore_ont_7893	bd1dfadc5ee4f0b2
ore_ont_7894	99b3aa2e4f11d103
ore_ont_7901	1fb8df9c246b96cc
ore_ont_7908	938815d72c4a4e63
ore_ont_7914	UNPARSEABLE
ore_ont_7926	1136d4a773dae6b8
ore_ont_7938	edec5527e996b4cc
ore_ont_7944	3455068ec9ac9539
ore_ont_7956	UNPARSEABLE
ore_ont_795	e83788a7ec5a34bf
ore_ont_7962	951fead925f39314
ore_ont_7969	b246c0be52fbd33e
ore_ont_7988	939f7d39deefe6c5
ore_ont_7993	500df4853f780d52
ore_ont_7995	97c958765f86756e
ore_ont_8006	d24e5c16a4aec46c
ore_ont_8019	e50c664b923f823c
ore_ont_8021	b7706a583ee9d6bf
ore_ont_802	c5a48c01c42e772e
ore_ont_8030	72bcdacfffa77c4c
ore_ont_8042	6aa80f4cd8b82b93
ore_ont_8047	500df4853f780d52
ore_ont_8050	740a443be6bdffb0
ore_ont_8068	a843b4353246d1db
ore_ont_8090	30ab60b4b2091e6d
ore_ont_8094	39a57924dc584a6a
ore_ont_8119	a26c58cfd6c019dc
ore_ont_8128	0e7a4af9a484a5c2
ore_ont_8135	2ba00e880ad03c03
ore_ont_8141	95f803184961c52b
ore_ont_8142	bbfa60dfa2ad8f53
ore_ont_8145	500df4853f780d52
ore_ont_8148	bd9e1242b4faf924
ore_ont_8166	24b125d4290ffb49
ore_ont_8169	0425116c1da1b0dc
ore_ont_8171	258179481a0a9e97
ore_ont_8175	ac049dae580aecc6
ore_ont_8187	ecbba34fc6243630
ore_ont_8189	fc871b2dc0ee6409
ore_ont_8194	UNPARSEABLE
ore_ont_8203	2302ce8a4c646ea8
ore_ont_8226	da1ca1b5d26d8874
ore_ont_8250	531847feeb7573ae
ore_ont_8273	UNPARSEABLE
ore_ont_8280	700bf9e2751fd5b6
ore_ont_8286	2cbd2338360862b3
ore_ont_8290	6caf8e2e381a134b
ore_ont_8294	59faa91c1ae193ee
ore_ont_8298	46b10308975ef681
ore_ont_8322	0246ddf366669ccf
ore_ont_8326	06e41aba7f2372a5
ore_ont_8327	3dd2a3b9c685e977
ore_ont_8329	15b4759c42a8c74c
ore_ont_8335	3f11cf6a521fbd67
ore_ont_8347	a56d1e7c0ee2b43a
ore_ont_8355	42861500b77fc54d
ore_ont_8359	2cbd2338360862b3
ore_ont_8362	e9d1d69e297b0d0c
ore_ont_8369	500df4853f780d52
ore_ont_8377	7a8d06adaddeee2c
ore_ont_8387	8b790631540da1aa
ore_ont_8388	50f29d94ecef9370
ore_ont_8396	e917b7ec976514fb
ore_ont_8399	592b567b698eac2d
ore_ont_840	df3164d757a63a0d
ore_ont_8417	f1b6efb2590961a0
ore_ont_8429	709ed512bfc06fed
ore_ont_8431	c078994c223e9e6f
ore_ont_8432	ba094cac9df834fe
ore_ont_8441	UNPARSEABLE
ore_ont_8445	UNPARSEABLE
ore_ont_8460	7b357d07cfb55acf
ore_ont_8462	500df4853f780d52
ore_ont_8470	ed5265df5cef35b4
ore_ont_8475	UNPARSEABLE
ore_ont_8480	e4a4d97253951eaf
ore_ont_8486	77ac918e8f5cb4dd
ore_ont_8492	1c1ad7b092523de8
ore_ont_8502	8fc0d8fa6bd5ca82
ore_ont_850	6aa80f4cd8b82b93
ore_ont_8509	3de962153e7475e7
ore_ont_8557	500df4853f780d52
ore_ont_8563	3d55ee2e1c58ef74
ore_ont_8578	4a944d5f1adea5a1
ore_ont_8579	500df4853f780d52
ore_ont_85	9382417347472ac2
ore_ont_8595	a106334d6393f310
ore_ont_8627	4a465231bc19f3d1
ore_ont_8631	fc46023eb2922ecb
ore_ont_8634	4cfda01f354bbb61
ore_ont_8640	6c41028b6ebd2857
ore_ont_8641	66499569e1ef18b9
ore_ont_8662	a4e630e8697d5e0a
ore_ont_8665	61b2904e23d46947
ore_ont_8666	296e5532790b219f
ore_ont_8667	d80928ef84cfc1db
ore_ont_8668	d10ead795c23bf4d
ore_ont_8671	ee861fd6546ce661
ore_ont_8684	2cbd2338360862b3
ore_ont_8688	a6da67936e714fa7
ore_ont_868	9fd6449a8af6162d
ore_ont_869	b58a4369714c50b2
ore_ont_8705	6b93af9a33f016f6
ore_ont_8712	500df4853f780d52
ore_ont_8719	624346068c33c871
ore_ont_8723	99b5f62c16e9585d
ore_ont_8730	3298f9dabdcd337f
ore_ont_8737	UNPARSEABLE
ore_ont_8744	88399d20dd6d6356
ore_ont_8755	5d20a64ddccc4cbf
ore_ont_8759	2da8f41e88f40ca0
ore_ont_8779	3acc94ddccc7b9d7
ore_ont_8781	031fe9095534a903
ore_ont_8786	f3b525df10c30f2f
ore_ont_8787	8dabe9e8cab738ea
ore_ont_8792	16a89001351c2a79
ore_ont_8806	025525d76f205372
ore_ont_8844	09c05c34283de48a
ore_ont_8858	223992483870a0d4
ore_ont_8864	6a53b1d41d6f1f84
ore_ont_8882	b9f974ea7d5d8e4d
ore_ont_8902	a3cc963b896550f1
ore_ont_8911	cb45deeada5e2678
ore_ont_8916	7b1058701f700417
ore_ont_891	cb6a8e3277adb9c2
ore_ont_8933	37e31ebd4009c085
ore_ont_8937	a4e630e8697d5e0a
ore_ont_8940	52de49d709a78298
ore_ont_8941	1bfd260c3a520a5c
ore_ont_894	7653e3e0e1f9c1f8
ore_ont_8948	3e94977510a3524f
ore_ont_8949	500df4853f780d52
ore_ont_8951	caa1c352887a1d61
ore_ont_8974	7e8146fb0e8edc44
ore_ont_8975	4a944d5f1adea5a1
ore_ont_8982	098f9af8a8016a51
ore_ont_8989	c77e1bf89ac9a6df
ore_ont_8995	94ed0bc2668875e9
ore_ont_8999	db1ede66b46fd039
ore_ont_9002	d11b40ed3f7be662
ore_ont_9012	b895cb558af14c6c
ore_ont_9014	e45a7c7739a531c5
ore_ont_9020	500df4853f780d52
ore_ont_9024	7aa2d2b8be0fb2b8
ore_ont_9027	UNPARSEABLE
ore_ont_9031	bbd55e495ba7a1c5
ore_ont_9037	e6f9f19323a91757
ore_ont_9046	2d6ce40db6b9113f
ore_ont_904	ad853b17bf941973
ore_ont_9053	e908c940f87abc3c
ore_ont_9054	a98e75084e82e673
ore_ont_9088	9c0abcd3faeff416
ore_ont_9096	92968376dfa1d955
ore_ont_9119	500df4853f780d52
ore_ont_9122	38008cefa3958bac
ore_ont_9151	42ea5bcbbfe69e28
ore_ont_9154	f247d0c74b6b12d5
ore_ont_9186	d25f8ca6c235aecf
ore_ont_9204	500df4853f780d52
ore_ont_9240	fe4f3780cd28c675
ore_ont_9248	d142d304d169d091
ore_ont_9249	5ad0bc9f6c72e45a
ore_ont_9251	0aa6f242f11b8069
ore_ont_9257	d286cf995705cb6f
ore_ont_928	445178d7aa94e47c
ore_ont_9299	47a15ade5f300539
ore_ont_9303	2451797ac2662737
ore_ont_9318	648f8c90899f60b7
ore_ont_9347	bf30945c146007e2
ore_ont_934	eb712ebf0cb496b2
ore_ont_935	b8dcff6617cae77a
ore_ont_9382	e6f9f19323a91757
ore_ont_9386	bbf364b93d3a32d5
ore_ont_9400	bd97745b2d83254f
ore_ont_9402	8ef08a6cf387ade1
ore_ont_9413	7ef3c9b349326e67
ore_ont_9422	773a44366222cbd0
ore_ont_9429	47a413288a71adf9
ore_ont_9435	31f60353a9a5ef62
ore_ont_9462	5222b32c3f878350
ore_ont_947	ba063711d168e10b
ore_ont_9498	1e393b0c156cfefc
ore_ont_9499	d1c18ddb7176190f
ore_ont_950	03e97b60858d8ab5
ore_ont_9509	9b082ccc95bfcfc2
ore_ont_9513	027d5a8f90936fb9
ore_ont_9534	3bac3677304f85df
ore_ont_954	08416cf84feace9c
ore_ont_9540	d27075aabb5b5763
ore_ont_9545	aaa1426c3c3c0b46
ore_ont_9557	600d5a097662a65e
ore_ont_9558	1e64b6f68cd82dca
ore_ont_955	UNPARSEABLE
ore_ont_9567	223992483870a0d4
ore_ont_9577	0081956327bf7e8b
ore_ont_9590	e0a3a68d2bd82c53
ore_ont_9596	b45e7cf1c935d4f1
ore_ont_9598	266158ca2697d7cf
ore_ont_9600	0e3a62669ba71225
ore_ont_960	1e64b6f68cd82dca
ore_ont_9612	bb053b539cc72dbd
ore_ont_9617	266158ca2697d7cf
ore_ont_9635	6ec49b02481c6399
ore_ont_9646	4b48669de5d4f946
ore_ont_964	b13846350714ab52
ore_ont_9654	35b21ef2fadccd05
ore_ont_9662	6c4a69d499bb7f73
ore_ont_9663	UNPARSEABLE
ore_ont_9666	94ded295ab57a22d
ore_ont_9668	e6f9f19323a91757
ore_ont_9673	98a43c00f3f9a1a8
ore_ont_9674	c34329a66bd7a0fc
ore_ont_9684	UNPARSEABLE
ore_ont_9689	a8f834ce77bff310
ore_ont_9690	48b2de17e09f0375
ore_ont_9694	af02727804e533f7
ore_ont_9695	5fb91c6b46caf64a
ore_ont_9709	19636db99f963791
ore_ont_9724	UNPARSEABLE
ore_ont_9736	a4d0e0895896263e
ore_ont_9739	UNPARSEABLE
ore_ont_9758	1e64b6f68cd82dca
ore_ont_9761	67900b5baaa62b31
ore_ont_9767	341c074ed084707d
ore_ont_9768	500df4853f780d52
ore_ont_9772	2a90b423f7fcc35e
ore_ont_9783	665ef63e284ead6d
ore_ont_9786	0a8adf5e1d93a957
ore_ont_9790	2ac991d7940d4303
ore_ont_9791	UNPARSEABLE
ore_ont_9792	c3b24c705f4451c7
ore_ont_9794	500df4853f780d52
ore_ont_9800	da7513a6eb2d489f
ore_ont_980	246992a79943e713
ore_ont_9805	f2bacf60f62e432e
ore_ont_9809	a4db2661d00126d2
ore_ont_9816	9866591116c7042b
ore_ont_9835	UNPARSEABLE
ore_ont_9854	06ff9477bdaf32b0
ore_ont_9855	UNPARSEABLE
ore_ont_9857	101c5200527dfb3f
ore_ont_9864	d7ca02ea0df7246c
ore_ont_9867	86a7cd057f853b44
ore_ont_9881	56e91a4de807e2f3
ore_ont_9884	6bba9f5ec6a52093
ore_ont_9886	2ff5554853f202fa
ore_ont_9890	2b8ee7fab6386229
ore_ont_9894	27b509403d0ddb19
ore_ont_9896	2eb31fad701d96d2
ore_ont_9899	cff5bf93f5fd1cec
ore_ont_9904	7da5712a0a4254b9
ore_ont_990	e78f6f2d75829209
ore_ont_9928	cbb7b5610f33ad27
ore_ont_9941	4b07c56842f40a39
ore_ont_9943	f6cd0cd94e669c45
ore_ont_9944	UNPARSEABLE
ore_ont_9947	e4713c6e2b086509
ore_ont_9957	5ca1525866a8a400
ore_ont_9958	2e708fc1b93925de
ore_ont_9972	258179481a0a9e97
ore_ont_9994	72e36bb22329b229
ore_ont_9998	d2141621078dfa2a
