file,individuals,class_assertions,opa,chain_rules,transitive_roles,functional_roles,convert_ms,precheck_ms,clash,timed_out,edges,type_adds,edge_adds
ore_ont_10413,2,0,1,0,0,0,1,0,false,false,1,0,1
ore_ont_11866,2,0,1,0,0,0,1,0,false,false,1,0,1
ore_ont_12101,1,1,0,0,0,0,1,0,false,false,0,1,0
ore_ont_13852,1,1,0,0,0,0,87,1,false,false,0,1,0
ore_ont_15461,1,1,0,0,0,0,1,0,false,false,0,1,0
ore_ont_2128,1,1,0,0,0,0,89,1,false,false,0,1,0
ore_ont_2557,2,0,1,0,0,0,1,0,false,false,1,0,1
ore_ont_2654,1,1,0,0,0,0,2,0,false,false,0,1,0
ore_ont_3260,1,1,0,0,0,0,2,0,false,false,0,1,0
ore_ont_3592,1,1,0,0,0,0,3,0,false,false,0,1,0
ore_ont_4856,1,1,0,0,0,0,0,0,false,false,0,1,0
ore_ont_7464,1,1,0,0,0,0,1,0,false,false,0,1,0
ore_ont_8119,1,1,0,0,0,0,4,0,false,false,0,1,0
ore_ont_8347,1,1,0,0,0,0,88,1,false,false,0,1,0
ore_ont_12698,2,2,0,2,10,2,171,3,false,false,0,6,0
ore_ont_7532,2,2,0,2,36,25,22,0,false,false,0,0,0
ore_ont_16777,4,0,3,0,0,0,3,0,false,false,3,0,3
ore_ont_2485,3,3,0,0,0,0,1,0,false,false,0,1,0
ore_ont_3978,3,3,0,0,2,0,7,0,false,false,0,3,0
ore_ont_10362,2,4,0,0,9,0,2,0,false,false,0,10,0
ore_ont_2036,5,5,0,0,0,0,1,0,false,false,0,18,0
ore_ont_3250,3,3,2,0,0,0,2,0,false,false,2,3,2
ore_ont_508,5,5,0,0,0,0,1,0,false,false,0,18,0
ore_ont_9509,5,5,0,0,0,0,0,0,false,false,0,5,0
ore_ont_9635,3,5,1,0,0,6,2,0,false,false,2,7,2
ore_ont_10536,10,0,7,0,0,0,1,0,false,false,7,0,7
ore_ont_14273,10,0,7,0,0,0,1,0,false,false,7,0,7
ore_ont_1526,8,8,0,0,0,0,1,0,false,false,0,8,0
ore_ont_178,8,8,0,0,0,1,2,0,false,false,0,12,0
ore_ont_6696,8,8,0,0,0,0,9,0,false,false,0,8,0
ore_ont_8462,12,0,8,0,0,0,2,0,false,false,8,0,8
ore_ont_13066,12,0,10,0,0,0,2,0,false,false,10,0,10
ore_ont_11316,11,11,0,0,7,0,17,0,false,false,0,11,0
ore_ont_13503,11,11,0,0,0,0,1,0,false,false,0,11,0
ore_ont_778,10,10,2,0,3,0,3,0,false,false,2,64,2
ore_ont_11484,13,13,0,0,4,2,25,0,false,false,0,26,0
ore_ont_11895,13,26,0,0,0,2,1,0,false,false,0,26,0
ore_ont_12253,15,16,0,0,4,0,2,0,false,false,0,56,0
ore_ont_10833,18,0,15,0,0,0,1,0,false,false,15,0,15
ore_ont_8369,21,0,15,0,0,0,3,0,false,false,15,0,15
ore_ont_10006,18,18,0,33,22,2,363,7,false,false,0,90,0
ore_ont_10908,18,18,0,7,18,4,10,0,false,false,0,90,0
ore_ont_1938,18,18,0,33,22,2,2009,37,false,false,0,90,0
ore_ont_5292,18,18,0,0,0,0,1,0,false,false,0,21,0
ore_ont_5359,18,18,0,0,4,1,4,0,false,false,0,144,0
ore_ont_7455,18,18,0,55,0,0,385,7,false,false,0,107,0
ore_ont_15803,19,19,0,0,1,0,10272,278,false,false,0,152,0
ore_ont_11526,19,0,21,0,0,0,3,0,false,false,21,0,21
ore_ont_580,21,21,0,0,0,0,1,0,false,false,0,21,0
ore_ont_13299,22,22,0,0,16,2,35,0,false,false,0,168,0
ore_ont_5502,22,22,0,0,16,2,22,0,false,false,0,168,0
ore_ont_5107,24,24,0,0,0,2,1,0,false,false,0,24,0
ore_ont_1325,27,27,0,0,0,0,4,0,false,false,0,76,0
ore_ont_1034,28,0,28,0,0,0,3,0,false,false,28,0,28
ore_ont_2237,31,0,28,0,0,0,3,0,false,false,28,0,28
ore_ont_1853,16,32,0,0,12,20,4,0,false,false,0,39,0
ore_ont_2526,16,32,0,0,12,20,4,0,false,false,0,39,0
ore_ont_394,16,15,17,7,0,0,4,0,false,false,63,184,63
ore_ont_7418,46,0,34,0,0,0,4,0,false,false,34,0,34
ore_ont_6722,18,35,0,55,0,0,817,15,false,false,0,107,0
ore_ont_11889,18,36,0,0,0,0,6,0,false,false,0,18,0
ore_ont_13887,18,36,0,0,0,0,8,0,false,false,0,18,0
ore_ont_3770,36,0,36,0,0,0,2,0,false,false,36,0,36
ore_ont_11196,39,39,0,30,35,0,328,7,false,false,0,103,0
ore_ont_11553,39,39,0,30,36,0,201,4,false,false,0,103,0
ore_ont_15695,39,39,0,41,36,0,847,15,false,false,0,103,0
ore_ont_7517,41,41,0,0,0,3,1,0,false,false,0,131,0
ore_ont_13772,40,0,44,0,0,0,2,0,false,false,44,0,44
ore_ont_5966,44,44,0,0,0,0,3,0,false,false,0,44,0
ore_ont_15672,16,31,17,0,7,0,3,0,false,false,63,23,63
ore_ont_3262,12,27,24,0,12,0,5,0,false,false,152,126,152
ore_ont_2837,24,19,34,0,0,1,1,0,false,false,67,33,67
ore_ont_6417,46,0,53,0,0,0,4,0,false,false,53,0,53
ore_ont_14588,47,84,8,0,0,19,1,0,false,false,8,165,8
ore_ont_12342,49,54,2,0,15,7,7,0,false,false,4,375,4
ore_ont_7339,57,76,0,0,0,0,7,0,false,false,0,57,0
ore_ont_13737,58,58,0,0,2,2,3,0,false,false,0,28,0
ore_ont_5164,58,0,58,0,0,0,6,0,false,false,58,0,58
ore_ont_13077,24,78,28,0,0,2,3,0,false,false,40,81,40
ore_ont_10888,47,47,14,0,7,0,3,0,false,false,14,55,14
ore_ont_11523,47,47,14,0,7,0,1,0,false,false,14,55,14
ore_ont_14848,47,47,14,0,7,0,1,0,false,false,14,55,14
ore_ont_16289,47,47,14,0,7,0,1,0,false,false,14,55,14
ore_ont_16359,47,47,14,0,7,0,3,0,false,false,14,55,14
ore_ont_16855,47,47,14,0,7,0,3,0,false,false,14,55,14
ore_ont_1902,47,47,14,0,7,0,2,0,false,false,14,55,14
ore_ont_1944,47,47,14,0,7,0,2,0,false,false,14,55,14
ore_ont_2989,47,47,14,0,7,0,3,0,false,false,14,55,14
ore_ont_3789,47,47,14,0,7,0,1,0,false,false,14,55,14
ore_ont_4428,47,47,14,0,7,0,3,0,false,false,14,55,14
ore_ont_5159,47,47,14,0,7,0,2,0,false,false,14,55,14
ore_ont_5572,47,47,14,0,7,0,1,0,false,false,14,55,14
ore_ont_8951,47,47,14,0,7,0,3,0,false,false,14,55,14
ore_ont_9002,47,47,14,0,7,0,3,0,false,false,14,55,14
ore_ont_16535,25,38,24,0,7,0,3,0,false,false,77,76,77
ore_ont_6589,61,62,0,0,0,0,3,0,false,false,0,145,0
ore_ont_15421,72,108,0,0,0,0,1,0,false,false,0,216,0
ore_ont_2744,29,90,44,0,2,42,8,0,false,false,82,62,82
ore_ont_6855,33,81,46,0,0,34,3,0,false,false,62,41,62
ore_ont_2066,49,67,15,0,0,0,4,0,false,false,15,241,15
ore_ont_10621,85,85,0,0,0,66,934,18,false,false,0,0,0
ore_ont_5184,15,17,76,0,9,0,3,0,false,false,76,47,76
ore_ont_9783,15,17,76,0,9,0,4,0,false,false,76,47,76
ore_ont_12566,75,82,26,0,0,0,7,0,false,false,26,288,26
ore_ont_11296,42,42,60,0,0,14,2,0,false,false,60,67,60
ore_ont_8294,102,102,0,0,23,3,26,0,false,false,0,306,0
ore_ont_9557,51,93,36,0,0,23,3,0,false,false,130,93,130
ore_ont_2038,103,103,0,0,1,0,1,0,false,false,0,103,0
ore_ont_7417,74,104,30,0,0,0,2,0,false,false,30,73,30
ore_ont_13928,106,106,0,33,22,2,800,15,false,false,0,90,0
ore_ont_8460,23,32,77,0,9,0,4,0,false,false,77,75,77
ore_ont_3377,19,113,0,1,0,0,10778,277,false,false,0,379,0
ore_ont_8666,125,131,6,0,0,5,2,0,false,false,6,195,6
ore_ont_13704,46,76,99,0,0,29,3,0,false,false,100,57,100
ore_ont_2678,112,252,44,0,1,0,7,0,false,false,64,142,64
ore_ont_6999,158,158,0,0,0,154,7,0,false,false,0,113,0
ore_ont_15068,166,166,0,0,0,0,4,0,false,false,0,938,0
ore_ont_2775,166,166,0,0,4,0,1,0,false,false,0,166,0
ore_ont_2860,72,86,102,0,0,71,4,0,false,false,102,141,102
ore_ont_13545,179,179,0,9,15,6,21,0,false,false,0,323,0
ore_ont_8050,115,116,63,0,0,0,8,0,false,false,103,670,103
ore_ont_16303,151,163,20,0,0,0,46,1,false,false,30,1285,30
ore_ont_11577,197,197,0,0,0,0,6,0,false,false,0,197,0
ore_ont_5964,193,195,9,0,16,14,19,0,false,false,10,316,10
ore_ont_13113,148,103,106,7,0,0,17,0,false,false,123,841,123
ore_ont_15682,138,265,56,0,1,12,5,0,false,false,110,378,110
ore_ont_9890,216,216,0,3,16,7,8,0,false,false,0,601,0
ore_ont_3259,119,0,220,0,0,0,5,0,false,false,220,0,220
ore_ont_7499,149,149,74,6,29,1,69,2,false,false,296,1087,296
ore_ont_9429,124,183,47,0,15,7,174,1,false,false,83,824,83
ore_ont_13383,103,179,134,0,7,0,5,0,false,false,160,791,160
ore_ont_15575,103,179,134,0,7,0,9,0,false,false,160,791,160
ore_ont_5564,103,179,134,0,7,0,7,0,false,false,160,791,160
ore_ont_6857,103,179,134,0,7,0,9,0,false,false,160,791,160
ore_ont_9096,103,179,134,0,7,0,11,0,false,false,160,791,160
ore_ont_14924,189,189,89,0,2,0,5,1,false,false,664,708,664
ore_ont_2456,279,279,0,0,0,0,4,0,false,false,0,279,0
ore_ont_8006,124,221,155,0,7,0,14,0,false,false,181,1056,181
ore_ont_8019,124,221,155,0,7,0,17,1,false,false,181,1056,181
ore_ont_13132,101,273,28,0,0,0,4,0,false,false,50,439,50
ore_ont_10080,161,274,19,6,14,7,297,4,false,false,19,728,19
ore_ont_13035,138,242,55,6,0,0,4,0,false,false,503,876,503
ore_ont_11978,118,0,299,0,0,0,4,0,false,false,299,0,299
ore_ont_11016,109,216,198,0,0,0,8,0,false,false,257,604,257
ore_ont_1823,158,314,0,0,0,0,3,0,false,false,0,313,0
ore_ont_13755,315,315,0,0,0,0,37,0,false,false,0,315,0
ore_ont_9772,316,316,0,0,0,0,38,0,false,false,0,316,0
ore_ont_13153,150,284,174,0,7,0,25,0,false,false,207,1267,207
ore_ont_10952,150,284,179,0,7,0,26,1,false,false,212,1272,212
ore_ont_15297,150,284,179,0,7,0,25,1,false,false,212,1272,212
ore_ont_5894,150,284,179,0,7,0,25,1,false,false,212,1272,212
ore_ont_8595,150,284,179,0,7,0,24,0,false,false,212,1272,212
ore_ont_13912,121,1095,217,0,0,2,41,2,false,false,433,788,433
ore_ont_2677,158,294,181,0,7,0,38,1,false,false,214,1315,214
ore_ont_2318,159,298,184,0,7,0,38,1,false,false,217,1323,217
ore_ont_14551,258,317,47,0,16,13,175,1,false,false,83,769,83
ore_ont_13762,115,217,165,0,0,0,3,0,false,false,253,266,253
ore_ont_13398,392,392,0,0,2,0,4,0,false,false,0,392,0
ore_ont_7663,417,417,0,0,0,0,5,0,false,false,0,417,0
ore_ont_10702,206,227,246,0,1,6,5,1,false,false,1240,696,1240
ore_ont_10314,478,478,0,0,0,0,5,0,false,false,0,478,0
ore_ont_8203,502,502,0,0,1,0,28,0,false,false,0,502,0
ore_ont_2453,414,148,361,0,0,0,6,0,false,false,500,885,500
ore_ont_10860,ERR101,,,,,,,,,,,,
ore_ont_15860,260,516,0,0,0,0,29,0,false,false,0,1148,0
ore_ont_15231,537,537,0,0,1,0,6,0,false,false,0,537,0
ore_ont_5774,206,208,373,0,0,7,4,0,false,false,539,671,539
ore_ont_4400,602,602,0,0,0,0,9,0,false,false,0,602,0
ore_ont_2313,363,466,147,0,3,0,19,1,false,false,293,4963,293
ore_ont_15516,171,318,413,0,0,0,5,0,true,false,0,354,710
ore_ont_2669,171,318,413,0,0,0,8,0,true,false,0,354,710
ore_ont_13219,324,1680,375,0,0,118,88,1,false,false,375,755,375
ore_ont_6020,603,742,34,0,0,9,9,1,false,false,34,3302,34
ore_ont_16054,746,746,0,0,0,0,8,0,false,false,0,746,0
ore_ont_12955,662,357,504,1,14,10,11,1,false,false,1289,492,1289
ore_ont_6446,567,1290,435,1,3,4,49,6,false,false,944,1991,944
ore_ont_6720,979,994,0,0,0,0,8,1,true,false,0,4059,0
ore_ont_5548,661,6566,483,0,0,20,865,39,false,false,781,4310,781
ore_ont_8941,215,636,986,0,5,16,33,3,false,false,1695,1253,1695
ore_ont_1481,1063,382,919,0,0,0,14,0,false,false,1276,1072,1276
ore_ont_10874,445,1324,869,0,1,0,43,3,false,false,891,1467,891
ore_ont_6060,1285,1362,52,0,5,0,42,4,false,false,897,9361,897
ore_ont_7320,1285,1362,52,0,5,0,44,4,false,false,897,9361,897
ore_ont_11696,1285,1362,53,0,5,0,42,4,false,false,898,9361,898
ore_ont_4958,1285,1362,58,0,5,0,40,4,false,false,990,9361,990
ore_ont_10594,1285,1362,59,0,5,0,45,4,false,false,906,9361,906
ore_ont_10749,1285,1362,63,5,0,0,67,3,false,false,1052,8956,1052
ore_ont_14896,1285,1362,63,0,5,0,39,5,false,false,1072,9361,1072
ore_ont_3357,1285,1362,63,0,5,0,41,5,false,false,1072,9361,1072
ore_ont_3795,1285,1362,63,0,5,0,45,4,false,false,1072,9361,1072
ore_ont_4210,1285,1362,63,0,5,0,44,4,false,false,1072,9361,1072
ore_ont_8417,1285,1362,63,0,5,0,39,5,false,false,1072,9361,1072
ore_ont_16642,1285,1436,64,0,5,0,43,5,false,false,1080,9361,1080
ore_ont_4834,1285,1362,64,0,5,0,43,5,false,false,1002,9406,1002
ore_ont_7014,1285,1414,65,0,5,0,42,5,false,false,910,9397,910
ore_ont_5220,1428,1428,0,0,0,0,8,0,false,false,0,1428,0
ore_ont_7025,1285,1414,70,0,5,0,44,4,false,false,1002,9397,1002
ore_ont_7237,1285,1414,70,0,5,0,43,4,false,false,1002,9397,1002
ore_ont_5943,1285,1362,71,0,5,0,39,4,false,false,1003,9397,1003
ore_ont_990,1306,1383,54,0,5,0,41,4,false,false,899,9382,899
ore_ont_10409,1155,1389,237,0,8,0,73,6,false,false,2927,6553,2927
ore_ont_10985,1155,1389,237,0,8,0,73,6,false,false,2927,6553,2927
ore_ont_5092,1155,1389,237,0,8,0,73,6,false,false,2927,6553,2927
ore_ont_960,1155,1389,237,0,8,0,77,6,false,false,2927,6553,2927
ore_ont_13337,1174,1408,238,0,8,0,75,6,false,false,2990,6663,2990
ore_ont_14134,1174,1400,238,0,8,0,72,6,false,false,2990,6663,2990
ore_ont_9668,1174,1408,238,0,8,0,76,8,false,false,2990,6663,2990
ore_ont_980,1323,1513,63,0,5,0,67,5,false,false,1087,9594,1087
ore_ont_2700,1321,1397,81,0,5,0,45,4,false,false,926,9614,926
ore_ont_15615,1351,1405,122,5,0,0,48,3,false,false,1125,9189,1125
ore_ont_6934,538,1149,1036,0,8,1,25,4,false,false,3826,3021,3826
ore_ont_14767,1285,1399,213,0,5,0,43,5,false,false,1892,9361,1892
ore_ont_15692,1285,1448,219,0,5,0,40,5,false,false,1985,9361,1985
ore_ont_7569,1285,1399,253,0,5,0,44,5,false,false,2083,9468,2083
ore_ont_3114,1155,1419,458,0,8,0,77,8,false,false,4413,6553,4413
ore_ont_6469,1155,1419,458,0,8,0,72,8,false,false,4413,6553,4413
ore_ont_6765,1155,1419,458,0,8,0,76,8,false,false,4413,6553,4413
ore_ont_7474,1155,1419,458,0,8,0,74,8,false,false,4413,6553,4413
ore_ont_5448,1160,1424,458,0,8,0,79,8,false,false,4413,6576,4413
ore_ont_15544,1174,1438,459,0,8,0,76,8,false,false,4476,6663,4476
ore_ont_16120,1174,1446,459,0,8,0,72,8,false,false,4476,6663,4476
ore_ont_1790,1174,1438,459,0,8,0,74,8,false,false,4476,6663,4476
ore_ont_2817,1174,1438,459,0,8,0,71,8,false,false,4476,6663,4476
ore_ont_3329,1174,1438,459,0,8,0,77,8,false,false,4476,6663,4476
ore_ont_6266,1174,1438,459,0,8,0,79,8,false,false,4476,6663,4476
ore_ont_8999,1174,1438,459,0,8,0,74,8,false,false,4476,6663,4476
ore_ont_12039,1176,1440,459,0,8,0,73,8,false,false,4476,6671,4476
ore_ont_9534,1197,1462,476,0,8,0,83,8,false,false,4645,7072,4645
ore_ont_148,1212,1519,482,0,8,0,78,8,false,false,4513,6868,4513
ore_ont_8730,469,0,1800,0,0,0,12,0,false,false,1800,0,1800
ore_ont_10173,1232,1495,507,0,8,0,76,9,false,false,4722,7258,4722
ore_ont_8322,1265,1597,503,0,8,0,72,8,false,false,4564,7529,4564
ore_ont_13674,1174,1438,595,0,8,0,72,8,false,false,4629,6750,4629
ore_ont_3050,1174,1438,595,0,8,0,72,8,false,false,4629,6750,4629
ore_ont_4527,1826,1826,0,0,2,0,25,0,false,false,0,1826,0
ore_ont_3905,1266,1211,660,0,0,0,42,2,false,false,1984,6483,1984
ore_ont_10242,1289,1230,669,8,0,0,45,7,false,false,6194,6690,6194
ore_ont_1340,1289,1230,669,0,0,0,42,2,false,false,2017,6593,2017
ore_ont_13621,1289,1230,669,8,0,0,45,7,false,false,6194,6690,6194
ore_ont_14194,1289,1230,669,8,0,0,41,7,false,false,6194,6690,6194
ore_ont_14450,1291,1232,669,0,0,0,47,2,false,false,2017,6603,2017
ore_ont_10781,590,1889,1341,0,0,0,26,3,false,false,2682,2884,2682
ore_ont_9540,198,138,1862,0,2,0,18,4,false,false,2656,265,2656
ore_ont_3313,2070,2070,0,0,0,0,24,1,false,false,0,9969,0
ore_ont_1346,2079,2079,0,0,0,0,13,0,false,false,0,2079,0
ore_ont_2266,2079,2079,0,0,0,0,18,0,false,false,0,2079,0
ore_ont_11362,2198,2198,0,0,0,0,19,0,false,false,0,2198,0
ore_ont_2749,720,2079,1501,0,1,0,80,7,false,false,1565,2388,1565
ore_ont_7775,1483,1483,845,0,15,0,30,1,false,false,845,1483,845
ore_ont_8175,2385,2385,0,0,1,0,19,0,false,false,0,2385,0
ore_ont_7052,813,2480,1672,0,1,0,101,10,true,false,0,2721,1778
ore_ont_14667,2733,2733,0,0,3,0,26,0,false,false,0,2733,0
ore_ont_16666,2295,2336,602,0,12,14,66,8,false,false,2556,15190,2556
ore_ont_6226,963,476,2475,0,0,0,15,1,false,false,2476,1806,2476
ore_ont_2792,2399,2493,669,0,12,16,76,9,false,false,2684,16036,2684
ore_ont_8744,3076,3076,0,0,2,0,29,0,false,false,0,3076,0
ore_ont_8641,3135,3135,0,1,0,0,44,1,false,false,0,3135,0
ore_ont_11703,3489,3489,0,0,3,0,29,1,false,false,0,3489,0
ore_ont_1555,3628,7204,0,0,0,0,113,2,false,false,0,10848,0
ore_ont_6817,3687,3687,0,0,1,0,20,1,false,false,0,6118,0
ore_ont_4737,5840,5949,0,0,4,0,61,1,false,false,0,4157,0
ore_ont_3529,4346,4346,0,0,0,0,77,2,false,false,0,4346,0
ore_ont_2578,5088,5088,0,0,2,0,88,2,false,false,0,5088,0
ore_ont_16632,312,15853,4865,0,2,0,7321,1627,false,false,5126,936,5126
ore_ont_15917,5474,5474,0,0,2,0,53,1,false,false,0,5474,0
ore_ont_13840,5596,5596,0,0,2,0,59,1,false,false,0,5596,0
ore_ont_15341,5596,5596,0,0,2,0,54,1,false,false,0,5596,0
ore_ont_9014,5858,5858,0,0,0,0,69,2,false,false,0,5858,0
ore_ont_9761,6868,6868,0,0,2,0,72,2,false,false,0,6868,0
ore_ont_443,2182,6140,4868,0,1,0,464,45,true,false,0,7185,5256
ore_ont_3640,1387,4676,2493,0,3,1,32,2,false,false,2493,3234,2493
ore_ont_2333,7178,7178,0,0,5,0,53,2,false,false,0,7178,0
ore_ont_3917,4865,5636,2271,0,21,16,110,28,false,false,6931,41780,6931
ore_ont_9881,4297,9104,2971,0,0,0,162,9,false,false,6132,13380,6132
ore_ont_3077,5145,5971,2342,0,22,16,113,29,false,false,7202,42776,7202
ore_ont_699,5200,6037,2355,0,22,16,115,29,false,false,7221,42963,7221
ore_ont_11124,8085,8085,0,0,3,0,70,3,false,false,0,8085,0
ore_ont_11378,5408,6290,2404,0,21,16,120,34,false,false,9901,44124,9901
ore_ont_12174,2260,7487,5391,0,9,12,802,93,false,false,10932,10493,10932
ore_ont_15288,2619,6745,5856,0,1,0,614,63,true,false,0,8355,6074
ore_ont_10754,3093,5873,6057,0,0,0,204,16,false,false,7899,17913,7899
ore_ont_8933,9161,9161,0,1,3,0,53,2,false,false,0,9161,0
ore_ont_10212,1970,6197,3656,0,3,1,42,3,false,false,3656,4171,3656
ore_ont_10275,10772,10772,0,0,5,0,65,4,false,false,0,10772,0
ore_ont_9792,2465,0,10889,0,0,0,99,6,false,false,12850,0,12850
ore_ont_7195,11276,11276,0,1,2,0,78,3,false,false,0,11276,0
ore_ont_9151,7565,8992,3094,0,27,21,177,65,false,false,22719,64533,22719
ore_ont_13949,11542,11542,0,1,2,0,82,3,false,false,0,11542,0
ore_ont_6132,3393,6235,8263,2,6,3,396,85,false,false,13708,12095,13708
ore_ont_9899,3393,6235,8263,2,6,3,399,86,false,false,13708,12095,13708
ore_ont_5695,2408,7806,4142,0,3,1,54,3,false,false,4142,5230,4142
ore_ont_330,11941,11941,0,1,3,0,70,4,false,false,0,11941,0
ore_ont_11502,12278,12278,0,1,0,0,85,3,false,false,0,12278,0
ore_ont_2624,12278,12278,0,0,1,0,96,3,false,false,0,12278,0
ore_ont_15098,6916,1398,11472,0,0,0,52,8,false,false,16571,4875,16571
ore_ont_7251,14187,14187,0,0,0,0,126,4,false,false,0,14187,0
ore_ont_10123,15133,15133,0,0,0,0,75,4,false,false,0,15133,0
ore_ont_4662,16685,16685,0,0,0,0,141,5,false,false,0,16685,0
ore_ont_7858,16685,16685,0,0,0,0,145,5,false,false,0,16685,0
ore_ont_10951,4330,13620,7856,0,3,1,90,7,false,false,7856,9156,7856
ore_ont_8792,22505,22505,0,0,0,0,182,6,false,false,0,22505,0
ore_ont_15733,23122,23122,0,8,3,0,217,10,false,false,0,23122,0
ore_ont_5059,17296,29199,0,0,53,0,200,43,false,false,0,172232,0
ore_ont_8480,24910,19184,10462,33,22,2,213,314,false,false,139295,103552,139295
ore_ont_16542,12573,28636,8945,0,0,0,784,30,false,false,18080,41264,18080
ore_ont_4033,34875,34959,0,0,0,0,724,3,false,false,0,0,0
ore_ont_15791,13668,8997,26762,0,0,0,150,30,false,false,53585,42816,53585
ore_ont_1685,13793,32065,15078,0,0,0,2731,24,false,false,19653,64615,19653
ore_ont_1212,33665,31325,9432,0,0,0,165,20,false,false,13975,91580,13975
ore_ont_2504,ERR124,,,,,,,,,,,,
ore_ont_1270,40125,28015,15267,0,9,2360,503,1533,false,false,67880,94191,67880
ore_ont_11311,45179,45179,0,8,3,0,375,19,false,false,0,45179,0
ore_ont_14742,46225,46225,0,0,2,0,1359,33,false,false,0,46225,0
ore_ont_6102,11310,25129,21153,3,0,0,190,25,false,false,32541,25129,32541
ore_ont_12651,47114,47114,0,0,1,0,1401,35,false,false,0,47114,0
ore_ont_13969,47114,47114,0,0,1,0,1388,35,false,false,0,47114,0
ore_ont_4744,47114,47114,0,0,1,0,1376,35,false,false,0,47114,0
ore_ont_14375,8746,31035,16415,0,3,1,196,16,false,false,16415,22106,16415
ore_ont_14897,48772,48772,0,10,6,0,316,18,false,false,0,48772,0
ore_ont_9684,52577,52577,0,10,6,0,336,18,false,false,0,52577,0
ore_ont_15991,11133,36262,20975,0,3,1,257,19,false,false,20975,24988,20975
ore_ont_2046,60502,60502,0,0,0,0,1263,3,false,false,0,0,0
ore_ont_15536,12026,39994,22712,0,3,1,285,22,false,false,22712,27719,22712
ore_ont_4557,63749,63749,0,0,0,0,1464,4,false,false,0,0,0
ore_ont_5602,65566,65566,0,0,0,0,1371,4,false,false,0,0,0
ore_ont_14216,66454,66454,0,0,0,0,1475,7,false,false,0,0,0
ore_ont_6477,66454,66454,0,0,0,0,2257,45,false,false,0,0,0
ore_ont_9768,66977,66977,0,0,0,0,1407,4,false,false,0,0,0
ore_ont_2253,67393,67393,0,0,0,0,1510,8,false,false,0,0,0
ore_ont_16315,58273,32918,37222,33,22,2,484,5064,false,true,0,223257,1392651
ore_ont_3816,5162,29818,66921,0,18,17,14456,185,false,false,190698,10667,190698
ore_ont_5103,14728,46967,27373,0,3,1,328,26,false,false,27373,32109,27373
ore_ont_5753,20941,41108,54750,3,0,15,32838,67,true,false,0,21955,96497
ore_ont_6478,77620,77620,0,1,2,0,450,23,false,false,0,77620,0
ore_ont_7993,78497,78497,0,0,0,0,1622,5,false,false,0,0,0
ore_ont_5760,78934,78934,0,0,0,0,1954,8,false,false,0,0,0
ore_ont_11110,81052,81052,0,0,1,0,654,33,false,false,0,81052,0
ore_ont_191,81052,81052,0,0,1,0,664,32,false,false,0,81052,0
ore_ont_6682,40069,0,89292,0,2,0,2158,72,false,false,89292,0,89292
ore_ont_14556,17521,56441,33095,0,3,1,388,32,false,false,33095,38793,33095
ore_ont_14881,98536,98536,0,0,23,1,808,55,false,false,0,98536,0
ore_ont_14543,98893,98893,0,0,1,0,804,30,false,false,0,98893,0
ore_ont_11207,18419,65825,34157,0,3,1,443,34,false,false,34157,46836,34157
ore_ont_12448,102970,102970,0,1,2,0,805,40,false,false,0,102970,0
ore_ont_10127,20902,66321,39227,0,3,1,467,38,false,false,39227,45127,39227
ore_ont_15172,108314,108314,0,7,0,0,615,26,false,false,0,108314,0
ore_ont_7914,108512,108512,0,33,38,1,865,60,false,false,0,108512,0
ore_ont_14221,21979,72797,40924,0,3,1,544,40,false,false,40924,50621,40924
ore_ont_4572,ERR124,,,,,,,,,,,,
ore_ont_5781,128056,128056,0,1,0,0,698,36,false,false,0,128056,0
ore_ont_10929,ERR124,,,,,,,,,,,,
ore_ont_10838,95653,61520,73952,33,22,2,887,5219,false,true,0,363978,797869
ore_ont_3873,137569,137569,0,0,6,0,955,96,false,false,0,137569,0
ore_ont_3954,139447,139447,0,0,2,0,803,45,false,false,0,139447,0
ore_ont_3087,95453,66979,76012,33,22,2,938,5035,false,true,0,389062,2213016
ore_ont_5755,143388,143388,0,0,2,0,830,46,false,false,0,143388,0
ore_ont_9567,143388,143388,0,0,2,0,840,46,false,false,0,143388,0
ore_ont_15725,26781,93868,50714,0,3,1,674,52,false,false,50714,66825,50714
ore_ont_2361,144897,144897,0,5,2,0,1106,113,false,false,0,144897,0
ore_ont_5549,144897,144897,0,5,2,0,1115,104,false,false,0,144897,0
ore_ont_8068,155169,155169,0,0,1,0,1120,119,false,false,0,155169,0
ore_ont_12414,163244,163244,0,0,1,0,1320,113,false,false,0,163244,0
ore_ont_15635,ERR124,,,,,,,,,,,,
ore_ont_7557,112691,90792,80434,33,22,2,1480,5045,false,true,0,481814,2951077
ore_ont_6233,176043,176043,0,0,0,0,3865,17,false,false,0,0,0
ore_ont_10068,180242,180242,0,0,0,0,1153,61,false,false,0,180242,0
ore_ont_4054,180400,180400,0,1,2,0,1481,97,false,false,0,180400,0
ore_ont_1306,182784,182784,0,0,0,0,3908,14,false,false,0,0,0
ore_ont_10697,36264,116002,70401,0,3,1,853,71,false,false,70401,79482,70401
ore_ont_15846,129647,111561,78441,33,22,2,1466,5074,false,true,0,646882,2294972
ore_ont_1579,129647,111578,78441,55,0,0,1481,1502,false,false,739463,646899,739463
ore_ont_3560,214804,214804,0,2,0,0,3272,98,false,false,0,214804,0
ore_ont_5519,214804,214804,0,0,2,0,3456,104,false,false,0,214804,0
ore_ont_1199,117925,115622,99820,33,22,2,1638,5211,false,true,0,511158,3234618
ore_ont_1194,18055,221086,0,20,19,0,3282,43,false,false,0,0,0
ore_ont_10750,228760,232753,0,0,0,0,5514,18,false,false,0,0,0
ore_ont_1012,232982,237119,0,0,0,0,5762,24,false,false,0,0,0
ore_ont_1370,243972,243972,0,0,2,0,1687,100,false,false,0,243972,0
ore_ont_4755,244181,244181,0,0,1,0,1798,198,false,false,0,244181,0
ore_ont_14861,244182,244182,0,0,1,0,1796,197,false,false,0,244182,0
ore_ont_12901,49171,155938,91256,0,3,1,1215,101,false,false,91256,106653,91256
ore_ont_318,253200,253200,0,5,2,0,1945,209,false,false,0,253200,0
ore_ont_9400,253200,253200,0,7,0,0,1762,91,false,false,0,253200,0
ore_ont_11745,259668,259668,0,9,19,0,2407,234,false,false,0,259668,0
ore_ont_3575,264461,264461,0,13,25,0,3221,265,false,false,0,264461,0
ore_ont_16701,43298,182237,82553,0,3,1,1324,103,false,false,82553,138414,82553
ore_ont_6223,266084,266084,0,5,2,0,2024,249,false,false,0,266084,0
ore_ont_9499,266101,266101,0,7,0,0,1873,106,false,false,0,266101,0
ore_ont_3164,52000,174054,99936,0,3,1,1305,111,false,false,99936,121751,99936
ore_ont_15280,289206,289206,0,0,0,0,6567,23,false,false,0,0,0
ore_ont_7646,289236,289236,0,51,36,2,14899,167,false,false,0,106,0
ore_ont_13482,292198,293195,0,0,0,0,7021,42,false,false,0,0,0
ore_ont_4510,60343,194302,114957,0,3,1,1535,137,false,false,114957,133830,114957
ore_ont_2622,59828,195673,117858,0,3,1,1521,138,false,false,117858,135611,117858
ore_ont_11315,325290,325290,0,5,3,0,2384,316,false,false,0,325290,0
ore_ont_3658,61797,209243,118717,0,3,1,1592,146,false,false,118717,146943,118717
ore_ont_9958,60834,213931,115170,0,3,1,1624,141,false,false,115170,152423,115170
ore_ont_12203,73952,239779,144002,0,3,1,1859,180,false,false,144002,165438,144002
ore_ont_4187,79467,245761,149141,0,3,1,1907,185,false,false,149141,165960,149141
ore_ont_10073,457670,457670,0,1,2,0,2963,330,false,false,0,457670,0
ore_ont_5481,457670,457670,0,1,2,0,3011,333,false,false,0,457670,0
ore_ont_12528,470571,470571,0,0,2,0,3439,238,false,false,0,470571,0
ore_ont_9654,116325,383507,224424,33,15,2,3295,1309,false,false,519007,266484,519007
ore_ont_5857,723816,723816,0,5,19,0,6005,662,false,false,0,723816,0
ore_ont_10125,747998,747998,0,6,7,0,6127,698,false,false,0,747998,0
ore_ont_3914,658369,94545,793467,0,4,0,4521,5134,false,true,0,444091,3500763
ore_ont_13647,169309,589796,326493,33,15,2,5217,2161,false,false,806731,419975,806731
ore_ont_4911,231100,767453,434853,33,15,2,7041,2973,false,false,939520,535976,939520
ore_ont_7192,128215,90792,2719604,33,22,2,15371,5068,false,true,0,481814,3760869
ore_ont_10340,2,0,1,0,0,0,2,0,false,false,1,0,1
ore_ont_10388,1,1,0,0,2,0,2,0,false,false,0,3,0
ore_ont_13524,2,0,1,0,0,0,1,0,false,false,1,0,1
ore_ont_14831,2,0,1,0,0,0,2,0,false,false,1,0,1
ore_ont_1662,2,0,1,0,0,0,1,0,false,false,1,0,1
ore_ont_16708,1,1,0,5,1,9,6,0,false,false,0,1,0
ore_ont_3205,60,119,0,0,0,14,7,0,false,false,0,4,0
ore_ont_3671,1,1,0,0,2,0,1,0,false,false,0,0,0
ore_ont_6967,1,1,0,5,1,9,7,0,false,false,0,1,0
ore_ont_9662,1,1,0,1,22,23,15,0,false,false,0,0,0
ore_ont_15737,4,0,2,0,0,0,2,0,false,false,2,0,2
ore_ont_2901,2,2,0,2,3,0,7,0,false,false,0,0,0
ore_ont_6635,2,1,1,0,0,0,1,0,false,false,1,1,1
ore_ont_714,7,9,0,2,6,14,2,0,false,false,0,0,0
ore_ont_10823,5,0,3,0,0,0,1,0,false,false,3,0,3
ore_ont_3292,6,0,3,0,0,0,3,0,false,false,3,0,3
ore_ont_8047,2,2,1,0,0,0,1,0,false,false,1,0,1
ore_ont_11157,4,4,0,0,0,2,9,0,false,false,0,4,0
ore_ont_12584,8,0,4,0,0,0,1,0,false,false,4,0,4
ore_ont_13097,6,0,4,0,0,0,2,0,false,false,4,0,4
ore_ont_480,4,4,0,0,0,0,0,0,false,false,0,6,0
ore_ont_7962,2,4,2,0,0,0,1,0,false,false,2,10,2
ore_ont_10805,9,0,5,0,0,0,1,0,false,false,5,0,5
ore_ont_11676,6,0,5,0,0,0,1,0,false,false,5,0,5
ore_ont_14816,6,0,5,0,0,0,2,0,false,false,5,0,5
ore_ont_15210,7,0,5,13,0,0,1,0,false,false,24,7,24
ore_ont_420,5,5,0,0,0,0,2,0,false,false,0,5,0
ore_ont_5263,10,0,5,0,0,0,1,0,false,false,5,0,5
ore_ont_6338,9,0,5,0,0,0,2,0,false,false,5,0,5
ore_ont_12118,8,0,6,0,0,0,2,0,false,false,6,0,6
ore_ont_14321,3,6,3,0,2,69,5,0,false,false,3,0,3
ore_ont_15066,7,7,0,4,3,0,77,2,false,false,0,7,0
ore_ont_16800,7,7,0,3,1,0,100,2,false,false,0,7,0
ore_ont_385,8,8,0,0,0,0,2,0,false,false,0,12,0
ore_ont_15583,10,10,0,0,0,0,15,0,false,false,0,10,0
ore_ont_8781,10,15,1,0,0,63,5,0,false,false,1,29,1
ore_ont_9088,7,10,5,0,0,2,2,0,false,false,15,51,15
ore_ont_12360,8,16,0,0,2,0,1,0,false,false,0,6,0
ore_ont_1342,12,14,0,0,0,1,2,0,false,false,0,15,0
ore_ont_15971,10,10,4,0,1,3,0,0,false,false,4,13,4
ore_ont_13700,1884,1895,0,0,11,8,198,0,false,false,0,113,0
ore_ont_14931,17,17,0,0,0,6,1,0,false,false,0,68,0
ore_ont_14517,18,0,18,0,0,0,1,0,false,false,18,0,18
ore_ont_5289,18,18,0,33,22,2,757,15,false,false,0,90,0
ore_ont_5849,18,18,0,33,22,2,499,10,false,false,0,90,0
ore_ont_8141,18,18,0,0,4,1,8,0,false,false,0,144,0
ore_ont_8631,18,18,0,11,19,0,10,0,false,false,0,108,0
ore_ont_3806,19,19,0,0,0,1,2,0,false,false,0,152,0
ore_ont_9204,21,0,19,0,0,0,1,0,false,false,19,0,19
ore_ont_1422,12,13,8,0,0,44,221,4,false,false,8,51,8
ore_ont_2548,1889,1899,3,1,11,8,206,0,false,false,4,141,4
ore_ont_1461,23,23,0,0,0,96,7,0,false,false,0,23,0
ore_ont_231,32,0,23,0,0,0,4,0,false,false,23,0,23
ore_ont_3843,18,19,6,0,11,0,5,0,false,false,6,68,6
ore_ont_13885,174,180,8,0,0,0,4,0,false,false,8,24,8
ore_ont_9709,13,35,0,0,0,28,2,0,false,false,0,22,0
ore_ont_15667,24,24,3,0,0,23,2,0,false,false,3,28,3
ore_ont_10355,30,0,29,0,0,0,3,0,false,false,29,0,29
ore_ont_12948,32,74,0,0,0,29,3,0,false,false,0,112,0
ore_ont_3060,16,32,0,0,12,20,2,0,false,false,0,39,0
ore_ont_3708,16,32,0,0,12,20,4,0,false,false,0,39,0
ore_ont_5033,16,32,0,0,12,20,4,0,false,false,0,39,0
ore_ont_6615,16,32,0,0,12,20,3,0,false,false,0,39,0
ore_ont_7820,16,32,0,0,12,20,2,0,false,false,0,39,0
ore_ont_16188,41,0,34,0,0,0,4,0,false,false,34,0,34
ore_ont_15685,18,36,0,0,0,0,5,0,false,false,0,18,0
ore_ont_766,18,36,0,0,0,0,4,0,false,false,0,18,0
ore_ont_10109,16,37,0,0,0,2,3,0,false,false,0,58,0
ore_ont_5258,19,37,0,0,0,0,1,0,false,false,0,113,0
ore_ont_13129,24,136,14,0,0,19,3,0,false,false,35,133,35
ore_ont_1066,39,39,0,30,36,0,233,5,false,false,0,103,0
ore_ont_9864,42,84,0,0,0,0,10,0,false,false,0,343,0
ore_ont_9994,43,52,0,0,0,36,1,0,false,false,0,129,0
ore_ont_185,14,29,17,0,5,0,3,0,false,false,63,23,63
ore_ont_1478,12,27,24,0,12,0,8,0,false,false,152,126,152
ore_ont_430,48,0,51,0,0,0,3,0,false,false,51,0,51
ore_ont_10537,47,47,14,0,7,0,2,0,false,false,14,55,14
ore_ont_11901,47,47,14,0,7,0,1,0,false,false,14,55,14
ore_ont_11929,47,47,14,0,7,0,3,0,false,false,14,55,14
ore_ont_11972,47,47,14,0,7,0,3,0,false,false,14,55,14
ore_ont_12451,61,61,0,36,33,7,50,1,false,false,0,435,0
ore_ont_13680,47,47,14,0,7,0,1,0,false,false,14,55,14
ore_ont_202,47,47,14,0,7,0,1,0,false,false,14,55,14
ore_ont_3270,47,47,14,0,7,0,1,0,false,false,14,55,14
ore_ont_3852,47,47,14,0,7,0,1,0,false,false,14,55,14
ore_ont_3987,47,47,14,0,7,0,1,0,false,false,14,55,14
ore_ont_4193,47,47,14,0,7,0,1,0,false,false,14,55,14
ore_ont_4936,47,47,14,0,7,0,1,0,false,false,14,55,14
ore_ont_6260,47,47,14,0,7,0,1,0,false,false,14,55,14
ore_ont_6470,47,47,14,0,7,0,2,0,false,false,14,55,14
ore_ont_6617,47,47,14,0,7,0,2,0,false,false,14,55,14
ore_ont_8250,62,62,0,2,2,141,6,0,false,false,0,167,0
ore_ont_12415,71,0,64,0,0,0,2,0,false,false,64,0,64
ore_ont_1509,30,45,24,0,14,0,8,0,false,false,152,299,152
ore_ont_6109,73,0,69,0,0,0,67,1,false,false,69,0,69
ore_ont_8429,67,136,0,0,0,0,7,0,false,false,0,788,0
ore_ont_16321,30,115,40,0,0,0,6,0,false,false,46,104,46
ore_ont_7730,75,76,0,0,4,0,2,0,false,false,0,277,0
ore_ont_8911,41,56,24,0,14,0,13,0,false,false,152,526,152
ore_ont_10285,30,56,46,1,14,3,3,0,false,false,46,37,46
ore_ont_11270,85,85,0,0,0,66,918,19,false,false,0,0,0
ore_ont_12898,18,86,0,55,0,0,22881,318,false,false,0,243,0
ore_ont_9957,87,87,0,0,18,1,13,0,false,false,0,173,0
ore_ont_3835,44,88,0,0,0,0,6,0,false,false,0,306,0
ore_ont_16723,57,78,32,0,0,29,2,0,false,false,52,121,52
ore_ont_11004,54,73,34,0,7,0,3,0,false,false,38,72,38
ore_ont_14348,76,76,15,0,16,0,2,0,false,false,15,381,15
ore_ont_15753,43,83,51,0,0,42,4,0,false,false,58,101,58
ore_ont_16197,58,83,35,0,0,8,2,0,false,false,35,191,35
ore_ont_13799,45,53,49,0,0,4,3,0,false,false,84,134,84
ore_ont_15058,48,96,0,0,6,29,2,0,false,false,0,96,0
ore_ont_7828,96,181,0,0,0,0,12,0,false,false,60,983,60
ore_ont_7988,49,165,48,0,0,0,7,0,false,false,48,177,48
ore_ont_1524,100,200,0,0,0,0,3,0,false,false,0,524,0
ore_ont_1784,23,25,76,0,9,0,4,0,false,false,76,79,76
ore_ont_6258,23,25,76,0,9,0,3,0,false,false,76,79,76
ore_ont_11203,48,44,58,0,0,0,2,0,false,false,58,44,58
ore_ont_16814,42,42,60,0,2,13,1,0,false,false,300,67,300
ore_ont_3080,102,102,0,0,22,2,57,1,false,false,0,306,0
ore_ont_16827,99,103,0,0,0,0,2,0,false,false,0,209,0
ore_ont_4469,89,91,16,0,10,0,10,0,false,false,18,353,18
ore_ont_10807,66,173,0,0,0,0,7,0,false,false,0,1023,0
ore_ont_14379,45,106,27,0,0,26,4,0,false,false,27,71,27
ore_ont_3053,85,173,19,0,0,25,3,0,false,false,21,248,21
ore_ont_3281,83,196,23,0,0,0,6,0,false,false,46,668,46
ore_ont_16372,106,108,0,3,15,8,15,0,false,false,0,816,0
ore_ont_4133,50,93,15,0,1,0,2,0,false,false,15,223,15
ore_ont_12112,117,121,0,0,1,0,2,0,false,false,0,110,0
ore_ont_12323,112,178,0,0,1,0,3,0,false,false,0,111,0
ore_ont_13872,48,46,65,15,0,0,4,0,false,false,523,96,523
ore_ont_14800,112,178,0,0,1,0,6,0,false,false,0,111,0
ore_ont_16670,112,179,0,0,1,0,4,0,false,false,0,111,0
ore_ont_1866,112,178,0,0,1,0,4,0,false,false,0,111,0
ore_ont_14883,23,36,77,0,9,0,2,0,false,false,77,75,77
ore_ont_16274,115,230,0,0,0,0,4,0,false,false,0,506,0
ore_ont_7179,57,99,23,0,0,0,2,0,false,false,46,66,46
ore_ont_155,82,88,33,0,0,0,4,0,false,false,33,339,33
ore_ont_13937,106,123,0,55,0,0,828,15,false,false,0,107,0
ore_ont_11533,81,127,44,0,1,0,5,0,false,false,64,99,64
ore_ont_14341,42,66,60,0,0,0,3,0,false,false,120,249,120
ore_ont_15074,128,128,0,0,3,3,118,1,false,false,0,128,0
ore_ont_6461,128,128,0,0,1,0,2,0,false,false,0,128,0
ore_ont_9462,128,128,0,1,0,0,3,0,false,false,0,128,0
ore_ont_10894,109,221,16,0,0,0,2,0,false,false,32,565,32
ore_ont_12150,131,13,119,0,0,0,3,0,false,false,119,22,119
ore_ont_15514,50,72,60,0,0,1,4,0,false,false,96,211,96
ore_ont_11416,193,148,34,1,10,38,3,0,false,false,34,235,34
ore_ont_1430,93,246,59,0,0,0,5,0,false,false,59,123,59
ore_ont_10009,112,252,44,0,1,0,4,0,false,false,64,142,64
ore_ont_10681,112,252,44,0,1,0,6,0,false,false,64,142,64
ore_ont_12369,112,252,44,0,1,0,4,0,false,false,64,142,64
ore_ont_15103,112,251,44,0,1,0,6,0,false,false,64,130,64
ore_ont_1898,112,270,44,0,1,0,4,0,false,false,64,130,64
ore_ont_3022,112,252,44,0,1,0,4,0,false,false,64,142,64
ore_ont_85,112,251,44,0,1,0,7,0,false,false,64,129,64
ore_ont_16115,157,156,0,0,0,0,4,0,false,false,0,467,0
ore_ont_13859,161,161,0,0,3,44,17,0,false,false,0,161,0
ore_ont_5204,88,88,73,0,5,6,3,0,false,false,75,244,75
ore_ont_15291,66,73,102,1,14,4,2,1,false,false,1061,143,1061
ore_ont_8578,66,73,102,1,14,4,2,1,false,false,1061,143,1061
ore_ont_2556,92,0,163,0,0,0,5,0,false,false,163,0,163
ore_ont_4315,98,0,163,0,0,0,5,0,false,false,163,0,163
ore_ont_8335,166,166,0,0,4,0,1,0,false,false,0,166,0
ore_ont_4796,39,79,90,0,4,1,9,0,false,false,332,418,332
ore_ont_16630,152,148,34,1,3,12,1,0,false,false,36,274,36
ore_ont_13404,113,114,63,0,0,0,7,0,false,false,103,655,103
ore_ont_1958,179,179,0,0,2,6,5,0,false,false,0,323,0
ore_ont_5014,83,313,96,0,0,79,10,0,false,false,96,127,96
ore_ont_10199,84,0,180,0,0,0,1,0,false,false,180,0,180
ore_ont_15010,180,180,0,0,0,0,3,0,false,false,0,180,0
ore_ont_7011,180,180,0,0,1,6,5,0,false,false,0,313,0
ore_ont_7800,84,0,180,0,0,0,1,0,false,false,180,0,180
ore_ont_14175,190,171,10,0,0,0,2,0,false,false,10,176,10
ore_ont_3966,182,182,0,0,1,0,5,0,false,false,0,182,0
ore_ont_4719,187,187,6,0,15,12,2,0,false,false,24,181,24
ore_ont_16371,83,365,26,0,0,0,16,0,false,false,84,908,84
ore_ont_1537,194,194,0,0,0,0,4,0,false,false,0,194,0
ore_ont_6067,194,194,0,0,1,0,7,0,false,false,0,194,0
ore_ont_1931,78,92,120,0,0,68,4,0,false,false,121,174,121
ore_ont_3936,200,100,100,0,0,0,1,0,false,false,200,524,200
ore_ont_568,158,95,105,0,0,0,2,0,false,false,107,385,107
ore_ont_586,139,414,67,0,0,0,9,0,false,false,67,278,67
ore_ont_13646,148,103,106,7,0,0,7,0,false,false,123,841,123
ore_ont_3884,91,124,85,3,0,0,2,0,false,false,93,301,93
ore_ont_1988,152,210,0,0,0,0,2,0,false,false,0,298,0
ore_ont_2608,212,212,0,0,0,0,4,0,false,false,0,965,0
ore_ont_3892,89,157,130,0,4,0,8,0,false,false,161,161,161
ore_ont_2142,145,194,20,20,0,0,208,1,false,false,20,846,20
ore_ont_4516,217,217,0,0,0,0,6,0,false,false,0,988,0
ore_ont_10517,153,324,50,0,0,0,9,0,false,false,150,1951,150
ore_ont_15652,197,197,24,0,0,39,3,0,false,false,24,381,24
ore_ont_205,149,149,74,6,29,1,85,2,false,false,296,1087,296
ore_ont_11592,81,109,146,0,4,1,3,1,false,false,763,137,763
ore_ont_6859,81,109,146,0,4,1,3,1,false,false,763,137,763
ore_ont_10571,82,112,145,1,14,4,5,2,false,false,1633,232,1633
ore_ont_15596,82,112,145,1,14,4,5,3,false,false,1633,232,1633
ore_ont_8975,82,112,145,1,14,4,3,1,false,false,1633,232,1633
ore_ont_10230,162,487,74,0,0,0,16,1,false,false,74,324,74
ore_ont_10320,103,179,134,0,7,0,6,0,false,false,160,791,160
ore_ont_12084,103,179,134,0,7,0,6,0,false,false,160,791,160
ore_ont_12925,103,179,134,0,7,0,9,0,false,false,160,791,160
ore_ont_13898,103,179,134,0,7,0,8,0,false,false,160,791,160
ore_ont_15413,103,179,134,0,7,0,5,0,false,false,160,791,160
ore_ont_16191,103,179,134,0,7,0,8,0,false,false,160,791,160
ore_ont_4032,103,179,134,0,7,0,9,0,false,false,160,791,160
ore_ont_4354,103,179,134,0,7,0,5,0,false,false,160,791,160
ore_ont_6278,103,179,134,0,7,0,5,0,false,false,160,791,160
ore_ont_6983,103,179,134,0,7,0,5,0,false,false,160,791,160
ore_ont_8030,103,179,134,0,7,0,7,0,false,false,160,791,160
ore_ont_8948,103,179,134,0,7,0,5,0,false,false,160,791,160
ore_ont_8362,100,245,139,0,0,0,4,0,false,false,139,218,139
ore_ont_15030,240,240,0,0,0,224,8,0,false,false,0,240,0
ore_ont_16267,163,113,136,0,0,0,2,0,false,false,252,688,252
ore_ont_7817,150,264,95,0,7,0,22,0,false,false,117,1272,117
ore_ont_7789,122,201,88,0,0,9,4,0,false,false,153,487,153
ore_ont_3381,156,272,97,0,7,0,32,1,false,false,119,1305,119
ore_ont_3783,260,260,0,0,0,0,13,0,false,false,0,888,0
ore_ont_8399,260,260,0,0,0,0,9,0,false,false,0,888,0
ore_ont_16033,269,269,0,0,0,0,3,0,false,false,0,269,0
ore_ont_5074,269,269,0,0,0,0,3,0,false,false,0,269,0
ore_ont_10580,273,273,0,0,12,0,2,0,false,false,0,273,0
ore_ont_5932,105,107,170,4,0,0,4,1,false,false,611,257,611
ore_ont_3301,124,221,155,0,7,0,12,1,false,false,181,1056,181
ore_ont_3503,124,221,155,0,7,0,12,0,false,false,181,1056,181
ore_ont_4875,279,279,0,0,0,0,7,0,false,false,0,279,0
ore_ont_7327,124,221,155,0,7,0,10,0,false,false,181,1056,181
ore_ont_5764,155,447,23,0,0,0,22,1,false,false,65,1866,65
ore_ont_14388,138,242,55,0,0,0,4,0,false,false,559,876,559
ore_ont_1172,118,0,299,0,0,0,4,0,false,false,299,0,299
ore_ont_16255,153,103,210,7,0,0,11,0,false,false,239,841,239
ore_ont_2488,153,103,210,7,0,0,8,0,false,false,239,841,239
ore_ont_4983,153,103,210,7,0,0,6,0,false,false,239,841,239
ore_ont_5688,153,103,210,7,0,0,9,0,false,false,239,841,239
ore_ont_934,147,206,163,0,3,27,4,0,false,false,223,615,223
ore_ont_6951,262,864,65,0,0,74,47,4,false,false,65,546,65
ore_ont_4903,280,294,48,0,7,9,24,1,false,false,184,762,184
ore_ont_630,330,330,0,0,0,0,7,0,false,false,0,330,0
ore_ont_5978,333,333,0,0,1,0,4,0,false,false,0,333,0
ore_ont_9928,333,333,0,0,1,0,3,0,false,false,0,333,0
ore_ont_6727,150,284,179,0,7,0,27,1,false,false,212,1272,212
ore_ont_9248,150,284,179,0,7,0,21,1,false,false,212,1272,212
ore_ont_12325,153,287,179,0,7,0,22,1,false,false,212,1287,212
ore_ont_3910,214,176,161,1,0,0,6,0,false,false,215,628,215
ore_ont_8902,156,292,176,0,7,0,34,1,false,false,209,1300,209
ore_ont_14818,156,292,181,0,7,0,39,1,false,false,214,1305,214
ore_ont_399,156,292,181,0,7,0,39,1,false,false,214,1305,214
ore_ont_5216,346,346,0,0,1,0,5,0,false,false,0,346,0
ore_ont_509,168,328,187,0,7,0,21,1,false,false,225,1423,225
ore_ont_11392,123,266,103,0,0,0,2,0,false,false,103,497,103
ore_ont_2703,187,367,179,0,7,0,27,1,false,false,228,1489,228
ore_ont_7108,187,367,179,0,7,0,29,1,false,false,228,1489,228
ore_ont_13584,117,340,34,0,6,14,4,0,false,false,432,890,432
ore_ont_1869,373,373,0,0,0,0,5,0,false,false,0,1026,0
ore_ont_5205,373,373,0,0,0,1,6,0,false,false,0,1026,0
ore_ont_8509,171,256,202,0,5,16,24,0,false,false,262,816,262
ore_ont_4035,382,382,0,0,2,0,4,0,false,false,0,382,0
ore_ont_12721,172,0,388,0,0,0,2,0,false,false,388,0,388
ore_ont_3781,391,391,0,0,0,0,63,1,false,false,0,391,0
ore_ont_7356,391,391,0,0,0,0,67,1,false,false,0,391,0
ore_ont_8502,392,392,0,0,0,0,5,0,false,false,0,392,0
ore_ont_11305,346,365,50,0,20,17,109,2,true,false,0,1617,204
ore_ont_13805,161,161,246,0,1,6,2,0,false,false,785,272,785
ore_ont_7668,161,161,246,0,1,6,3,1,false,false,785,272,785
ore_ont_13954,206,227,181,0,0,6,7,2,false,false,1090,696,1090
ore_ont_7818,157,377,247,0,0,96,13,0,false,false,279,640,279
ore_ont_13833,410,410,0,0,0,0,5,0,false,false,0,410,0
ore_ont_12916,202,365,208,0,7,0,29,1,false,false,359,1886,359
ore_ont_5509,417,417,0,0,0,0,3,0,false,false,0,417,0
ore_ont_16481,161,182,246,0,1,6,5,1,false,false,832,341,832
ore_ont_2182,161,182,246,0,1,6,5,1,false,false,785,272,785
ore_ont_6272,161,182,246,0,1,6,3,1,false,false,832,341,832
ore_ont_9690,204,440,0,0,0,0,3,0,false,false,0,575,0
ore_ont_16056,213,213,246,0,0,0,9,0,false,false,246,810,246
ore_ont_3566,185,257,266,0,3,1,5,65,false,false,12095,589,12095
ore_ont_3771,426,471,0,0,0,0,20,0,false,false,0,2826,0
ore_ont_1397,206,227,246,0,1,6,10,3,false,false,1193,696,1193
ore_ont_14334,206,227,246,0,1,6,7,3,false,false,1240,579,1240
ore_ont_2826,206,227,246,0,1,6,4,1,false,false,1240,696,1240
ore_ont_3010,206,227,246,0,1,6,4,1,false,false,832,663,832
ore_ont_3156,206,227,246,0,1,6,5,1,false,false,1240,696,1240
ore_ont_5834,206,227,246,0,1,6,5,1,false,false,1240,696,1240
ore_ont_8042,206,227,246,0,1,6,4,1,false,false,1240,696,1240
ore_ont_850,206,227,246,0,1,6,7,3,false,false,1240,696,1240
ore_ont_8786,206,227,246,0,1,6,8,3,false,false,1240,696,1240
ore_ont_14185,482,482,0,0,0,0,5,0,false,false,0,482,0
ore_ont_3411,244,315,192,0,0,7,3,0,false,false,231,760,231
ore_ont_11477,263,272,246,0,1,6,8,1,false,false,1240,848,1240
ore_ont_2303,537,537,0,0,1,0,4,0,false,false,0,537,0
ore_ont_8355,189,0,562,0,0,0,3,0,false,false,562,0,562
ore_ont_16425,573,575,0,0,0,0,7,0,false,false,0,575,0
ore_ont_7342,88,603,44,0,0,2,6,0,false,false,44,442,44
ore_ont_10503,67,276,532,0,0,0,12,0,false,false,532,123,532
ore_ont_7894,619,619,0,0,0,0,4,0,false,false,0,619,0
ore_ont_15612,620,620,0,0,3,0,74,1,false,false,0,620,0
ore_ont_3516,620,620,0,0,3,0,74,1,false,false,0,620,0
ore_ont_3726,222,323,380,0,4,10,4,2,false,false,1747,299,1747
ore_ont_7278,222,323,380,0,4,10,7,3,false,false,1747,299,1747
ore_ont_11282,653,653,0,1,2,0,251,5,false,false,0,0,0
ore_ont_9596,660,660,0,0,0,0,73,2,false,false,0,660,0
ore_ont_12270,206,421,247,0,0,0,15,1,false,false,539,2140,539
ore_ont_10906,171,318,413,0,0,0,7,0,true,false,0,316,710
ore_ont_13880,171,318,413,0,0,0,8,0,true,false,0,399,710
ore_ont_237,171,318,413,0,0,0,7,0,true,false,0,354,710
ore_ont_5206,171,318,413,0,0,0,4,0,true,false,0,354,710
ore_ont_5539,171,318,413,0,0,0,7,0,true,false,0,316,710
ore_ont_8280,171,318,413,0,0,0,4,0,true,false,0,354,710
ore_ont_8640,329,222,463,0,0,0,10,0,false,false,523,1316,523
ore_ont_13405,151,418,535,0,5,14,19,1,false,false,747,921,747
ore_ont_15687,634,714,0,0,17,127,757,11,false,false,0,1351,0
ore_ont_6923,418,1217,300,0,0,0,35,1,false,false,900,4432,900
ore_ont_11115,629,194,537,0,0,0,9,0,false,false,968,1783,968
ore_ont_1705,297,297,456,0,0,5,5,1,false,false,456,617,456
ore_ont_11694,282,293,461,4,0,0,4,1,false,false,1212,450,1212
ore_ont_11572,772,772,0,0,0,0,11,0,false,false,0,1707,0
ore_ont_8142,252,278,505,0,15,0,12,2,true,false,0,912,612
ore_ont_4198,323,1269,465,0,0,0,46,2,false,false,581,1098,581
ore_ont_13112,809,809,0,0,0,0,11,0,false,false,0,1962,0
ore_ont_6401,153,67,771,0,0,0,7,0,false,false,1303,1280,1303
ore_ont_9122,780,278,662,0,0,0,10,0,false,false,934,810,934
ore_ont_2604,448,698,527,0,7,0,31,2,false,false,1139,2870,1139
ore_ont_10776,983,983,0,0,1,0,8,0,false,false,0,983,0
ore_ont_7007,329,957,671,0,1,0,27,2,false,false,687,1068,687
ore_ont_7483,530,1026,0,0,0,0,16,0,false,false,0,2154,0
ore_ont_12097,1028,1028,0,0,0,0,22,0,false,false,0,1028,0
ore_ont_1211,1028,1028,0,0,0,0,17,0,false,false,0,1028,0
ore_ont_727,1028,1028,0,0,0,0,13,0,false,false,0,1028,0
ore_ont_11647,404,1526,285,0,1,36,73,11,false,false,285,769,285
ore_ont_8475,1283,1084,0,17,0,0,1701,34,false,false,0,1721,0
ore_ont_6822,570,592,507,0,4,37,36,3,false,false,972,1367,972
ore_ont_13413,1153,1153,0,0,3,0,16,0,false,false,0,1153,0
ore_ont_9053,1158,3404,0,0,18,0,69,0,false,false,0,0,0
ore_ont_14981,651,736,555,0,2,6,8,1,false,false,841,3239,841
ore_ont_12932,1224,1224,0,0,0,0,8,0,false,false,0,3403,0
ore_ont_8387,515,586,718,0,0,7,6,1,false,false,1283,1302,1283
ore_ont_14285,580,475,868,0,0,0,10,2,true,false,0,2649,2831
ore_ont_12892,1348,1348,0,1,0,0,9,0,false,false,0,1348,0
ore_ont_3344,1348,1348,0,0,1,0,10,0,false,false,0,1348,0
ore_ont_9251,1348,1348,0,0,0,0,14,0,false,false,0,1348,0
ore_ont_4961,185,185,1210,0,1,18,6,4,false,false,2219,392,2219
ore_ont_14878,1285,1362,40,0,5,0,38,4,false,false,765,9331,765
ore_ont_11636,1285,1362,46,0,5,0,43,5,false,false,858,9331,858
ore_ont_13851,1285,1362,47,0,5,0,56,4,false,false,823,9309,823
ore_ont_13857,1155,1397,201,0,8,0,74,6,false,false,2775,6553,2775
ore_ont_15184,1155,1389,201,0,8,0,73,6,false,false,2775,6553,2775
ore_ont_1091,1285,1362,52,0,5,0,44,4,false,false,897,9361,897
ore_ont_14183,1285,1362,52,0,5,0,43,4,false,false,897,9361,897
ore_ont_16017,1285,1366,52,0,5,0,44,4,false,false,897,9361,897
ore_ont_3214,1285,1362,52,0,5,0,41,4,false,false,897,9361,897
ore_ont_8668,1285,1362,52,0,5,0,44,4,false,false,897,9361,897
ore_ont_11289,1285,1370,54,0,5,0,43,4,false,false,899,9363,899
ore_ont_11948,1285,1370,54,0,5,0,43,4,false,false,899,9363,899
ore_ont_336,1290,1367,52,0,5,0,43,4,false,false,897,9392,897
ore_ont_14766,1285,1362,58,0,5,0,39,4,false,false,990,9361,990
ore_ont_6847,1285,1362,58,0,5,0,42,4,false,false,990,9361,990
ore_ont_10058,1285,1362,63,0,5,0,44,4,false,false,1072,9361,1072
ore_ont_14906,1285,1362,63,0,5,0,55,4,false,false,1072,9361,1072
ore_ont_4188,1285,1362,63,0,5,0,39,4,false,false,1072,9361,1072
ore_ont_4770,1285,1362,63,0,5,0,40,4,false,false,1072,9361,1072
ore_ont_5298,1285,1362,63,0,5,0,39,5,false,false,1072,9361,1072
ore_ont_5730,1285,1362,63,5,0,0,48,3,false,false,1052,8956,1052
ore_ont_6483,1285,1362,63,0,0,0,42,2,false,false,318,8857,318
ore_ont_6729,1285,1362,63,0,5,0,45,4,false,false,1072,9361,1072
ore_ont_7079,1285,1411,63,0,5,0,43,4,false,false,1072,9361,1072
ore_ont_3500,1285,1362,64,0,5,0,43,4,false,false,1002,9408,1002
ore_ont_5324,1428,1428,0,0,0,0,13,0,false,false,0,1428,0
ore_ont_5398,1285,1414,70,0,5,0,44,4,false,false,1002,9397,1002
ore_ont_770,1285,1414,70,0,5,0,42,5,false,false,1002,9397,1002
ore_ont_7944,1285,1414,70,0,5,0,43,5,false,false,1002,9397,1002
ore_ont_16822,1285,1414,71,0,5,0,38,4,false,false,1003,9397,1003
ore_ont_7537,1285,1414,71,0,5,0,41,5,false,false,1003,9397,1003
ore_ont_2783,1174,1408,205,0,8,0,92,6,false,false,2862,6663,2862
ore_ont_4092,1285,1362,76,0,5,0,53,6,false,false,1794,9361,1794
ore_ont_8844,1308,1381,62,5,0,0,48,3,false,false,982,9013,982
ore_ont_10672,1155,1392,237,0,8,0,73,6,false,false,2927,6553,2927
ore_ont_6815,1155,1389,237,0,8,0,73,6,false,false,2927,6553,2927
ore_ont_9558,1155,1389,237,0,8,0,75,6,false,false,2927,6553,2927
ore_ont_9758,1155,1389,237,0,8,0,72,7,false,false,2927,6553,2927
ore_ont_14237,1285,1362,88,0,5,0,44,5,false,false,1090,9468,1090
ore_ont_14593,1174,1408,236,0,8,0,72,7,false,false,2987,6663,2987
ore_ont_9382,1174,1408,236,0,8,0,76,6,false,false,2987,6663,2987
ore_ont_14331,1174,1408,238,0,8,0,69,6,false,false,2990,6663,2990
ore_ont_153,1174,1408,238,0,8,0,74,7,false,false,2990,6663,2990
ore_ont_2531,1174,1408,238,0,8,0,71,6,false,false,2990,6663,2990
ore_ont_7399,1174,1408,238,0,8,0,68,6,false,false,2990,6663,2990
ore_ont_6443,1303,1362,117,0,0,0,42,2,false,false,325,8857,325
ore_ont_5841,1466,1466,14,0,7,0,56,2,false,false,14,1474,14
ore_ont_6504,1285,1393,120,0,5,0,81,4,false,false,986,9361,986
ore_ont_14191,1303,1362,122,5,0,0,49,3,false,false,1132,8956,1132
ore_ont_10423,1193,1466,271,0,8,0,74,7,false,false,3090,6786,3090
ore_ont_891,1285,1399,215,0,5,0,39,5,false,false,1819,9361,1819
ore_ont_10892,1285,1448,219,0,5,0,45,5,false,false,1985,9361,1985
ore_ont_10026,398,315,1269,0,0,0,8,0,false,false,1380,1852,1380
ore_ont_7610,548,1161,1058,0,1,5,31,2,false,false,1078,1385,1078
ore_ont_1062,1285,1399,253,0,5,0,39,5,false,false,2083,9468,2083
ore_ont_4423,1285,1399,253,0,5,0,40,5,false,false,2083,9468,2083
ore_ont_14860,1372,5108,258,0,2,42,1756,291,false,false,304,2705,304
ore_ont_6354,1270,1211,417,0,0,0,56,2,false,false,1098,6483,1098
ore_ont_14353,456,0,1629,0,0,0,13,0,false,false,1629,0,1629
ore_ont_10481,1289,1230,418,8,0,0,54,5,false,false,3440,6690,3440
ore_ont_12152,1289,1230,418,8,0,0,44,5,false,false,3440,6690,3440
ore_ont_4780,1319,1362,292,5,0,0,46,4,false,false,3239,8956,3239
ore_ont_5664,1319,1362,292,5,0,0,45,4,false,false,3239,8956,3239
ore_ont_7084,1155,1419,447,0,8,0,81,8,false,false,4287,6525,4287
ore_ont_10588,1155,1419,455,0,8,0,72,8,false,false,4439,6543,4439
ore_ont_13150,1155,1419,457,0,8,0,68,8,false,false,4409,6553,4409
ore_ont_11564,1155,1419,458,0,8,0,70,8,false,false,4413,6553,4413
ore_ont_12884,1155,1419,458,0,8,0,75,8,false,false,4413,6553,4413
ore_ont_13941,1155,1427,458,0,8,0,73,8,false,false,4413,6553,4413
ore_ont_14255,1155,1411,458,0,8,0,75,8,false,false,4413,6553,4413
ore_ont_1517,1155,1419,458,0,8,0,71,8,false,false,4413,6553,4413
ore_ont_1539,1155,1397,458,0,8,0,76,8,false,false,4413,6553,4413
ore_ont_15450,1155,1419,458,0,8,0,69,8,false,false,4413,6553,4413
ore_ont_16565,1155,1419,458,0,8,0,68,8,false,false,4413,6553,4413
ore_ont_259,1155,1419,458,0,8,0,71,8,false,false,4413,6553,4413
ore_ont_2664,1155,1423,458,0,8,0,71,8,false,false,4413,6553,4413
ore_ont_4162,1155,1419,458,0,8,0,77,8,false,false,4413,6553,4413
ore_ont_4515,1155,1419,458,0,8,0,68,8,false,false,4413,6553,4413
ore_ont_7758,1155,1419,458,0,8,0,75,8,false,false,4413,6553,4413
ore_ont_8286,1155,1419,458,0,8,0,90,8,false,false,4413,6553,4413
ore_ont_8359,1155,1419,458,0,8,0,73,8,false,false,4413,6553,4413
ore_ont_8684,1155,1419,458,0,8,0,73,8,false,false,4413,6553,4413
ore_ont_2360,1157,1421,458,0,8,0,72,8,false,false,4413,6561,4413
ore_ont_6535,1157,1399,458,0,8,0,73,8,false,false,4413,6561,4413
ore_ont_6892,1157,1421,458,0,8,0,73,8,false,false,4413,6561,4413
ore_ont_4581,1162,1426,458,0,8,0,73,8,false,false,4413,6567,4413
ore_ont_4587,1352,1649,252,0,5,0,41,5,false,false,1947,10437,1947
ore_ont_10270,1171,1435,458,0,8,0,74,8,false,false,4413,6637,4413
ore_ont_14370,185,475,1210,1,0,0,12,4,false,false,4164,1318,4164
ore_ont_12474,1174,1430,459,0,8,0,73,8,false,false,4476,6663,4476
ore_ont_13679,1174,1438,459,0,8,0,72,8,false,false,4476,6663,4476
ore_ont_13776,1174,1438,459,0,8,0,74,8,false,false,4476,6663,4476
ore_ont_15352,1174,1438,459,0,8,0,73,8,false,false,4476,6663,4476
ore_ont_16617,1174,1438,459,0,8,0,79,8,false,false,4476,6663,4476
ore_ont_16738,1174,1438,459,0,8,0,69,8,false,false,4476,6663,4476
ore_ont_1870,1174,1437,459,0,8,0,75,8,false,false,4476,6663,4476
ore_ont_4263,1174,1438,459,0,8,0,68,8,false,false,4476,6663,4476
ore_ont_5543,1174,1438,459,0,8,0,72,8,false,false,4476,6663,4476
ore_ont_8171,1174,1438,459,0,8,0,76,8,false,false,4476,6663,4476
ore_ont_8326,1174,1416,459,0,8,0,75,8,false,false,4476,6663,4476
ore_ont_8431,1174,1437,459,0,8,0,81,8,false,false,4476,6663,4476
ore_ont_9037,1174,1438,459,0,8,0,74,8,false,false,4476,6663,4476
ore_ont_9186,1174,1438,459,0,8,0,72,8,false,false,4476,6665,4476
ore_ont_9972,1174,1438,459,0,8,0,72,8,false,false,4476,6663,4476
ore_ont_14294,1176,1440,459,0,8,0,80,8,false,false,4476,6671,4476
ore_ont_290,1188,1452,448,0,8,0,77,8,false,false,4415,6821,4415
ore_ont_7102,1176,1440,460,0,8,0,74,8,false,false,4415,6574,4415
ore_ont_14919,1185,1449,461,0,8,0,73,8,false,false,4333,6747,4333
ore_ont_4429,1200,1464,458,0,8,0,77,8,false,false,4388,6803,4388
ore_ont_8719,1198,1462,477,0,8,0,76,8,false,false,4623,6933,4623
ore_ont_3584,1198,1462,482,0,8,0,70,8,false,false,4546,6963,4546
ore_ont_11989,1155,1419,594,0,8,0,76,8,false,false,4566,6640,4566
ore_ont_12468,1155,1470,594,0,8,0,76,8,false,false,4566,6640,4566
ore_ont_14452,1155,1470,594,0,8,0,75,8,false,false,4566,6640,4566
ore_ont_2213,1251,1514,508,0,8,0,73,9,false,false,4785,7389,4785
ore_ont_12418,1174,1438,595,0,8,0,79,8,false,false,4629,6750,4629
ore_ont_15796,1174,1491,595,0,8,0,70,8,false,false,4629,6750,4629
ore_ont_16759,1265,1211,646,8,0,0,46,7,false,false,6135,6578,6135
ore_ont_16124,1270,1211,660,8,0,0,46,7,false,false,6148,6578,6148
ore_ont_260,1266,1211,660,8,0,0,40,7,false,false,6142,6578,6142
ore_ont_6452,1270,1211,668,8,0,0,40,7,false,false,6158,6578,6158
ore_ont_12043,1285,1230,661,8,0,0,47,7,false,false,6178,6690,6178
ore_ont_1469,1289,1230,669,8,0,0,41,7,false,false,6194,6690,6194
ore_ont_1533,1289,1230,669,8,0,0,52,7,false,false,6194,6690,6194
ore_ont_12219,1291,1232,669,8,0,0,45,7,false,false,6194,6698,6194
ore_ont_13178,1294,1235,669,8,0,0,45,7,false,false,6194,6717,6194
ore_ont_7479,1283,1218,688,8,0,0,47,7,false,false,6198,6641,6198
ore_ont_14367,1325,1759,543,0,8,0,77,9,false,false,4583,7828,4583
ore_ont_8688,1344,1778,544,0,8,0,76,9,false,false,4646,7938,4646
ore_ont_1965,1270,1211,804,8,0,0,44,7,false,false,6311,6578,6311
ore_ont_13474,2070,2070,0,0,1,0,25,3,false,false,0,9969,0
ore_ont_12372,2079,2079,0,0,0,0,19,0,false,false,0,2079,0
ore_ont_4363,1307,1230,858,8,0,0,41,7,false,false,6427,6690,6427
ore_ont_15475,1391,1302,787,8,0,0,46,7,false,false,6492,7042,6492
ore_ont_12965,2198,2198,0,0,0,0,19,0,false,false,0,2198,0
ore_ont_5078,2198,2198,0,0,0,0,23,0,false,false,0,2198,0
ore_ont_13336,1543,1400,924,0,0,0,39,3,false,false,2442,8208,2442
ore_ont_572,943,2327,948,0,14,0,187,40,false,false,2750,2627,2750
ore_ont_15741,2385,2385,0,0,1,0,23,0,false,false,0,2385,0
ore_ont_524,2385,2385,0,1,0,0,18,0,false,false,0,2385,0
ore_ont_3545,501,769,1650,0,2,5,23,4,false,false,3322,1631,3322
ore_ont_9947,2410,2469,0,0,0,0,28,0,false,false,0,2643,0
ore_ont_3916,797,2435,1679,0,1,0,114,8,true,false,0,2669,1799
ore_ont_507,2781,2781,0,0,0,0,29,0,false,false,0,2781,0
ore_ont_668,2466,11813,343,0,0,62,5328,191,false,false,741,8173,741
ore_ont_7778,2900,2900,0,0,1,0,27,0,false,false,0,2900,0
ore_ont_1117,3003,3003,0,0,1,0,34,1,false,false,0,5434,0
ore_ont_1672,1268,4316,1482,0,0,1,92,3,false,false,2105,5245,2105
ore_ont_15301,3520,3520,0,0,3,0,31,1,false,false,0,3520,0
ore_ont_11349,3550,3550,0,0,1,0,33,0,false,false,0,3550,0
ore_ont_7680,3608,3667,0,0,0,0,36,1,false,false,0,3841,0
ore_ont_7345,2221,6188,2937,0,0,9,616,3,false,false,3802,1083,3802
ore_ont_11626,3846,3846,0,0,1,0,36,1,false,false,0,3846,0
ore_ont_13991,4088,4088,0,0,0,466,65,0,false,false,0,0,0
ore_ont_10425,290,8517,3822,0,4,14,3894,1086,false,false,3847,870,3847
ore_ont_13837,1738,796,3318,1,0,0,22,4,false,false,3464,14764,3464
ore_ont_12801,4157,4157,0,0,19,1,36,1,false,false,0,4157,0
ore_ont_12836,939,1125,3233,0,0,78,30,5,false,false,3233,2740,3233
ore_ont_11126,297,15040,4066,0,2,0,6784,1559,false,false,4080,891,4080
ore_ont_7743,4405,4405,0,0,3,0,36,1,false,false,0,4405,0
ore_ont_8148,3067,3446,1734,0,12,16,83,15,false,false,4317,30556,4317
ore_ont_16286,4763,4763,14,0,7,0,952,20,false,false,14,4771,14
ore_ont_253,2390,4780,0,0,2,0,58,1,false,false,0,2390,0
ore_ont_14912,4843,4843,0,0,15,0,35,1,false,false,0,9686,0
ore_ont_5149,2907,2887,2118,0,0,0,24,1,false,false,2118,4166,2118
ore_ont_13052,4666,14858,407,0,0,20,4123,969,false,false,1883,27609,1883
ore_ont_8705,5088,5088,0,0,2,0,86,2,false,false,0,5088,0
ore_ont_11457,4912,5088,24,0,14,0,714,27,true,false,0,62198,152
ore_ont_13708,4912,5088,24,0,14,0,721,27,true,false,0,62198,152
ore_ont_16184,4912,5087,25,14,0,0,777,35,false,false,280,112614,280
ore_ont_3561,1804,3547,3543,0,0,0,127,12,false,false,4603,10439,4603
ore_ont_3839,5350,5350,0,0,0,0,71,1,false,false,0,5350,0
ore_ont_9257,5350,5350,0,0,0,0,75,1,false,false,0,5350,0
ore_ont_11635,5387,5387,0,0,5,0,38,2,false,false,0,5387,0
ore_ont_5550,5387,5387,0,5,0,0,38,1,false,false,0,5387,0
ore_ont_8940,5387,5387,0,0,5,0,36,2,false,false,0,5387,0
ore_ont_13078,2723,5446,0,0,2,0,46,1,false,false,0,2723,0
ore_ont_7188,2723,5446,0,0,2,0,46,1,false,false,0,2723,0
ore_ont_4567,3554,4077,1852,0,14,16,87,17,false,false,4634,35282,4634
ore_ont_928,5473,5473,0,19,0,0,38,1,false,false,0,5559,0
ore_ont_11131,5596,5596,0,0,0,0,50,1,false,false,0,5596,0
ore_ont_9303,2125,2745,3626,0,2,39,79,4,true,false,0,5300,3879
ore_ont_13124,5858,5858,0,0,1,0,66,2,false,false,0,5858,0
ore_ont_7203,5974,5974,0,0,2,1,85,3,false,false,0,5974,0
ore_ont_12000,6104,6104,0,0,1,0,78,2,false,false,0,6104,0
ore_ont_15013,6104,6104,0,1,0,0,73,1,false,false,0,6104,0
ore_ont_16547,6104,6104,0,0,1,0,61,2,false,false,0,6104,0
ore_ont_9249,1230,3883,2297,0,3,1,26,2,false,false,2297,2619,2297
ore_ont_13082,1617,2617,4845,0,0,1,511,106,false,false,5680,4554,5680
ore_ont_257,2871,5822,3995,0,0,6,204,6,false,false,4095,9664,4095
ore_ont_5241,6418,6418,0,0,3,0,38,1,false,false,0,6418,0
ore_ont_13230,2888,5823,4095,0,0,6,208,6,false,false,4195,9514,4195
ore_ont_15655,4807,13979,3244,0,0,29,8712,1147,false,false,3244,17069,3244
ore_ont_9800,6038,6666,671,0,3,0,97,6,false,false,687,17108,687
ore_ont_6146,6802,6802,0,0,5,0,47,2,false,false,0,6802,0
ore_ont_15363,6868,6868,0,2,0,0,71,2,false,false,0,6868,0
ore_ont_236,6868,6868,0,0,2,0,77,2,false,false,0,6868,0
ore_ont_16509,7055,7055,0,0,5,0,49,1,false,false,0,7055,0
ore_ont_7180,7178,7178,0,0,5,0,51,2,false,false,0,7178,0
ore_ont_10197,4297,9104,2971,0,0,0,162,9,false,false,6132,13380,6132
ore_ont_11411,4297,9104,2971,0,0,0,161,9,false,false,6132,13380,6132
ore_ont_11910,7568,7568,0,0,7,0,51,2,false,false,0,7568,0
ore_ont_13139,7568,7568,0,0,7,0,49,2,false,false,0,7568,0
ore_ont_15355,7568,7568,0,7,0,0,46,1,false,false,0,7568,0
ore_ont_5669,7568,7568,0,0,7,0,49,3,false,false,0,7568,0
ore_ont_644,7568,7568,0,0,7,0,48,3,false,false,0,7568,0
ore_ont_4182,6255,4157,3422,4,0,0,41,2,false,false,3422,4157,3422
ore_ont_1065,7686,7686,0,0,1,0,49,2,false,false,0,7686,0
ore_ont_1954,7860,7860,0,0,0,0,96,2,false,false,0,7860,0
ore_ont_15063,1605,7635,2982,0,0,30,219,10,false,false,10376,4897,10376
ore_ont_10991,7989,7989,0,0,0,0,58,2,false,false,0,7989,0
ore_ont_14286,7989,7989,0,0,0,0,62,2,false,false,0,7989,0
ore_ont_4260,7989,7989,0,0,0,0,59,2,false,false,0,7989,0
ore_ont_10608,8082,8082,0,0,0,0,72,2,false,false,0,8082,0
ore_ont_13460,8082,8082,0,0,1,0,65,2,false,false,0,8082,0
ore_ont_2848,8085,8085,0,3,0,0,83,2,false,false,0,8085,0
ore_ont_12191,5432,6315,2411,0,21,16,119,34,false,false,9997,44247,9997
ore_ont_15921,3307,1704,6530,0,0,0,37,7,false,false,6680,30788,6680
ore_ont_9896,8389,8389,0,0,2,0,62,2,false,false,0,8389,0
ore_ont_9386,2379,4984,4032,3,0,0,42,4,false,false,6044,4984,6044
ore_ont_14863,9048,9048,0,0,3,0,48,3,false,false,0,9048,0
ore_ont_7372,9161,9161,0,1,3,0,53,2,false,false,0,9161,0
ore_ont_10949,9486,9486,0,0,0,1111,83,0,false,false,0,0,0
ore_ont_11085,9486,9486,0,0,0,0,250,5,false,false,0,18971,0
ore_ont_8627,4236,1925,7825,1,0,0,41,9,false,false,7948,35710,7948
ore_ont_802,3764,3857,6106,0,3,19,52,5,false,false,6119,3897,6119
ore_ont_3562,9912,9912,0,0,3,0,131,5,false,false,0,9912,0
ore_ont_4938,9912,9912,0,3,0,0,148,3,false,false,0,9912,0
ore_ont_8989,3041,8191,6975,0,1,0,865,97,true,false,0,9889,7430
ore_ont_13690,10531,10531,0,0,3,0,138,5,false,false,0,10531,0
ore_ont_15680,4282,6385,6424,0,13,3,311,1195,false,false,242461,17048,242461
ore_ont_4609,4282,6385,6424,0,13,3,310,1185,false,false,242461,17048,242461
ore_ont_16750,2197,6728,4002,0,3,1,42,3,false,false,4002,4465,4002
ore_ont_7488,10772,10772,0,0,0,0,60,2,false,false,0,10772,0
ore_ont_950,2214,7198,3863,0,3,1,53,3,false,false,3863,4874,3863
ore_ont_8779,4354,2181,8827,0,0,0,44,10,false,false,9215,39641,9215
ore_ont_8882,4354,2181,8827,1,0,0,46,11,false,false,9299,39641,9299
ore_ont_7015,11106,11106,0,0,0,0,65,2,false,false,0,11106,0
ore_ont_16420,7684,9161,3155,0,27,21,177,72,false,false,27540,65484,27540
ore_ont_9577,7762,9279,3225,0,27,21,178,74,false,false,28207,67257,28207
ore_ont_6792,3532,3060,8878,0,0,0,69,19,false,false,10720,95872,10720
ore_ont_3241,11941,11941,0,1,3,0,64,4,false,false,0,11941,0
ore_ont_5368,6101,12202,6099,0,0,17,23585,5936,false,true,0,0,0
ore_ont_10384,12278,12278,0,0,1,0,94,4,false,false,0,12278,0
ore_ont_10992,12278,12278,0,1,0,0,87,3,false,false,0,12278,0
ore_ont_1112,12442,12442,0,0,4,0,100,3,false,false,0,12442,0
ore_ont_5492,12442,12442,0,0,4,0,83,3,false,false,0,12442,0
ore_ont_12665,12450,12450,0,0,4,0,83,3,false,false,0,12450,0
ore_ont_4127,12674,12674,0,4,0,0,101,3,false,false,0,12674,0
ore_ont_4639,12674,12674,0,2,2,0,108,4,false,false,0,12674,0
ore_ont_6234,12917,12917,0,7,5,0,93,4,false,false,0,12917,0
ore_ont_5721,5574,1009,12049,4,0,0,51,23,false,false,22914,12377,22914
ore_ont_16105,13177,13177,0,0,0,0,99,3,false,false,0,13177,0
ore_ont_13919,14067,14067,0,0,1,0,79,3,false,false,0,14067,0
ore_ont_16453,14069,14069,0,0,1,0,75,3,false,false,0,14069,0
ore_ont_22,14635,14635,0,0,3,0,90,4,false,false,0,14635,0
ore_ont_13430,14780,14780,0,0,4,0,76,4,false,false,0,14780,0
ore_ont_14258,14780,14780,0,0,4,0,95,4,false,false,0,14780,0
ore_ont_15871,3347,6755,8168,0,0,4,62,10,false,false,8204,6948,8204
ore_ont_12284,15267,15267,0,0,0,0,145,5,false,false,0,15267,0
ore_ont_7401,15412,15412,0,1,2,0,316,4,false,false,0,0,0
ore_ont_1743,15660,15660,0,0,0,0,139,5,false,false,0,15660,0
ore_ont_2719,15660,15660,0,0,0,0,148,5,false,false,0,15660,0
ore_ont_12182,2547,12547,15883,0,0,0,1189,8,false,false,18230,4363,18230
ore_ont_1833,9903,31476,10865,0,0,0,18352,4478,false,false,10865,37657,10865
ore_ont_1330,22079,22079,0,11,0,0,210,7,false,false,0,22079,0
ore_ont_14223,22079,22079,0,0,0,0,194,7,false,false,0,22079,0
ore_ont_239,22079,22079,0,8,3,0,204,10,false,false,0,22079,0
ore_ont_9739,22079,22079,0,8,3,0,206,11,false,false,0,22079,0
ore_ont_11426,23122,23122,0,11,0,0,202,7,false,false,0,23122,0
ore_ont_7174,23122,23122,0,8,3,0,226,10,false,false,0,23122,0
ore_ont_8441,23122,23122,0,8,3,0,221,11,false,false,0,23122,0
ore_ont_13526,5933,12048,18284,0,1,1,318,22,false,false,28103,39887,28103
ore_ont_10391,5935,12057,18290,0,1,1,312,22,false,false,28109,39909,28109
ore_ont_7226,9053,2099,22280,2,0,0,92,42,false,false,46208,23779,46208
ore_ont_4775,5183,16409,9556,0,3,1,107,8,false,false,9556,11065,9556
ore_ont_13684,26146,26146,0,5,0,0,363,9,false,false,0,26146,0
ore_ont_14380,26146,26146,0,0,5,2,281,9,false,false,0,26146,0
ore_ont_7706,26987,26987,0,1,4,0,242,12,false,false,0,26987,0
ore_ont_12792,27127,27127,0,1,4,0,233,12,false,false,0,27127,0
ore_ont_12992,27127,27127,0,5,0,0,238,7,false,false,0,27127,0
ore_ont_1767,28941,28941,0,0,4,0,152,8,false,false,0,28941,0
ore_ont_13233,24910,19201,10462,55,0,0,217,133,false,false,87325,103569,87325
ore_ont_9694,12573,28636,8945,0,0,0,789,32,false,false,18080,50519,18080
ore_ont_16853,11060,27659,13102,0,0,0,1819,12,false,false,13102,12109,13102
ore_ont_3255,6807,21802,12485,0,3,1,143,11,false,false,12485,14857,12485
ore_ont_11053,34875,34959,0,0,0,0,685,2,false,false,0,0,0
ore_ont_9347,13356,32516,22931,0,2,2,5360,25,false,false,24937,39407,24937
ore_ont_12452,36303,36303,0,1,0,0,219,10,false,false,0,36303,0
ore_ont_8377,36303,36303,0,0,1,0,231,10,false,false,0,36303,0
ore_ont_4049,11758,28585,14145,0,0,0,368,16,false,false,14145,28133,14145
ore_ont_4141,ERR124,,,,,,,,,,,,
ore_ont_6444,8332,26984,15893,0,3,1,176,14,false,false,15893,18532,15893
ore_ont_1123,43899,43899,0,0,24,68,729,22,false,false,0,43900,0
ore_ont_955,46225,46225,0,0,2,0,1355,33,false,false,0,46225,0
ore_ont_11459,47114,47114,0,1,0,0,1373,37,false,false,0,47114,0
ore_ont_13423,47114,47114,0,1,0,0,1362,36,false,false,0,47114,0
ore_ont_3100,47114,47114,0,1,0,0,1346,35,false,false,0,47114,0
ore_ont_3733,48064,48064,0,0,4,1,1407,39,false,false,0,48075,0
ore_ont_14909,31274,13356,42091,2,0,0,217,30,false,false,44097,47379,44097
ore_ont_7389,15078,32241,27746,3,0,0,259,36,false,false,42872,32241,42872
ore_ont_5544,17941,17941,47248,0,0,16,265,61,false,false,47248,25592,47248
ore_ont_7607,33414,59650,17076,0,0,0,3187,28,false,false,21652,100080,21652
ore_ont_9809,66977,66977,0,0,0,0,2152,44,false,false,0,0,0
ore_ont_8723,58273,32935,37222,55,0,0,481,571,false,false,373731,223274,373731
ore_ont_16511,22122,22122,49079,0,2,4,419,188,false,false,109357,45256,109357
ore_ont_9027,33505,0,73708,0,2,18,2023,74,false,false,73708,0,73708
ore_ont_11597,73951,73951,0,0,0,0,415,22,false,false,0,73951,0
ore_ont_13359,73951,73951,0,0,0,0,437,27,false,false,0,73951,0
ore_ont_16703,73951,73951,0,0,0,0,418,22,false,false,0,73951,0
ore_ont_5193,73951,73951,0,0,0,0,393,20,false,false,0,73951,0
ore_ont_1115,74124,74124,0,0,1,0,423,22,false,false,0,74124,0
ore_ont_20,22175,44332,56875,3,0,15,38239,144,false,false,101720,23572,101720
ore_ont_13136,79149,79149,0,9,8,0,511,41,false,false,0,79149,0
ore_ont_14012,79149,79149,0,9,8,0,506,39,false,false,0,79149,0
ore_ont_1634,79149,79149,0,9,8,0,512,40,false,false,0,79149,0
ore_ont_3737,81052,81052,0,0,1,0,632,34,false,false,0,81052,0
ore_ont_6120,81052,81052,0,1,0,0,603,24,false,false,0,81052,0
ore_ont_8432,83060,83060,0,1,2,0,472,24,false,false,0,83060,0
ore_ont_15237,15680,53468,29846,0,3,1,357,29,false,false,29846,37655,29846
ore_ont_7416,83567,83567,0,0,22,1,680,44,false,false,0,83567,0
ore_ont_1966,84424,84424,0,0,17,0,696,34,false,false,0,84424,0
ore_ont_12522,21399,45419,39756,3,0,0,379,50,false,false,62394,45419,62394
ore_ont_6108,86099,86099,0,0,21,1,705,46,false,false,0,86099,0
ore_ont_2291,86146,86146,0,0,0,0,792,29,false,false,0,86146,0
ore_ont_15372,33238,63214,52967,0,0,0,886,120,false,false,150384,143076,150384
ore_ont_14351,6942,40116,80067,0,18,17,27142,284,false,false,226922,15447,226922
ore_ont_5253,88955,88955,0,0,23,1,594,33,false,false,0,88955,0
ore_ont_7803,89323,89323,0,0,21,1,732,49,false,false,0,89323,0
ore_ont_15557,89798,89798,0,0,0,0,840,30,false,false,0,89798,0
ore_ont_8445,ERR124,,,,,,,,,,,,
ore_ont_6816,102970,102970,0,3,0,0,773,30,false,false,0,102970,0
ore_ont_10965,108314,108314,0,5,2,0,652,37,false,false,0,108314,0
ore_ont_1840,108314,108314,0,5,2,0,665,37,false,false,0,108314,0
ore_ont_9046,108314,108314,0,7,0,0,602,26,false,false,0,108314,0
ore_ont_11287,7524,43883,103755,0,18,17,42683,320,false,false,296498,15560,296498
ore_ont_14601,22174,72741,42341,0,3,1,550,43,false,false,42341,50267,42341
ore_ont_16767,27374,67088,51331,3,0,0,564,74,false,false,80813,67088,80813
ore_ont_773,128056,128056,0,0,1,0,741,41,false,false,0,128056,0
ore_ont_4242,32075,73617,61061,3,0,0,627,89,false,false,95653,73617,95653
ore_ont_1043,137569,137569,0,6,0,0,929,47,false,false,0,137569,0
ore_ont_4166,139447,139447,0,0,0,0,750,45,false,false,0,139447,0
ore_ont_14154,27024,89865,51717,0,3,1,655,52,false,false,51717,62488,51717
ore_ont_8858,143388,143388,0,2,0,0,781,45,false,false,0,143388,0
ore_ont_11827,144897,144897,0,7,0,0,1011,51,false,false,0,144897,0
ore_ont_14355,144897,144897,0,0,0,0,1025,47,false,false,0,144897,0
ore_ont_15133,144897,144897,0,7,0,0,1013,47,false,false,0,144897,0
ore_ont_2415,145095,145095,0,15,22,1,1097,103,false,false,0,145095,0
ore_ont_6627,148736,148736,0,33,40,1,1486,109,false,false,0,148736,0
ore_ont_4410,6033,15376,147118,0,2,17,1717,144,false,false,147119,6033,147119
ore_ont_7496,155169,155169,0,0,0,0,1038,48,false,false,0,155169,0
ore_ont_10136,157995,157995,0,15,22,1,1310,111,false,false,0,157995,0
ore_ont_16235,163136,163136,0,0,1,0,1329,115,false,false,0,163136,0
ore_ont_3696,163648,163648,0,0,0,0,1210,50,false,false,0,163648,0
ore_ont_4233,163648,163648,0,0,0,0,1303,56,false,false,0,163648,0
ore_ont_15621,32029,105646,61009,0,3,1,764,65,false,false,61009,73332,61009
ore_ont_1886,86475,167381,0,0,51,0,1014,355,false,false,0,1412825,0
ore_ont_6833,36739,99550,70223,0,0,0,766,106,false,false,112379,99550,112379
ore_ont_5295,112691,90809,80434,55,0,0,1452,1408,false,false,753330,481831,753330
ore_ont_8787,180242,180242,0,0,0,0,1046,53,false,false,0,180242,0
ore_ont_5358,180400,180400,0,1,2,0,1475,100,false,false,0,180400,0
ore_ont_6948,182784,182784,0,0,0,0,7508,157,false,false,0,0,0
ore_ont_1182,36083,135633,69546,0,3,1,920,77,false,false,69546,98968,69546
ore_ont_10568,117925,115622,99820,33,22,2,4262,5270,false,true,0,511158,3234618
ore_ont_12128,220948,220948,0,1,9,2,5573,273,false,false,0,220948,0
ore_ont_12567,220948,220948,0,10,0,0,7287,162,false,false,0,220948,0
ore_ont_5769,52221,122054,100158,3,0,0,971,160,false,false,155930,122054,155930
ore_ont_13591,112320,32990,190149,0,0,0,1032,144,false,false,190149,205618,190149
ore_ont_5596,112320,32990,190149,1,0,0,1032,273,false,false,206638,205618,206638
ore_ont_6835,60938,133962,115581,3,0,0,1191,195,false,false,181609,133962,181609
ore_ont_4577,60198,135846,118232,0,0,0,1278,206,false,false,189112,135846,189112
ore_ont_1821,62827,140151,119672,3,0,0,1285,209,false,false,189980,140151,189980
ore_ont_5218,264461,264461,0,13,25,0,2975,323,false,false,0,264461,0
ore_ont_751,266084,266084,0,0,0,0,1876,109,false,false,0,266084,0
ore_ont_9767,266084,266084,0,5,2,0,2022,219,false,false,0,266084,0
ore_ont_5418,266101,266101,0,5,2,0,2018,219,false,false,0,266101,0
ore_ont_13106,61567,153097,116119,3,0,0,1320,203,false,false,182493,153097,182493
ore_ont_4598,277427,277427,0,6,5,0,2110,236,false,false,0,277427,0
ore_ont_8194,318292,318292,0,0,23,1,2190,163,false,false,0,318292,0
ore_ont_2513,62677,202828,119466,0,3,1,1580,143,false,false,119466,139741,119466
ore_ont_11037,325220,325220,0,0,23,1,2407,269,false,false,0,325220,0
ore_ont_11899,325293,325293,0,5,3,0,2369,312,false,false,0,325293,0
ore_ont_2574,124592,217033,123608,33,22,2,4200,5895,false,true,0,785232,3516238
ore_ont_2111,356154,356154,0,0,24,1,2979,291,false,false,0,356154,0
ore_ont_3133,71148,238899,135227,0,3,1,1828,168,false,false,135227,167220,135227
ore_ont_11464,454279,454279,0,0,0,0,2933,178,false,false,0,454279,0
ore_ont_16414,86947,294971,166158,0,3,1,2431,211,false,false,166158,207503,166158
ore_ont_14308,470571,470571,0,0,2,0,3423,248,false,false,0,470571,0
ore_ont_5475,470571,470571,0,0,0,0,3198,240,false,false,0,470571,0
ore_ont_7578,470571,470571,0,2,0,0,3198,225,false,false,0,470571,0
ore_ont_10380,481898,481898,0,1,6,0,3547,421,false,false,0,481898,0
ore_ont_2486,481898,481898,0,7,0,0,3566,234,false,false,0,481898,0
ore_ont_13846,491054,491054,0,10,27,1,3662,430,false,false,0,491054,0
ore_ont_4412,633838,633838,0,16,27,1,4865,582,false,false,0,633838,0
ore_ont_16457,123515,420495,237620,33,15,2,3508,1417,false,false,552693,296766,552693
ore_ont_12351,747998,747998,0,13,0,0,5619,376,false,false,0,747998,0
family,508,521,1337,31,7,9,32,2585,true,false,0,1455,267112
